법정동시군구코드,법정동읍면동코드,법정동지번코드,법정동본번코드,법정동부번코드,도로명,도로명시군구코드,도로명코드,도로명일련번호코드,도로명지상지하코드,도로명건물본번호코드,도로명건물부번호코드,법정동,단지명,지번,전용면적,계약년도,계약월,계약일,거래금액,층,건축년도,단지일련번호,해제여부,해제사유발생일,거래유형,중개사소재지,등기일자,아파트동명,매도자,매수자,토지임대부아파트여부
41135,10500,1,0087,0000,중앙공원로,41135,3180049,01,0,00053,00000,서현동,시범삼성,87,192.15,2025,6,12,265000,27,1991,41135-98,None,None,중개거래,경기 성남시 분당구,26.01.09,111,개인,개인,N
41135,11400,1,0212,0000,미금로22번길,41135,4340093,01,0,00010,00000,구미동,무지개(12단지)(주공),212,49.67,2025,6,11,61200,12,1995,41135-187,None,None,중개거래,"경기 성남시 분당구, 서울 강남구",25.11.20,1208,개인,개인,N
41135,10700,1,0536,0000,야탑로,41135,3180041,01,0,00020,00000,야탑동,탑마을(선경)1,536,51.84,2025,6,7,92000,6,1992,41135-145,None,None,중개거래,경기 성남시 분당구,25.12.22,115,개인,개인,N
41135,11000,1,0608,0000,판교백현로,41135,3352601,02,0,00038,00000,백현동,THESHARP판교퍼스트파크,608,114.5609,2025,6,25,163000,6,2021,41135-594,None,None,중개거래,경기 성남시 분당구,25.12.16,102동,개인,개인,N
41135,10300,1,0006,0000,정자일로,41135,3180021,01,0,00248,00000,정자동,파크뷰,6,139.717,2025,6,9,265000,9,2004,41135-250,None,None,중개거래,경기 성남시 분당구,26.01.30,602,개인,개인,N
41135,11400,1,0077,0000,미금로,41135,3180016,02,0,00184,00000,구미동,까치마을(1단지)(대우롯데선경),77,70.66,2025,6,3,125000,15,1995,41135-232,None,None,중개거래,경기 성남시 분당구,25.10.21,109,개인,개인,N
41135,10300,1,0028,0001,성남대로,41135,2000005,02,0,00449,00000,정자동,로얄팰리스,28-1,137.76,2025,6,20,195000,25,2003,41135-70,None,None,중개거래,경기 성남시 분당구,25.12.10,에이동,개인,개인,N
41135,10300,1,0121,0000,내정로,41135,3180003,02,0,00055,00000,정자동,상록마을(우성)1,121,162.57,2025,6,9,235000,10,1994,41135-60,None,None,중개거래,경기 성남시 분당구,25.10.15,314,개인,개인,N
41135,11100,1,0141,0000,미금로,41135,3180016,01,0,00215,00000,금곡동,청솔마을(대원),141,129.45,2025,6,4,160000,12,1994,41135-152,None,None,중개거래,경기 성남시 분당구,25.09.30,808,개인,개인,N
41135,10300,1,0180,0000,정자일로,41135,3180021,01,0,00100,00000,정자동,미켈란쉐르빌,180,194.81,2025,6,24,268000,9,2003,41135-241,None,None,중개거래,경기 성남시 분당구,25.11.28,C,개인,개인,N
41135,10200,1,0073,0000,수내로,41135,3180039,02,0,00206,00000,수내동,푸른마을(신성),73,59.78,2025,6,16,109500,3,1992,41135-79,None,None,중개거래,경기 성남시 분당구,25.09.30,311,개인,개인,N
41135,11000,1,0545,0000,동판교로,41135,3178016,02,0,00122,00000,백현동,백현마을2단지,545,84.82,2025,6,4,195000,2,2009,41135-473,None,None,중개거래,"경기 성남시 분당구, 서울 강남구",25.09.23,207,개인,개인,N
41135,11500,1,0958,0000,산운로,41135,3180031,01,0,00126,00000,운중동,산운마을9단지(대방노블랜드),958,84.99,2025,6,16,157000,17,2008,41135-435,None,None,중개거래,경기 성남시 분당구,25.09.23,901,개인,개인,N
41135,11100,1,0181,0000,정자일로,41135,3180021,02,0,00072,00000,금곡동,청솔마을(한라),181,58.8,2025,6,3,114400,8,1995,41135-159,None,None,중개거래,경기 성남시 분당구,25.09.23,302,개인,개인,N
41135,10700,1,0205,0000,양현로,41135,3180042,03,0,00537,00000,야탑동,매화마을(주공3),205,41.85,2025,6,26,54000,14,1993,41135-117,None,None,중개거래,경기 성남시 분당구,25.09.30,315,개인,개인,N
41135,10200,1,0052,0000,수내로,41135,3180039,02,0,00148,00000,수내동,파크타운(서안),52,131.49,2025,6,12,203000,3,1993,41135-77,None,None,중개거래,경기 성남시 분당구,25.11.07,109,개인,개인,N
41135,11500,1,0916,0000,판교원로82번길,41135,4340480,01,0,00060,00000,운중동,산운마을14단지(경남아너스빌),916,115.44,2025,6,16,153500,7,2009,41135-456,None,None,중개거래,경기 성남시 분당구,25.10.31,1402,개인,개인,N
41135,11100,1,0133,0000,미금로,41135,3180016,01,0,00216,00000,금곡동,청솔마을(주공9단지),133,36.54,2025,6,25,69000,11,1995,41135-158,None,None,중개거래,경기 성남시 분당구,25.09.12,902,개인,개인,N
41135,10500,1,0092,0000,중앙공원로,41135,3180049,01,0,00020,00000,서현동,시범현대,92,129.73,2025,6,11,217000,6,1991,41135-99,None,None,중개거래,경기 성남시 분당구,25.09.15,421,개인,개인,N
41135,10800,1,0513,0000,서판교로,41135,3180044,01,0,00147,00000,판교동,판교원마을11단지(힐스테이트),513,101.76,2025,6,13,160000,7,2009,41135-448,None,None,중개거래,경기 성남시 분당구,25.10.31,1112,개인,개인,N
41135,11400,1,0066,0000,미금로,41135,3180016,02,0,00177,00000,구미동,까치마을(3단지)(신원),66,130.83,2025,6,12,164000,1,1995,41135-165,None,None,중개거래,경기 성남시 분당구,25.11.18,312,개인,개인,N
41135,10700,1,0334,0000,장미로,41135,3180048,01,0,00101,00000,야탑동,장미마을(현대),334,84.97,2025,6,21,119000,8,1993,41135-139,None,None,중개거래,경기 성남시 분당구,25.10.30,834,개인,개인,N
41135,10700,1,0330,0000,장미로,41135,3180048,01,0,00055,00000,야탑동,장미마을(동부),330,131.73,2025,6,21,154500,8,1993,41135-137,None,None,중개거래,경기 성남시 분당구,25.10.31,111,개인,개인,N
41135,11400,1,0212,0000,미금로22번길,41135,4340093,01,0,00010,00000,구미동,무지개(12단지)(주공),212,59.98,2025,6,24,66000,1,1995,41135-187,None,None,중개거래,경기 성남시 분당구,25.10.28,1207,개인,개인,N
41135,11500,1,0988,0000,산운로,41135,3180031,01,0,00121,00000,운중동,산운마을6단지(신동아파밀리에),988,101.06,2025,6,6,186000,10,2009,41135-467,None,None,중개거래,경기 성남시 분당구,25.10.30,608,개인,개인,N
41135,10300,1,0006,0000,정자일로,41135,3180021,01,0,00248,00000,정자동,파크뷰,6,139.68,2025,6,11,280000,25,2004,41135-250,None,None,중개거래,경기 성남시 분당구,25.09.30,606,개인,개인,N
41135,10100,1,0066,0000,장안로51번길,41135,4340382,01,0,00031,00000,분당동,장안타운(건영),66,53.72,2025,6,19,78000,7,1993,41135-32,None,None,중개거래,경기 성남시 분당구,25.09.04,102,개인,개인,N
41135,11400,1,0066,0000,미금로,41135,3180016,02,0,00177,00000,구미동,까치마을(3단지)(신원),66,101.86,2025,6,7,162000,10,1995,41135-165,None,None,중개거래,경기 성남시 분당구,25.10.02,304,개인,개인,N
41135,10600,1,0143,0000,이매로,41135,3180047,01,0,00016,00000,이매동,아름마을(효성),143,101.76,2025,6,15,178000,7,1994,41135-88,None,None,중개거래,"경기 성남시 분당구, 경기 안양시 동안구",25.09.05,704,개인,개인,N
41135,10900,1,0705,0000,동판교로,41135,3178016,01,0,00275,00000,삼평동,봇들마을1단지(판교신미주),705,82.794,2025,6,22,158000,4,2009,41135-440,None,None,중개거래,경기 성남시 분당구,25.09.01,116,개인,개인,N
41135,10600,1,0100,0000,양현로,41135,3180042,02,0,00192,00000,이매동,이매촌(삼성),100,84.94,2025,6,16,139500,3,1994,41135-92,None,None,중개거래,경기 성남시 분당구,25.08.29,1025,개인,개인,N
41135,10700,1,0330,0000,장미로,41135,3180048,01,0,00055,00000,야탑동,장미마을(동부),330,70.56,2025,6,3,107000,10,1993,41135-137,None,None,중개거래,경기 성남시 분당구,25.08.29,139,개인,개인,N
41135,10300,1,0012,0003,정자일로213번길,41135,4340130,01,0,00010,00000,정자동,성원상떼뷰101동,12-3,144.56,2025,6,13,198000,13,2004,41135-267,None,None,중개거래,경기 성남시 분당구,25.09.05,101,개인,개인,N
41135,10100,1,0038,0000,수내로,41135,3180039,01,0,00181,00000,분당동,샛별마을(우방),38,133.86,2025,6,25,189000,7,1994,41135-21,None,None,중개거래,"경기 성남시 분당구, 경기 성남시 수정구",25.10.28,308,개인,개인,N
41135,10900,1,0718,0000,동판교로,41135,3178016,01,0,00226,00000,삼평동,봇들마을4단지(주공),718,74.45,2025,6,4,158000,17,2009,41135-454,None,None,중개거래,경기 성남시 분당구,25.09.30,407,개인,개인,N
41135,10900,1,0741,0000,대왕판교로606번길,41135,4340053,01,0,00058,00000,삼평동,판교푸르지오월드마크,741,127.6,2025,6,9,259000,13,2013,41135-511,None,None,중개거래,경기 성남시 분당구,25.08.27,2동,개인,개인,N
41135,10300,1,0174,0001,정자일로,41135,3180021,01,0,00121,00000,정자동,분당더샾스타파크,174-1,117.2333,2025,6,27,175000,4,2007,41135-422,None,None,중개거래,경기 성남시 분당구,25.10.15,102,개인,개인,N
41135,10700,1,0525,0000,판교로,41135,3180051,02,0,00519,00000,야탑동,탑마을(경남)1,525,134.79,2025,6,26,135900,11,1994,41135-140,None,None,중개거래,경기 성남시 분당구,25.09.01,716,개인,개인,N
41135,10100,1,0034,0000,분당로,41135,3180026,01,0,00190,00000,분당동,샛별마을(라이프),34,85.0,2025,6,23,147000,7,1992,41135-19,None,None,중개거래,경기 성남시 분당구,25.10.29,110,개인,개인,N
41135,10100,1,0066,0000,장안로51번길,41135,4340382,01,0,00011,00000,분당동,장안타운(건영),66,53.72,2025,6,5,71000,9,1993,41135-32,None,None,중개거래,경기 성남시 분당구,25.09.30,108,개인,개인,N
41135,10800,1,0629,0000,판교로,41135,3180051,03,0,00020,00000,판교동,판교원마을3단지(푸르지오),629,84.51,2025,6,30,162000,16,2009,41135-460,None,None,중개거래,경기 성남시 분당구,25.10.20,302,개인,개인,N
41135,10200,1,0052,0000,수내로,41135,3180039,02,0,00148,00000,수내동,파크타운(서안),52,184.78,2025,6,10,220000,8,1993,41135-77,None,None,중개거래,경기 성남시 분당구,25.08.14,114,개인,개인,N
41135,11500,1,0918,0000,판교원로82번길,41135,4340480,01,0,00030,00000,운중동,산운마을13단지(태영),918,101.67,2025,6,21,152000,9,2010,41135-477,None,None,중개거래,경기 성남시 분당구,25.09.22,1312,개인,개인,N
41135,11400,1,0202,0000,구미로,41135,3180001,01,0,00050,00000,구미동,무지개(2단지)(엘지),202,134.94,2025,6,9,135000,8,1995,41135-185,None,None,중개거래,"경기 성남시 분당구, 경기 용인시 수지구",25.09.05,201,개인,개인,N
41135,10300,1,0198,0000,불정로,41135,3180030,03,0,00179,00000,정자동,정든마을(2단지)(동아),198,48.84,2025,6,23,78000,15,1995,41135-62,None,None,중개거래,경기 성남시 분당구,25.10.13,201,개인,개인,N
41135,11500,1,0989,0000,산운로,41135,3180031,01,0,00097,00000,운중동,산운마을5단지(한성필하우스),989,84.8055,2025,6,15,135000,1,2009,41135-438,None,None,중개거래,경기 성남시 분당구,25.09.24,505,개인,개인,N
41135,11100,1,0125,0000,금곡로,41135,3180054,02,0,00263,00000,금곡동,청솔마을(공무원),125,58.19,2025,6,23,91000,5,1994,41135-151,None,None,중개거래,경기 성남시 분당구,25.09.29,505,개인,개인,N
41135,10200,1,0071,0000,수내로,41135,3180039,02,0,00206,00000,수내동,푸른마을(벽산),71,139.68,2025,6,16,190000,15,1992,41135-78,None,None,중개거래,경기 성남시 분당구,25.10.31,302,개인,개인,N
41135,10300,1,0011,0000,정자일로213번길,41135,4340130,01,0,00005,00000,정자동,현대I-PARK3,11,84.92,2025,6,25,175000,7,2003,41135-240,None,None,중개거래,경기 성남시 분당구,25.10.01,301,개인,개인,N
41135,10800,1,0629,0000,판교로,41135,3180051,03,0,00020,00000,판교동,판교원마을3단지(푸르지오),629,84.51,2025,6,2,153000,27,2009,41135-460,None,None,중개거래,경기 성남시 분당구,None,None,개인,개인,N
41135,10900,1,0722,0000,동판교로,41135,3178016,01,0,00225,00000,삼평동,봇들마을3단지(주공),722,59.84,2025,6,21,145000,3,2009,41135-452,None,None,중개거래,경기 성남시 분당구,25.09.05,305,개인,개인,N
41135,11400,1,0077,0000,미금로,41135,3180016,02,0,00184,00000,구미동,까치마을(1단지)(대우롯데선경),77,84.79,2025,6,7,145000,6,1995,41135-232,None,None,중개거래,경기 성남시 분당구,25.09.15,113,개인,개인,N
41135,10500,1,0091,0000,중앙공원로,41135,3180049,01,0,00017,00000,서현동,시범한양,91,35.1,2025,6,27,79000,1,1991,41135-103,None,None,중개거래,경기 성남시 분당구,25.07.30,333,개인,개인,N
41135,10500,1,0292,0000,불정로,41135,3180030,04,0,00397,00000,서현동,효자촌(임광),292,84.99,2025,6,4,134000,14,1992,41135-110,None,None,중개거래,경기 성남시 분당구,25.09.24,301,개인,개인,N
41135,10500,1,0091,0000,중앙공원로,41135,3180049,01,0,00017,00000,서현동,시범한양,91,35.1,2025,6,27,85000,4,1991,41135-103,None,None,중개거래,경기 성남시 분당구,25.07.28,328,개인,개인,N
41135,10700,1,0510,0000,양현로,41135,3180042,03,0,00272,00000,야탑동,탑마을(경향),510,131.4,2025,6,22,154000,4,1993,41135-141,None,None,중개거래,경기 성남시 분당구,25.10.16,310,개인,개인,N
41135,11400,1,0202,0000,구미로,41135,3180001,01,0,00050,00000,구미동,무지개(2단지)(엘지),202,49.83,2025,6,19,74000,7,1995,41135-185,None,None,중개거래,경기 성남시 분당구,25.09.30,211,개인,개인,N
41135,10200,1,0024,0000,내정로165번길,41135,4340034,01,0,00035,00000,수내동,양지마을(5단지)(한양501-514),24,28.16,2025,6,16,63800,2,1992,41135-73,None,None,중개거래,경기 성남시 분당구,25.08.25,514,개인,개인,N
41135,10300,1,0121,0000,내정로,41135,3180003,02,0,00055,00000,정자동,상록마을(우성)1,121,129.72,2025,6,27,175000,1,1994,41135-60,None,None,직거래,None,25.09.16,302,개인,개인,N
41135,10600,1,0143,0000,이매로,41135,3180047,01,0,00016,00000,이매동,아름마을(효성),143,130.35,2025,6,25,201000,20,1994,41135-88,None,None,중개거래,경기 성남시 분당구,25.09.26,701,개인,개인,N
41135,10700,1,0334,0000,장미로,41135,3180048,01,0,00101,00000,야탑동,장미마을(현대),334,74.61,2025,6,2,96000,6,1993,41135-139,None,None,중개거래,경기 성남시 분당구,25.09.12,823,개인,개인,N
41135,10300,1,0102,0000,백현로,41135,3180022,02,0,00206,00000,정자동,한솔마을(4단지)(주공),102,42.75,2025,6,27,46000,22,1994,41135-67,None,None,직거래,None,25.08.05,414,개인,개인,N
41135,10300,1,0006,0000,정자일로,41135,3180021,01,0,00248,00000,정자동,파크뷰,6,139.68,2025,6,27,289000,7,2004,41135-250,None,None,중개거래,경기 성남시 분당구,25.10.20,601,개인,개인,N
41135,10700,1,0525,0000,판교로,41135,3180051,02,0,00519,00000,야탑동,탑마을(경남)1,525,69.87,2025,6,25,90000,6,1994,41135-140,None,None,직거래,None,25.08.26,703,개인,개인,N
41135,10500,1,0091,0000,중앙공원로,41135,3180049,01,0,00017,00000,서현동,시범한양,91,59.37,2025,6,6,129000,4,1991,41135-103,None,None,중개거래,경기 성남시 분당구,25.08.20,301,개인,개인,N
41135,10100,1,0066,0000,분당로263번길,41135,4340156,01,0,00024,00000,분당동,장안타운(건영),66,85.0,2025,6,6,103000,8,1993,41135-32,None,None,중개거래,경기 성남시 분당구,25.09.08,115,개인,개인,N
41135,10300,1,0011,0000,정자일로213번길,41135,4340130,01,0,00005,00000,정자동,현대I-PARK3,11,84.92,2025,6,25,175000,7,2003,41135-240,O,25.08.07,중개거래,경기 성남시 분당구,None,None,개인,개인,N
41135,10100,1,0066,0000,장안로51번길,41135,4340382,01,0,00031,00000,분당동,장안타운(건영),66,53.72,2025,6,19,78000,7,1993,41135-32,O,25.09.02,중개거래,경기 성남시 분당구,None,None,개인,개인,N
41135,10600,1,0117,0000,양현로94번길,41135,4340315,01,0,00028,00000,이매동,이매촌(동신3),117,117.12,2025,6,27,174000,3,1992,41135-222,None,None,중개거래,경기 성남시 분당구,25.11.27,306,개인,개인,N
41135,10800,1,0637,0000,판교원로,41135,3180052,01,0,00237,00000,판교동,판교원마을7단지(모아미래도),637,56.555,2025,6,1,117000,14,2009,41135-439,None,None,중개거래,경기 성남시 분당구,25.10.01,704,개인,개인,N
41135,10100,1,0066,0000,장안로,41135,3180057,01,0,00015,00000,분당동,장안타운(건영),66,101.82,2025,6,9,115000,10,1993,41135-32,None,None,중개거래,경기 성남시 분당구,25.07.30,127,개인,개인,N
41135,10600,1,0111,0000,양현로,41135,3180042,02,0,00138,00000,이매동,이매촌(진흥),111,101.89,2025,6,26,180000,12,1993,41135-95,None,None,중개거래,경기 성남시 분당구,25.12.12,807,개인,개인,N
41135,11400,1,0220,0000,미금로,41135,3180016,02,0,00066,00000,구미동,무지개(4단지)(주공),220,58.14,2025,6,27,96440,10,1995,41135-220,None,None,중개거래,경기 성남시 분당구,25.09.09,403,개인,개인,N
41135,10300,1,0028,0001,성남대로,41135,2000005,02,0,00449,00000,정자동,로얄팰리스,28-1,244.49,2025,6,27,277000,30,2003,41135-70,None,None,중개거래,경기 성남시 분당구,25.08.14,디동,개인,개인,N
41135,10100,1,0038,0000,수내로,41135,3180039,01,0,00181,00000,분당동,샛별마을(우방),38,133.86,2025,6,30,182000,10,1994,41135-21,O,25.08.26,중개거래,경기 성남시 분당구,None,None,개인,개인,N
41135,11000,1,0555,0000,판교역로,41135,3179025,02,0,00100,00000,백현동,백현마을6단지(주공),555,84.73,2025,6,26,240000,10,2009,41135-470,None,None,중개거래,경기 성남시 분당구,25.09.19,601,개인,개인,N
41135,10700,1,0188,0000,돌마로,41135,3180007,04,0,00906,00000,야탑동,SK-VIEW,188,122.731,2025,6,6,98000,8,2003,41135-236,None,None,중개거래,"경기 성남시 중원구, 경기 하남시",25.09.09,101,개인,개인,N
41135,10800,1,0585,0000,서판교로,41135,3180044,01,0,00029,00000,판교동,판교원마을9단지(한림풀에버),585,84.9907,2025,6,29,110000,12,2009,41135-444,None,None,직거래,None,25.07.25,920,개인,개인,N
41135,10100,1,0034,0000,분당로,41135,3180026,01,0,00190,00000,분당동,샛별마을(라이프),34,84.99,2025,6,24,144500,5,1992,41135-19,None,None,중개거래,경기 성남시 분당구,25.09.25,102,개인,개인,N
41135,10200,1,0001,0001,수내로,41135,3180039,00,0,00039,00000,수내동,분당지웰푸르지오,1-1,96.2054,2025,6,27,232000,13,2022,41135-607,None,None,중개거래,경기 성남시 분당구,25.09.11,102,개인,개인,N
41135,10700,1,0330,0000,장미로,41135,3180048,01,0,00055,00000,야탑동,장미마을(동부),330,84.99,2025,6,23,130000,10,1993,41135-137,None,None,중개거래,경기 성남시 분당구,25.10.10,110,개인,개인,N
41135,10200,1,0075,0000,백현로,41135,3180022,01,0,00227,00000,수내동,푸른마을(쌍용),75,163.83,2025,6,10,190000,20,1992,41135-80,None,None,중개거래,경기 성남시 분당구,25.08.27,510,개인,개인,N
41135,10700,1,0330,0000,장미로,41135,3180048,01,0,00055,00000,야탑동,장미마을(코오롱)1,330,74.14,2025,6,25,99000,1,1993,41135-138,None,None,중개거래,"경기 성남시 분당구, 경기 성남시 중원구",25.09.30,126,개인,개인,N
41135,10500,1,0308,0000,불정로,41135,3180030,04,0,00362,00000,서현동,효자촌(럭키),308,53.82,2025,6,21,80000,1,1994,41135-107,None,None,중개거래,경기 성남시 분당구,25.09.30,624,개인,개인,N
41135,10700,1,0330,0000,장미로,41135,3180048,01,0,00055,00000,야탑동,장미마을(동부),330,131.73,2025,6,21,154500,8,1993,41135-137,O,25.09.05,중개거래,경기 성남시 분당구,None,None,개인,개인,N
41135,10300,1,0028,0001,성남대로,41135,2000005,02,0,00449,00000,정자동,로얄팰리스,28-1,244.49,2025,6,17,277000,30,2003,41135-70,O,25.07.21,중개거래,경기 성남시 분당구,None,None,개인,개인,N
41135,10300,1,0198,0000,불정로,41135,3180030,03,0,00179,00000,정자동,정든마을(2단지)(동아),198,48.84,2025,6,23,78000,15,1995,41135-62,O,25.08.11,중개거래,경기 성남시 분당구,None,None,개인,개인,N
41135,11600,1,0642,0000,판교대장로5길,41135,4859965,01,0,00020,00000,대장동,판교풍경채어바니티(5단지),642,84.973,2025,6,27,87000,14,2021,41135-602,None,None,중개거래,경기 성남시 분당구,25.10.13,507동,개인,개인,N
41135,10600,1,0100,0000,양현로,41135,3180042,02,0,00220,00000,이매동,이매촌(삼성),100,174.67,2025,6,27,184000,11,1994,41135-92,None,None,중개거래,경기 성남시 분당구,25.10.13,1009,개인,개인,N
41135,10700,1,0510,0000,양현로,41135,3180042,03,0,00272,00000,야탑동,탑마을(경향),510,131.4,2025,6,26,153000,8,1993,41135-141,None,None,중개거래,경기 성남시 분당구,25.09.30,301,개인,개인,N
41135,11100,1,0133,0000,미금로,41135,3180016,01,0,00216,00000,금곡동,청솔마을(주공9단지),133,36.54,2025,6,24,65000,4,1995,41135-158,None,None,중개거래,경기 성남시 분당구,25.08.28,903,개인,개인,N
41135,11500,1,0958,0000,산운로,41135,3180031,01,0,00126,00000,운중동,산운마을9단지(대방노블랜드),958,84.99,2025,6,25,160000,8,2008,41135-435,None,None,중개거래,경기 성남시 분당구,25.10.15,901,개인,개인,N
41135,11400,1,0211,0000,미금로,41135,3180016,02,0,00023,00000,구미동,무지개(1단지)(대림),211,47.52,2025,6,27,69700,13,1995,41135-180,None,None,중개거래,경기 성남시 분당구,25.10.28,102,개인,개인,N
41135,10300,1,0006,0000,정자일로,41135,3180021,01,0,00248,00000,정자동,파크뷰,6,139.68,2025,6,24,285000,28,2004,41135-250,None,None,직거래,None,25.09.03,606,개인,개인,N
41135,10300,1,0180,0000,정자일로,41135,3180021,01,0,00100,00000,정자동,미켈란쉐르빌,180,157.57,2025,6,20,182000,2,2003,41135-241,None,None,중개거래,경기 성남시 분당구,25.10.31,B,개인,개인,N
41135,10700,1,0334,0000,장미로,41135,3180048,01,0,00101,00000,야탑동,장미마을(현대),334,41.76,2025,6,26,61700,10,1993,41135-139,None,None,중개거래,경기 성남시 분당구,25.09.19,822,개인,개인,N
41135,10600,1,0117,0000,양현로94번길,41135,4340315,01,0,00028,00000,이매동,이매촌(동신3),117,84.6,2025,6,26,150000,5,1992,41135-222,None,None,중개거래,경기 성남시 분당구,25.09.29,309,개인,개인,N
41135,10300,1,0006,0000,정자일로,41135,3180021,01,0,00248,00000,정자동,파크뷰,6,139.68,2025,6,20,290000,20,2004,41135-250,None,None,중개거래,경기 성남시 분당구,25.10.01,603,개인,개인,N
41135,10300,1,0181,0000,정자일로,41135,3180021,01,0,00080,00000,정자동,상록마을(임광),181,84.97,2025,6,26,162700,18,1995,41135-61,None,None,중개거래,"경기 성남시 분당구, 서울 서초구",25.09.05,407,개인,개인,N
41135,11100,1,0181,0000,정자일로,41135,3180021,02,0,00072,00000,금곡동,청솔마을(한라),181,69.12,2025,6,25,125000,2,1995,41135-159,None,None,중개거래,경기 성남시 분당구,25.10.23,305,개인,개인,N
41135,10700,1,0536,0000,야탑로,41135,3180041,01,0,00020,00000,야탑동,탑마을(선경)1,536,51.84,2025,6,24,88000,10,1992,41135-145,None,None,중개거래,경기 성남시 분당구,25.08.20,114,개인,개인,N
41135,10600,1,0132,0000,판교로,41135,3180051,01,0,00430,00000,이매동,아름마을(태영),132,134.79,2025,6,27,138000,5,1992,41135-85,None,None,직거래,None,25.09.16,302,개인,개인,N
41135,11400,1,0240,0000,구미로144번길,41135,4340006,01,0,00008,00000,구미동,무지개(9단지)(동아),240,101.97,2025,6,18,114500,7,1995,41135-181,None,None,중개거래,경기 성남시 분당구,25.11.20,902,개인,개인,N
41135,10300,1,0006,0000,정자일로,41135,3180021,01,0,00248,00000,정자동,파크뷰,6,199.777,2025,6,27,385000,18,2004,41135-250,None,None,중개거래,경기 성남시 분당구,25.08.19,612,개인,개인,N
41135,10700,1,0334,0000,장미로,41135,3180048,01,0,00101,00000,야탑동,장미마을(현대),334,41.76,2025,6,26,63000,3,1993,41135-139,None,None,중개거래,경기 용인시 수지구,25.10.24,822,개인,개인,N
41135,11000,1,0545,0000,동판교로,41135,3178016,02,0,00122,00000,백현동,백현마을2단지,545,118.94,2025,6,7,235000,8,2009,41135-473,None,None,중개거래,경기 성남시 분당구,25.10.21,203,개인,개인,N
41135,11400,1,0110,0000,미금일로,41135,3180061,03,0,00021,00000,구미동,하얀마을(5단지)(주공),110,38.07,2025,6,20,64900,8,1995,41135-207,None,None,중개거래,경기 성남시 분당구,25.07.29,506,개인,개인,N
41135,11000,1,0554,0000,판교역로,41135,3179025,02,0,00102,00000,백현동,백현마을5단지(주공),554,84.91,2025,6,22,238000,3,2009,41135-469,None,None,중개거래,경기 성남시 분당구,26.01.02,508,개인,개인,N
41135,11100,1,0180,0000,정자일로,41135,3180021,02,0,00046,00000,금곡동,청솔마을(유천),180,84.6,2025,6,24,160000,11,1995,41135-157,None,None,중개거래,경기 성남시 분당구,25.09.26,205,개인,개인,N
41135,10100,1,0066,0000,장안로41번길,41135,4340380,01,0,00013,00000,분당동,장안타운(건영),66,131.55,2025,6,24,129500,15,1993,41135-32,None,None,중개거래,경기 성남시 분당구,25.09.15,110,개인,개인,N
41135,10500,1,0087,0000,중앙공원로,41135,3180049,01,0,00053,00000,서현동,시범삼성,87,133.295,2025,6,21,225000,4,1991,41135-98,None,None,중개거래,경기 성남시 분당구,25.09.30,133,개인,개인,N
41135,11500,1,0916,0000,판교원로82번길,41135,4340480,01,0,00060,00000,운중동,산운마을14단지(경남아너스빌),916,115.44,2025,6,16,153500,7,2009,41135-456,O,25.09.16,중개거래,경기 성남시 분당구,None,None,개인,개인,N
41135,10200,1,0024,0000,내정로165번길,41135,4340034,01,0,00035,00000,수내동,양지마을(5단지)(한양501-514),24,35.1,2025,6,26,88000,10,1992,41135-73,None,None,중개거래,경기 성남시 분당구,25.08.26,511,개인,개인,N
41135,10800,1,0634,0000,판교원로,41135,3180052,01,0,00207,00000,판교동,판교원마을5단지(푸르지오),634,116.04,2025,6,27,218000,30,2009,41135-462,None,None,중개거래,경기 성남시 분당구,25.09.29,502,개인,개인,N
41135,11500,1,0899,0000,판교원로,41135,3180052,02,0,00007,00000,운중동,산운마을4단지(리가),899,84.8536,2025,6,24,139700,18,2009,41135-442,None,None,중개거래,경기 성남시 분당구,25.10.31,401,개인,개인,N
41135,10200,1,0054,0000,내정로166번길,41135,4340035,01,0,00042,00000,수내동,파크타운(삼익),54,101.835,2025,6,27,170000,1,1993,41135-76,None,None,중개거래,경기 성남시 분당구,25.11.03,121,개인,개인,N
41135,10500,1,0092,0000,중앙공원로,41135,3180049,01,0,00020,00000,서현동,시범현대,92,59.55,2025,6,23,143000,3,1991,41135-99,None,None,중개거래,경기 성남시 분당구,25.07.31,403,개인,개인,N
41135,10700,1,0205,0000,양현로,41135,3180042,03,0,00507,00000,야탑동,매화마을(주공3),205,46.2,2025,6,30,64500,4,1993,41135-117,None,None,중개거래,경기 성남시 분당구,25.09.19,310,개인,개인,N
41135,11100,1,0192,0000,정자일로,41135,3180021,02,0,00055,00000,금곡동,두산위브트레지움,192,147.6,2025,6,26,169500,12,2003,41135-235,None,None,중개거래,경기 성남시 분당구,26.01.13,106,개인,개인,N
41135,11000,1,0525,0000,판교역로,41135,3179025,02,0,00049,00000,백현동,백현마을9단지(e편한세상),525,101.46,2025,6,11,205000,5,2009,41135-463,None,None,중개거래,경기 성남시 분당구,25.10.01,901,개인,개인,N
41135,10300,1,0180,0000,정자일로,41135,3180021,01,0,00100,00000,정자동,미켈란쉐르빌,180,134.99,2025,6,24,185000,17,2003,41135-241,None,None,중개거래,경기 성남시 분당구,25.10.30,D,개인,개인,N
41135,10300,1,0111,0000,정자로,41135,3180058,01,0,00143,00000,정자동,한솔마을(2단지)(LG),111,101.85,2025,6,27,151000,5,1995,41135-66,None,None,중개거래,경기 성남시 분당구,25.08.28,202,개인,개인,N
41135,10300,1,0174,0001,정자일로,41135,3180021,01,0,00121,00000,정자동,분당더샾스타파크,174-1,116.7905,2025,6,24,180000,18,2007,41135-422,None,None,중개거래,경기 성남시 분당구,None,None,개인,개인,N
41135,10700,1,0334,0000,장미로,41135,3180048,01,0,00101,00000,야탑동,장미마을(현대),334,75.188,2025,6,24,110000,6,1993,41135-139,None,None,중개거래,"경기 광주시, 경기 성남시 분당구",25.09.30,810,개인,개인,N
41135,10500,1,0291,0000,돌마로486번길,41135,4340062,01,0,00007,00000,서현동,효자촌(동아),291,101.82,2025,6,10,152000,8,1992,41135-106,None,None,중개거래,경기 성남시 분당구,25.09.19,205,개인,개인,N
41135,10600,1,0132,0000,판교로,41135,3180051,01,0,00430,00000,이매동,아름마을(태영),132,134.79,2025,6,20,152500,3,1992,41135-85,None,None,중개거래,경기 성남시 분당구,25.09.12,306,개인,개인,N
41135,11000,1,0608,0000,판교백현로,41135,3352601,02,0,00038,00000,백현동,THESHARP판교퍼스트파크,608,114.5609,2025,6,25,163000,6,2021,41135-594,O,25.10.31,중개거래,경기 성남시 분당구,None,None,개인,개인,N
41135,11100,1,0133,0000,미금로,41135,3180016,01,0,00216,00000,금곡동,청솔마을(주공9단지),133,36.54,2025,6,24,68500,4,1995,41135-158,None,None,중개거래,경기 성남시 분당구,25.10.17,903,개인,개인,N
41135,10100,1,0066,0000,장안로,41135,3180057,01,0,00015,00000,분당동,장안타운(건영),66,162.85,2025,6,21,128500,4,1993,41135-32,None,None,중개거래,경기 성남시 분당구,25.09.29,124,개인,개인,N
41135,10700,1,0334,0000,장미로,41135,3180048,01,0,00101,00000,야탑동,장미마을(현대),334,75.188,2025,6,13,103300,5,1993,41135-139,None,None,중개거래,경기 성남시 분당구,25.08.29,808,개인,개인,N
41135,10700,1,0334,0000,장미로,41135,3180048,01,0,00101,00000,야탑동,장미마을(현대),334,75.188,2025,6,13,103300,5,1993,41135-139,O,25.07.12,중개거래,경기 성남시 분당구,None,None,개인,개인,N
41135,11500,1,0921,0000,판교원로,41135,3180052,02,0,00046,00000,운중동,산운마을12단지판교센트럴포레와이시티,921,55.44,2025,6,27,115000,5,2009,41135-457,None,None,중개거래,경기 성남시 분당구,25.10.17,1209,개인,개인,N
41135,10300,1,0198,0000,불정로,41135,3180030,03,0,00195,00000,정자동,정든마을(6단지)(우성),198,84.97,2025,6,23,131000,16,1994,41135-227,None,None,중개거래,경기 성남시 분당구,25.09.30,611,개인,개인,N
41135,10300,1,0198,0000,불정로,41135,3180030,03,0,00179,00000,정자동,정든마을(2단지)(동아),198,84.97,2025,6,27,122000,2,1995,41135-62,None,None,중개거래,경기 성남시 분당구,25.09.30,207,개인,개인,N
41135,10700,1,0536,0000,야탑로,41135,3180041,01,0,00020,00000,야탑동,탑마을(선경)1,536,51.84,2025,6,18,89500,9,1992,41135-145,None,None,중개거래,경기 성남시 분당구,25.09.30,114,개인,개인,N
41135,11500,1,0958,0000,산운로,41135,3180031,01,0,00126,00000,운중동,산운마을9단지(대방노블랜드),958,84.99,2025,6,24,158500,12,2008,41135-435,None,None,중개거래,경기 성남시 분당구,25.10.23,901,개인,개인,N
41135,10700,1,0334,0000,장미로,41135,3180048,01,0,00101,00000,야탑동,장미마을(현대),334,75.188,2025,6,13,103300,5,1993,41135-139,O,25.07.11,중개거래,경기 성남시 분당구,None,None,개인,개인,N
41135,10900,1,0744,0000,동판교로,41135,3178016,01,0,00156,00000,삼평동,봇들마을9단지(금호어울림),744,115.03,2025,6,17,255000,11,2009,41135-455,None,None,중개거래,경기 성남시 분당구,25.11.28,909,개인,개인,N
41135,10100,1,0066,0000,장안로51번길,41135,4340382,01,0,00031,00000,분당동,장안타운(건영),66,53.72,2025,6,20,78000,7,1993,41135-32,O,25.07.21,중개거래,경기 성남시 분당구,None,None,개인,개인,N
41135,11400,1,0220,0000,미금로,41135,3180016,02,0,00066,00000,구미동,무지개(4단지)(주공),220,59.98,2025,6,20,99419,8,1995,41135-220,None,None,중개거래,경기 성남시 분당구,25.09.05,405,개인,개인,N
41135,10700,1,0163,0000,판교로,41135,3180051,00,0,00627,00000,야탑동,목련마을(한신),163,59.88,2025,6,26,75000,11,1994,41135-128,None,None,중개거래,경기 성남시 분당구,25.09.30,203,개인,개인,N
41135,10300,1,0117,0000,내정로,41135,3180003,02,0,00054,00000,정자동,한솔마을(6단지)(주공),117,39.87,2025,6,27,74000,15,1995,41135-224,None,None,중개거래,경기 성남시 분당구,25.07.29,606,개인,개인,N
41135,11500,1,0918,0000,판교원로82번길,41135,4340480,01,0,00030,00000,운중동,산운마을13단지(태영),918,115.52,2025,6,28,151000,3,2010,41135-477,None,None,중개거래,경기 성남시 분당구,25.08.28,1305,개인,개인,N
41135,10200,1,0071,0000,수내로,41135,3180039,02,0,00174,00000,수내동,푸른마을(벽산),71,131.4,2025,6,19,187000,12,1992,41135-78,None,None,중개거래,"경기 성남시 분당구, 경기 용인시 수지구",25.09.03,204,개인,개인,N
41135,10700,1,0334,0000,장미로,41135,3180048,01,0,00101,00000,야탑동,장미마을(현대),334,59.4,2025,6,25,80200,1,1993,41135-139,None,None,중개거래,경기 성남시 분당구,25.09.30,802,개인,개인,N
41135,10200,1,0052,0000,내정로174번길,41135,4340037,01,0,00042,00000,수내동,파크타운(서안),52,59.32,2025,6,25,111000,10,1993,41135-77,None,None,중개거래,경기 성남시 분당구,25.08.11,140,개인,개인,N
41135,11000,1,0542,0000,동판교로,41135,3178016,02,0,00123,00000,백현동,판교푸르지오그랑블,542,139.7268,2025,6,24,383000,10,2011,41135-497,None,None,중개거래,경기 성남시 분당구,25.11.28,106,개인,개인,N
41135,11100,1,0133,0000,미금로,41135,3180016,01,0,00216,00000,금곡동,청솔마을(주공9단지),133,36.54,2025,6,27,59000,1,1995,41135-158,None,None,중개거래,경기 성남시 분당구,25.08.29,902,개인,개인,N
41135,10700,1,0535,0000,판교로,41135,3180051,02,0,00421,00000,야탑동,탑마을(대우),535,134.31,2025,6,5,135000,1,1992,41135-143,None,None,중개거래,경기 성남시 분당구,25.08.29,206,개인,개인,N
41135,10700,1,0334,0000,장미로,41135,3180048,01,0,00101,00000,야탑동,장미마을(현대),334,133.448,2025,6,19,139500,12,1993,41135-139,None,None,중개거래,경기 성남시 분당구,25.09.26,825,개인,개인,N
41135,10700,1,0334,0000,장미로,41135,3180048,01,0,00101,00000,야탑동,장미마을(현대),334,74.61,2025,6,25,110000,15,1993,41135-139,None,None,중개거래,경기 성남시 분당구,25.10.30,824,개인,개인,N
41135,10200,1,0032,0000,내정로165번길,41135,4340034,01,0,00038,00000,수내동,"양지마을(6단지)(금호,청구)",32,59.94,2025,6,27,114500,17,1992,41135-562,None,None,중개거래,"경기 성남시 분당구, 서울 강남구",25.09.17,602,개인,개인,N
41135,10300,1,0111,0000,정자로,41135,3180058,01,0,00143,00000,정자동,한솔마을(2단지)(LG),111,134.94,2025,6,13,156500,4,1995,41135-66,None,None,중개거래,경기 성남시 분당구,25.09.12,211,개인,개인,N
41135,10200,1,0055,0000,내정로,41135,3180003,01,0,00152,00000,수내동,파크타운(롯데),55,101.835,2025,6,26,200000,14,1993,41135-75,None,None,중개거래,경기 성남시 분당구,25.10.31,137,개인,개인,N
41135,10300,1,0102,0000,백현로,41135,3180022,02,0,00206,00000,정자동,한솔마을(4단지)(주공),102,42.75,2025,6,20,75000,16,1994,41135-67,None,None,중개거래,경기 성남시 분당구,25.08.28,415,개인,개인,N
41135,10200,1,0024,0000,내정로165번길,41135,4340034,01,0,00035,00000,수내동,양지마을(5단지)(한양501-514),24,28.16,2025,6,16,63800,2,1992,41135-73,O,25.07.25,중개거래,경기 성남시 분당구,None,None,개인,개인,N
41135,10700,1,0330,0000,장미로,41135,3180048,01,0,00055,00000,야탑동,장미마을(코오롱)1,330,59.55,2025,6,19,88000,1,1993,41135-138,None,None,중개거래,경기 성남시 분당구,25.11.20,121,개인,개인,N
41135,10700,1,0535,0000,판교로,41135,3180051,02,0,00421,00000,야탑동,탑마을(대우),535,134.31,2025,6,27,138000,3,1992,41135-143,None,None,중개거래,경기 성남시 분당구,25.08.22,203,개인,개인,N
41135,11000,1,0555,0000,판교역로,41135,3179025,02,0,00100,00000,백현동,백현마을6단지(주공),555,84.73,2025,6,26,240000,10,2009,41135-470,O,25.07.11,중개거래,경기 성남시 분당구,None,None,개인,개인,N
41135,11400,1,0221,0000,무지개로,41135,3180014,01,0,00144,00000,구미동,무지개(5단지)(청구),221,58.49,2025,6,28,81700,6,1995,41135-188,None,None,중개거래,서울 강남구,25.07.21,501,개인,개인,N
41135,10500,1,0308,0000,분당로263번길,41135,4340156,02,0,00013,00000,서현동,효자촌(대우),308,70.686,2025,6,17,106000,12,1994,41135-104,None,None,중개거래,경기 성남시 분당구,25.09.02,611,개인,개인,N
41135,11000,1,0558,0000,판교역로,41135,3179025,02,0,00072,00000,백현동,백현마을8단지(대림),558,117.39,2025,6,23,227000,7,2009,41135-464,None,None,중개거래,"경기 성남시 분당구, 경기 용인시 기흥구",25.10.20,802,개인,개인,N
41135,10700,1,0330,0000,장미로,41135,3180048,01,0,00055,00000,야탑동,장미마을(코오롱)1,330,84.6,2025,6,13,124500,9,1993,41135-138,None,None,중개거래,경기 성남시 분당구,25.09.26,102,개인,개인,N
41135,10800,1,0585,0000,서판교로,41135,3180044,01,0,00029,00000,판교동,판교원마을9단지(한림풀에버),585,84.9907,2025,6,19,143000,2,2009,41135-444,None,None,중개거래,경기 성남시 분당구,25.12.22,915,개인,개인,N
41135,11400,1,0110,0000,미금일로,41135,3180061,03,0,00021,00000,구미동,하얀마을(5단지)(주공),110,39.01,2025,6,23,64500,2,1995,41135-207,None,None,중개거래,경기 성남시 분당구,25.07.29,506,개인,개인,N
41135,10500,1,0091,0000,중앙공원로,41135,3180049,01,0,00017,00000,서현동,시범한양,91,164.18,2025,6,4,225000,6,1991,41135-103,None,None,중개거래,경기 성남시 분당구,25.10.17,312,개인,개인,N
41135,11100,1,0125,0000,금곡로,41135,3180054,02,0,00263,00000,금곡동,청솔마을(공무원),125,58.19,2025,6,26,91000,5,1994,41135-151,O,25.08.08,중개거래,경기 성남시 분당구,None,None,개인,개인,N
41135,11500,1,0956,0000,산운로,41135,3180031,01,0,00098,00000,운중동,산운마을8단지(부영사랑으로),956,81.019,2025,6,17,139000,18,2008,41135-434,None,None,중개거래,경기 성남시 분당구,25.10.30,806,개인,개인,N
41135,10600,1,0111,0000,양현로,41135,3180042,02,0,00138,00000,이매동,이매촌(진흥),111,134.91,2025,6,18,195000,13,1993,41135-95,None,None,중개거래,경기 성남시 분당구,25.09.29,805,개인,개인,N
41135,10500,1,0092,0000,중앙공원로,41135,3180049,01,0,00020,00000,서현동,시범현대,92,84.57,2025,6,27,186000,18,1991,41135-99,None,None,중개거래,경기 성남시 분당구,25.09.30,429,개인,개인,N
41135,10600,1,0100,0000,양현로,41135,3180042,02,0,00192,00000,이매동,이매촌(삼성),100,84.94,2025,6,26,145000,15,1994,41135-92,None,None,중개거래,경기 성남시 분당구,25.08.29,1016,개인,개인,N
41135,10700,1,0215,0000,장미로,41135,3180048,01,0,00139,00000,야탑동,매화마을공무원2,215,66.6,2025,6,22,85000,11,1995,41135-120,None,None,중개거래,경기 성남시 분당구,25.10.17,217,개인,개인,N
41135,10500,1,0091,0000,중앙공원로,41135,3180049,01,0,00017,00000,서현동,시범한양,91,84.99,2025,6,24,175000,20,1991,41135-103,None,None,중개거래,경기 성남시 분당구,25.09.01,323,개인,개인,N
41135,10500,1,0091,0000,중앙공원로,41135,3180049,01,0,00017,00000,서현동,시범한양,91,84.99,2025,6,14,176000,30,1991,41135-103,None,None,중개거래,경기 성남시 분당구,25.09.29,323,개인,개인,N
41135,10600,1,0117,0000,양현로94번길,41135,4340315,01,0,00028,00000,이매동,이매촌(동신3),117,117.12,2025,6,27,170000,2,1992,41135-222,None,None,중개거래,"경기 성남시 분당구, 경기 수원시 영통구",25.09.26,306,개인,개인,N
41135,10300,1,0170,0001,정자일로,41135,3180021,01,0,00120,00000,정자동,삼성아데나루체,170-1,153.3,2025,6,27,188000,19,2004,41135-264,None,None,중개거래,경기 성남시 분당구,25.08.28,A,개인,개인,N
41135,10200,1,0071,0000,수내로,41135,3180039,02,0,00206,00000,수내동,푸른마을(벽산),71,59.78,2025,6,26,112000,1,1992,41135-78,None,None,중개거래,경기 성남시 분당구,26.01.20,314,개인,개인,N
41135,11400,1,0222,0000,구미로,41135,3180001,01,0,00100,00000,구미동,무지개(10단지)(건영),222,101.82,2025,6,12,110000,3,1996,41135-218,None,None,중개거래,"경기 성남시 분당구, 경기 용인시 수지구",25.08.18,1002,개인,개인,N
41135,11100,1,0176,0000,정자일로,41135,3180021,02,0,00030,00000,금곡동,청솔마을(계룡),176,55.44,2025,6,16,94200,9,1996,41135-150,None,None,직거래,None,25.09.30,108,개인,개인,N
41135,11400,1,0201,0000,미금로,41135,3180016,02,0,00063,00000,구미동,무지개(3단지)(신한),201,69.72,2025,6,27,96000,15,1996,41135-184,None,None,중개거래,"경기 성남시 중원구, 경기 수원시 영통구",25.11.14,304,개인,개인,N
41135,10700,1,0525,0000,판교로,41135,3180051,02,0,00519,00000,야탑동,탑마을(경남)1,525,101.97,2025,6,20,130000,13,1994,41135-140,None,None,중개거래,경기 성남시 분당구,26.01.30,709,개인,개인,N
41135,11100,1,0133,0000,미금로,41135,3180016,01,0,00216,00000,금곡동,청솔마을(주공9단지),133,36.54,2025,6,28,69000,11,1995,41135-158,O,25.09.16,중개거래,경기 성남시 분당구,None,None,개인,개인,N
41135,10500,1,0308,0000,불정로,41135,3180030,04,0,00362,00000,서현동,효자촌(화성),308,70.686,2025,6,16,104700,2,1994,41135-112,None,None,중개거래,경기 성남시 분당구,25.10.29,609,개인,개인,N
41135,10200,1,0071,0000,수내로,41135,3180039,02,0,00206,00000,수내동,푸른마을(벽산),71,84.72,2025,6,20,155000,8,1992,41135-78,None,None,중개거래,경기 성남시 분당구,25.10.13,304,개인,개인,N
41135,10300,1,0006,0000,정자일로,41135,3180021,01,0,00248,00000,정자동,파크뷰,6,84.99,2025,6,23,237000,14,2004,41135-250,None,None,중개거래,경기 성남시 분당구,26.01.15,613,개인,개인,N
41135,11600,1,0591,0000,판교대장로7길,41135,4859967,01,None,00057,00000,대장동,판교퍼스트힐푸르지오A2,591,84.85,2025,6,30,110500,15,2021,41135-589,None,None,중개거래,경기 성남시 분당구,25.08.29,203,개인,개인,N
41135,10700,1,0215,0000,장미로,41135,3180048,01,0,00139,00000,야탑동,매화마을공무원2,215,58.71,2025,6,23,70000,9,1995,41135-120,None,None,중개거래,경기 성남시 분당구,25.09.16,206,개인,개인,N
41135,10300,1,0192,0000,정자로,41135,3180058,01,0,00112,00000,정자동,정든마을(5단지)(신화),192,101.82,2025,6,14,144800,7,1995,41135-63,None,None,중개거래,"경기 성남시 분당구, 경기 용인시 수지구",26.01.20,501,개인,개인,N
41135,11100,1,0181,0000,정자일로,41135,3180021,02,0,00072,00000,금곡동,청솔마을(한라),181,58.8,2025,6,24,114000,2,1995,41135-159,None,None,중개거래,경기 성남시 분당구,25.09.26,309,개인,개인,N
41135,10800,1,0513,0000,서판교로,41135,3180044,01,0,00147,00000,판교동,판교원마을11단지(힐스테이트),513,101.76,2025,6,27,170000,7,2009,41135-448,None,None,중개거래,경기 성남시 분당구,26.03.26,1108,개인,개인,N
41135,10300,1,0102,0000,백현로,41135,3180022,02,0,00206,00000,정자동,한솔마을(4단지)(주공),102,42.75,2025,6,25,75000,24,1994,41135-67,None,None,중개거래,경기 성남시 분당구,25.09.10,414,개인,개인,N
41135,11600,1,0638,0000,판교대장로5길,41135,4859965,01,None,00058,00000,대장동,판교더샵포레스트11단지,638,84.995,2025,6,21,108700,13,2021,41135-591,None,None,중개거래,경기 성남시 분당구,26.03.04,1107,개인,개인,N
41135,11100,1,0177,0000,성남대로171번길,41135,4340260,01,0,00008,00000,금곡동,청솔마을(서광),177,70.01,2025,6,4,122000,3,1995,41135-154,None,None,중개거래,경기 성남시 분당구,25.09.30,103,개인,개인,N
41135,11400,1,0202,0000,구미로,41135,3180001,01,0,00050,00000,구미동,무지개(2단지)(엘지),202,49.83,2025,6,19,74000,7,1995,41135-185,O,25.07.26,중개거래,경기 성남시 분당구,None,None,개인,개인,N
41135,10300,1,0006,0000,정자일로,41135,3180021,01,0,00248,00000,정자동,파크뷰,6,182.232,2025,6,27,327000,2,2004,41135-250,None,None,중개거래,경기 성남시 분당구,25.09.30,612,법인,개인,N
41135,10800,1,0513,0000,서판교로,41135,3180044,01,0,00147,00000,판교동,판교원마을11단지(힐스테이트),513,118.6,2025,6,14,174000,10,2009,41135-448,None,None,중개거래,경기 성남시 분당구,25.09.30,1109,개인,개인,N
41135,11500,1,0958,0000,산운로,41135,3180031,01,0,00126,00000,운중동,산운마을9단지(대방노블랜드),958,59.93,2025,6,18,127000,8,2008,41135-435,None,None,중개거래,경기 성남시 분당구,25.10.20,903,개인,개인,N
41135,10300,1,0121,0000,내정로,41135,3180003,00,None,00055,00000,정자동,상록마을(우성)1,121,69.12,2025,6,19,180000,10,1994,41135-60,None,None,중개거래,경기 성남시 분당구,25.09.17,322,개인,개인,N
41135,10700,1,0525,0000,판교로,41135,3180051,02,0,00519,00000,야탑동,탑마을(경남)1,525,84.91,2025,6,21,119400,9,1994,41135-140,None,None,중개거래,"경기 성남시 분당구, 경기 성남시 중원구",25.11.28,706,개인,개인,N
41135,10300,1,0112,0000,정자로,41135,3180058,01,0,00115,00000,정자동,한솔마을(5단지)(주공),112,41.85,2025,6,21,63500,2,1994,41135-223,None,None,중개거래,경기 성남시 분당구,25.08.01,502,개인,개인,N
41135,10600,1,0099,0000,양현로,41135,3180042,02,0,00220,00000,이매동,이매촌(삼환),99,59.87,2025,6,20,111500,5,1994,41135-93,None,None,중개거래,경기 성남시 분당구,25.09.12,1110,개인,개인,N
41135,10700,1,0525,0000,판교로,41135,3180051,02,0,00519,00000,야탑동,탑마을(경남)1,525,114.93,2025,6,27,141000,11,1994,41135-140,None,None,중개거래,경기 성남시 분당구,25.10.31,707,개인,개인,N
41135,10300,1,0174,0001,정자일로,41135,3180021,01,0,00121,00000,정자동,분당더샾스타파크,174-1,117.2333,2025,6,27,175000,4,2007,41135-422,O,25.08.20,중개거래,경기 성남시 분당구,None,None,개인,개인,N
41135,10600,1,0143,0000,이매로,41135,3180047,01,0,00016,00000,이매동,아름마을(효성),143,130.35,2025,6,25,201000,20,1994,41135-88,O,25.07.25,중개거래,경기 성남시 분당구,None,None,개인,개인,N
41135,10600,1,0143,0000,이매로,41135,3180047,01,0,00016,00000,이매동,아름마을(효성),143,130.35,2025,6,18,210000,9,1994,41135-88,None,None,중개거래,경기 성남시 분당구,25.11.07,706,개인,개인,N
41135,10300,1,0180,0000,정자일로,41135,3180021,01,0,00100,00000,정자동,미켈란쉐르빌,180,157.57,2025,6,20,182000,2,2003,41135-241,O,25.07.17,중개거래,경기 성남시 분당구,None,None,개인,개인,N
41135,10200,1,0055,0000,내정로,41135,3180003,01,0,00152,00000,수내동,파크타운(롯데),55,134.413,2025,6,22,199000,2,1993,41135-75,None,None,중개거래,경기 성남시 분당구,25.10.15,129,개인,개인,N
41135,10300,1,0198,0000,불정로,41135,3180030,03,0,00179,00000,정자동,정든마을(2단지)(동아),198,84.97,2025,6,16,124500,6,1995,41135-62,None,None,중개거래,경기 성남시 분당구,25.09.30,202,개인,개인,N
41135,11500,1,0958,0000,산운로,41135,3180031,01,0,00126,00000,운중동,산운마을9단지(대방노블랜드),958,59.93,2025,6,29,127500,18,2008,41135-435,None,None,중개거래,경기 성남시 분당구,25.08.22,904,개인,개인,N
41135,10900,1,0740,0000,동판교로177번길,41135,4340278,00,None,00025,00000,삼평동,판교호반써밋플레이스,740,133.96,2025,6,23,240000,6,2012,41135-507,None,None,중개거래,경기 성남시 분당구,25.10.15,103,개인,개인,N
41135,10100,1,0039,0000,수내로,41135,3180039,01,0,00201,00000,분당동,샛별마을(삼부),39,84.6,2025,6,20,150000,3,1992,41135-20,None,None,중개거래,경기 성남시 분당구,25.10.16,405,개인,개인,N
41135,10300,1,0111,0000,정자로,41135,3180058,01,0,00143,00000,정자동,한솔마을(2단지)(LG),111,101.85,2025,6,13,149500,8,1995,41135-66,None,None,중개거래,경기 성남시 분당구,25.09.01,204,개인,개인,N
41135,10300,1,0117,0000,내정로,41135,3180003,02,0,00054,00000,정자동,한솔마을(6단지)(주공),117,37.67,2025,6,16,69000,7,1995,41135-224,None,None,중개거래,경기 성남시 분당구,25.09.12,601,개인,개인,N
41135,11100,1,0201,0000,정자일로,41135,3180021,02,0,00027,00000,금곡동,코오롱더프라우,201,172.094,2025,6,30,151000,26,2004,41135-246,None,None,중개거래,경기 성남시 분당구,25.07.29,코오롱더프라우아파트,개인,개인,N
41135,11100,1,0125,0000,금곡로,41135,3180054,02,0,00263,00000,금곡동,청솔마을(공무원),125,58.19,2025,6,20,89500,3,1994,41135-151,None,None,중개거래,경기 성남시 분당구,25.09.29,505,개인,개인,N
41135,10900,1,0717,0000,판교로,41135,3180051,04,0,00393,00000,삼평동,봇들마을2단지(이지더원),717,84.2822,2025,6,22,155500,7,2009,41135-441,None,None,중개거래,경기 성남시 분당구,25.09.30,216,개인,개인,N
41135,10700,1,0334,0000,장미로,41135,3180048,01,0,00101,00000,야탑동,장미마을(현대),334,75.188,2025,6,13,103300,5,1993,41135-139,O,25.07.11,중개거래,경기 성남시 분당구,None,None,개인,개인,N
41135,10300,1,0117,0000,내정로,41135,3180003,02,0,00054,00000,정자동,한솔마을(6단지)(주공),117,37.67,2025,6,19,67500,4,1995,41135-224,None,None,중개거래,경기 성남시 분당구,25.10.01,607,개인,개인,N
41135,10100,1,0034,0000,분당로,41135,3180026,01,0,00190,00000,분당동,샛별마을(라이프),34,89.8,2025,6,27,149700,6,1992,41135-19,None,None,중개거래,경기 성남시 분당구,25.10.22,107,개인,개인,N
41135,10100,1,0039,0000,수내로,41135,3180039,01,0,00201,00000,분당동,샛별마을(삼부),39,59.82,2025,6,26,113200,5,1992,41135-20,None,None,중개거래,경기 성남시 분당구,25.10.22,407,개인,개인,N
41135,11100,1,0180,0000,정자일로,41135,3180021,02,0,00046,00000,금곡동,청솔마을(유천),180,40.5,2025,6,24,80000,9,1995,41135-157,None,None,중개거래,경기 성남시 분당구,25.09.05,202,개인,개인,N
41135,10300,1,0121,0000,내정로,41135,3180003,02,0,00055,00000,정자동,상록마을(우성)1,121,55.14,2025,6,19,140000,14,1994,41135-60,None,None,중개거래,경기 성남시 분당구,25.09.16,303,개인,개인,N
41135,10500,1,0087,0000,중앙공원로,41135,3180049,01,0,00053,00000,서현동,시범한신,87,84.69,2025,6,23,191000,3,1991,41135-102,None,None,중개거래,경기 성남시 분당구,25.10.30,116,개인,개인,N
41135,10600,1,0124,0000,서현로,41135,3180034,03,0,00181,00000,이매동,이매촌(한신),124,50.1,2025,6,19,110300,13,1992,41135-97,None,None,중개거래,경기 성남시 분당구,25.09.26,210,개인,개인,N
41135,11100,1,0181,0000,정자일로,41135,3180021,02,0,00072,00000,금곡동,청솔마을(한라),181,58.8,2025,6,20,123000,7,1995,41135-159,None,None,중개거래,경기 성남시 분당구,25.10.30,310,개인,개인,N
41135,10300,1,0112,0000,정자로,41135,3180058,01,0,00115,00000,정자동,한솔마을(5단지)(주공),112,42.75,2025,6,20,87000,24,1994,41135-223,None,None,중개거래,"경기 성남시 분당구, 경기 성남시 중원구",25.08.22,512,개인,개인,N
41135,10600,1,0133,0000,탄천로,41135,3180050,01,0,00095,00000,이매동,아름마을(두산),133,132.72,2025,6,25,165000,14,1992,41135-82,None,None,중개거래,"경기 성남시 분당구, 경기 성남시 수정구",25.09.25,424,개인,개인,N
41135,10800,1,0634,0000,판교원로,41135,3180052,01,0,00207,00000,판교동,판교원마을5단지(푸르지오),634,101.06,2025,6,27,195000,26,2009,41135-462,None,None,중개거래,경기 성남시 분당구,25.09.29,502,개인,개인,N
41135,10300,1,0117,0000,내정로,41135,3180003,02,0,00054,00000,정자동,한솔마을(6단지)(주공),117,58.71,2025,6,11,100000,7,1995,41135-224,None,None,중개거래,경기 성남시 분당구,25.08.28,610,개인,개인,N
41135,10500,1,0096,0000,중앙공원로,41135,3180049,01,0,00054,00000,서현동,시범우성,96,164.4,2025,6,12,246000,12,1991,41135-100,None,None,중개거래,"경기 성남시 분당구, 서울 강남구",25.08.26,226,개인,개인,N
41135,10300,1,0009,0000,정자일로,41135,3180021,01,0,00239,00000,정자동,현대I-PARK1,9,172.67,2025,6,26,235000,12,2003,41135-242,None,None,중개거래,경기 성남시 분당구,25.12.10,102,개인,개인,N
41135,10300,1,0192,0000,불정로,41135,3180030,03,0,00119,00000,정자동,정든마을(8단지)(한진),192,134.97,2025,6,25,160000,14,1995,41135-229,None,None,중개거래,경기 성남시 분당구,25.09.30,809,개인,개인,N
41135,11400,1,0110,0000,미금일로,41135,3180061,03,0,00021,00000,구미동,하얀마을(5단지)(주공),110,38.07,2025,6,11,64800,5,1995,41135-207,None,None,중개거래,경기 성남시 분당구,25.08.13,505,개인,개인,N
41135,10500,1,0299,0000,분당로201번길,41135,4340154,01,0,00017,00000,서현동,효자촌(현대),299,195.96,2025,6,23,199900,5,1992,41135-111,None,None,중개거래,경기 성남시 분당구,25.08.13,114,개인,개인,N
41135,10200,1,0024,0000,내정로165번길,41135,4340034,01,0,00035,00000,수내동,양지마을(5단지)(한양515-529),24,134.55,2025,6,23,250000,9,1992,41135-248,None,None,중개거래,경기 성남시 분당구,25.11.06,527,개인,개인,N
41135,10200,1,0034,0000,수내로,41135,3180039,02,0,00074,00000,수내동,양지마을(금호1),34,133.82,2025,6,18,252000,8,1992,41135-71,None,None,중개거래,경기 성남시 분당구,25.11.28,114,개인,개인,N
41135,11400,1,0212,0000,미금로22번길,41135,4340093,01,0,00010,00000,구미동,무지개(12단지)(주공),212,59.98,2025,6,24,66000,1,1995,41135-187,O,25.09.04,중개거래,경기 성남시 분당구,None,None,개인,개인,N
41135,10500,1,0308,0000,불정로,41135,3180030,04,0,00362,00000,서현동,효자촌(럭키),308,70.686,2025,6,27,110000,13,1994,41135-107,None,None,중개거래,경기 성남시 분당구,25.12.16,605,개인,개인,N
41135,10300,1,0009,0000,정자일로,41135,3180021,01,0,00239,00000,정자동,현대I-PARK1,9,80.31,2025,6,27,154000,12,2003,41135-242,None,None,중개거래,경기 성남시 분당구,26.04.29,101,개인,개인,N
41135,10200,1,0001,0001,수내로,41135,3180039,00,0,00039,00000,수내동,분당지웰푸르지오,1-1,119.0563,2025,6,25,209000,19,2022,41135-607,None,None,중개거래,경기 성남시 분당구,25.10.13,102,개인,개인,N
41135,10300,1,0200,0000,불정로,41135,3180030,03,0,00141,00000,정자동,정든마을(1단지)(동아),200,124.26,2025,6,21,155000,8,1995,41135-225,None,None,중개거래,경기 성남시 분당구,25.09.30,107,개인,개인,N
41135,11400,1,0077,0000,미금로,41135,3180016,02,0,00184,00000,구미동,까치마을(1단지)(대우롯데선경),77,84.79,2025,6,27,145000,1,1995,41135-232,None,None,중개거래,경기 성남시 분당구,25.09.19,113,개인,개인,N
41135,10300,1,0090,0000,느티로,41135,3180004,01,0,00070,00000,정자동,느티마을(4단지)(공무원),90,58.71,2025,6,12,165000,11,1994,41135-54,None,None,중개거래,경기 성남시 분당구,25.10.23,406,개인,개인,N
41135,10700,1,0147,0000,판교로743번길,41135,4340541,01,0,00007,00000,야탑동,목련마을SK,147,59.93,2025,6,21,61000,13,1998,41135-130,None,None,직거래,None,25.09.09,602,개인,개인,N
41135,10200,1,0024,0000,내정로165번길,41135,4340034,01,0,00035,00000,수내동,양지마을(5단지)(한양501-514),24,28.16,2025,6,23,68900,5,1992,41135-73,None,None,중개거래,경기 성남시 분당구,25.07.18,514,개인,개인,N
41135,10300,1,0028,0001,성남대로,41135,2000005,02,0,00449,00000,정자동,로얄팰리스,28-1,137.76,2025,6,20,195000,25,2003,41135-70,O,25.10.14,중개거래,경기 성남시 분당구,None,None,개인,개인,N
41135,10700,1,0334,0000,장미로,41135,3180048,01,0,00101,00000,야탑동,장미마을(현대),334,75.188,2025,6,23,104000,15,1993,41135-139,None,None,중개거래,경기 성남시 분당구,25.10.31,808,개인,개인,N
41135,10300,1,0180,0000,정자일로,41135,3180021,01,0,00100,00000,정자동,미켈란쉐르빌,180,165.25,2025,6,18,199000,20,2003,41135-241,None,None,중개거래,경기 성남시 분당구,25.11.03,D,개인,개인,N
41135,10900,1,0742,0000,동판교로,41135,3178016,01,0,00153,00000,삼평동,봇들마을8단지(주공),742,84.92,2025,6,26,262000,14,2009,41135-468,None,None,중개거래,경기 성남시 분당구,25.09.01,801,개인,개인,N
41135,10500,1,0096,0000,중앙공원로,41135,3180049,01,0,00054,00000,서현동,시범우성,96,84.6,2025,6,21,190000,10,1991,41135-100,None,None,중개거래,경기 성남시 분당구,25.10.23,210,개인,개인,N
41135,11500,1,0918,0000,판교원로82번길,41135,4340480,01,0,00030,00000,운중동,산운마을13단지(태영),918,101.67,2025,6,21,152000,9,2010,41135-477,O,25.08.13,중개거래,경기 성남시 분당구,None,None,개인,개인,N
41135,10800,1,0494,0000,서판교로,41135,3180044,01,0,00165,00000,판교동,판교원마을12단지(힐스테이트),494,118.6,2025,6,27,159000,12,2009,41135-447,None,None,중개거래,경기 성남시 분당구,25.09.18,1205,개인,개인,N
41135,10500,1,0307,0000,불정로386번길,41135,4340190,01,0,00010,00000,서현동,효자촌(미래타운),307,134.64,2025,6,11,137000,10,1994,41135-108,None,None,중개거래,경기 성남시 분당구,25.09.02,601,개인,개인,N
41135,10700,1,0211,0000,장미로,41135,3180048,01,0,00193,00000,야탑동,매화마을(주공4),211,41.85,2025,6,26,52500,4,1993,41135-249,None,None,중개거래,경기 성남시 분당구,25.09.15,401,개인,개인,N
41135,10500,1,0092,0000,중앙공원로,41135,3180049,01,0,00020,00000,서현동,시범현대,92,108.75,2025,6,11,190000,14,1991,41135-99,None,None,중개거래,경기 성남시 분당구,25.10.02,420,개인,개인,N
41135,10700,1,0330,0000,장미로,41135,3180048,01,0,00055,00000,야탑동,장미마을(코오롱)1,330,74.14,2025,6,18,108000,14,1993,41135-138,None,None,중개거래,경기 성남시 분당구,25.08.20,118,개인,개인,N
41135,10200,1,0036,0000,내정로,41135,3180003,01,0,00185,00000,수내동,양지마을(2단지)(청구),36,84.99,2025,6,27,190000,3,1992,41135-72,None,None,중개거래,경기 성남시 분당구,25.11.14,211,개인,개인,N
41135,10700,1,0330,0000,장미로,41135,3180048,01,0,00055,00000,야탑동,장미마을(코오롱)1,330,84.6,2025,6,19,116000,2,1993,41135-138,None,None,중개거래,경기 성남시 분당구,25.09.25,102,개인,개인,N
41135,10200,1,0052,0000,내정로174번길,41135,4340037,01,0,00042,00000,수내동,파크타운(서안),52,84.78,2025,6,20,152000,6,1993,41135-77,None,None,중개거래,경기 성남시 분당구,25.09.26,140,개인,개인,N
41135,10700,1,0334,0000,장미로,41135,3180048,01,0,00101,00000,야탑동,장미마을(현대),334,41.76,2025,6,26,63000,3,1993,41135-139,O,25.07.16,중개거래,경기 용인시 수지구,None,None,개인,개인,N
41135,10300,1,0200,0000,불정로,41135,3180030,03,0,00141,00000,정자동,정든마을(1단지)(동아),200,124.26,2025,6,27,153000,12,1995,41135-225,None,None,중개거래,경기 성남시 분당구,25.09.11,107,개인,개인,N
41135,10700,1,0525,0000,판교로,41135,3180051,02,0,00519,00000,야탑동,탑마을(경남)1,525,134.79,2025,6,16,95000,1,1994,41135-140,None,None,중개거래,경기 성남시 분당구,25.07.16,714,개인,개인,N
41135,10500,1,0092,0000,중앙공원로,41135,3180049,01,0,00020,00000,서현동,시범현대,92,84.57,2025,6,20,179000,28,1991,41135-99,None,None,중개거래,경기 성남시 분당구,25.07.31,413,개인,개인,N
41135,10600,1,0100,0000,양현로,41135,3180042,02,0,00220,00000,이매동,이매촌(삼성),100,127.83,2025,6,21,155000,4,1994,41135-92,None,None,중개거래,경기 성남시 분당구,25.10.24,1002,개인,개인,N
41135,10700,1,0525,0000,판교로,41135,3180051,02,0,00519,00000,야탑동,탑마을(경남)1,525,134.79,2025,6,26,135900,11,1994,41135-140,O,25.08.19,중개거래,경기 성남시 분당구,None,None,개인,개인,N
41135,10100,1,0066,0000,분당로263번길,41135,4340156,01,0,00024,00000,분당동,장안타운(건영),66,85.0,2025,6,23,106500,13,1993,41135-32,None,None,중개거래,경기 성남시 분당구,25.09.22,120,개인,개인,N
41135,10700,1,0215,0000,장미로,41135,3180048,01,0,00139,00000,야탑동,매화마을공무원2,215,58.71,2025,6,15,77000,14,1995,41135-120,None,None,중개거래,경기 성남시 분당구,25.11.18,203,개인,개인,N
41135,10700,1,0330,0000,장미로,41135,3180048,01,0,00055,00000,야탑동,장미마을(코오롱)1,330,74.14,2025,6,11,106500,5,1993,41135-138,None,None,중개거래,경기 성남시 분당구,25.10.31,132,개인,개인,N
41135,10700,1,0536,0000,야탑로,41135,3180041,01,0,00020,00000,야탑동,탑마을(선경)1,536,83.73,2025,6,16,120000,7,1992,41135-145,None,None,중개거래,경기 성남시 분당구,25.09.12,108,개인,개인,N
41135,10500,1,0091,0000,중앙공원로,41135,3180049,01,0,00017,00000,서현동,시범한양,91,35.1,2025,6,27,85000,4,1991,41135-103,O,25.07.28,중개거래,경기 성남시 분당구,None,None,개인,개인,N
41135,11400,1,0212,0000,미금로22번길,41135,4340093,01,0,00010,00000,구미동,무지개(12단지)(주공),212,59.98,2025,6,25,78000,10,1995,41135-187,None,None,중개거래,경기 성남시 분당구,26.01.05,1209,개인,개인,N
41135,10800,1,0629,0000,판교로,41135,3180051,03,0,00020,00000,판교동,판교원마을3단지(푸르지오),629,84.51,2025,6,30,162000,16,2009,41135-460,O,25.08.14,중개거래,경기 성남시 분당구,None,None,개인,개인,N
41135,10300,1,0112,0000,정자로,41135,3180058,01,0,00115,00000,정자동,한솔마을(5단지)(주공),112,74.16,2025,6,16,120000,13,1994,41135-223,None,None,중개거래,경기 성남시 분당구,25.10.17,506,개인,개인,N
41135,11100,1,0181,0000,정자일로,41135,3180021,02,0,00072,00000,금곡동,청솔마을(한라),181,58.8,2025,6,9,112000,8,1995,41135-159,None,None,중개거래,경기 성남시 분당구,25.09.01,309,개인,개인,N
41135,11600,1,0641,0000,판교대장로5길,41135,4859965,01,None,00030,00000,대장동,판교더샵포레스트12단지,641,84.9852,2025,6,27,112800,5,2021,41135-590,None,None,중개거래,경기 성남시 분당구,25.10.30,1201,개인,개인,N
41135,10600,1,0143,0000,이매로,41135,3180047,01,0,00016,00000,이매동,아름마을(효성),143,130.35,2025,6,26,210000,15,1994,41135-88,None,None,중개거래,경기 성남시 분당구,25.11.14,706,개인,개인,N
41135,10300,1,0111,0000,정자로,41135,3180058,01,0,00143,00000,정자동,한솔마을(2단지)(LG),111,101.85,2025,6,7,145000,5,1995,41135-66,None,None,중개거래,경기 성남시 분당구,25.08.27,206,개인,개인,N
41135,10300,1,0215,0000,돌마로,41135,3180007,02,0,00171,00000,정자동,더샵분당파크리버,215,59.9474,2025,6,10,126700,22,2021,41135-601,None,None,중개거래,경기 성남시 분당구,25.09.19,101동,개인,개인,N
41135,11500,1,0921,0000,판교원로,41135,3180052,02,0,00046,00000,운중동,산운마을12단지판교센트럴포레와이시티,921,55.36,2025,6,19,110000,3,2009,41135-457,None,None,중개거래,경기 성남시 분당구,25.10.24,1206,개인,개인,N
41135,11400,1,0211,0000,미금로,41135,3180016,02,0,00023,00000,구미동,무지개(1단지)(대림),211,84.97,2025,6,24,108000,8,1995,41135-180,None,None,중개거래,경기 성남시 분당구,25.10.28,109,개인,개인,N
41135,11000,1,0608,0000,판교백현로,41135,3352601,02,0,00038,00000,백현동,THESHARP판교퍼스트파크,608,84.953,2025,6,14,147000,17,2021,41135-594,None,None,중개거래,"경기 성남시 분당구, 경기 용인시 기흥구",25.09.15,107동,개인,개인,N
41135,10500,1,0092,0000,중앙공원로,41135,3180049,01,0,00020,00000,서현동,시범현대,92,129.73,2025,6,17,196000,5,1991,41135-99,None,None,중개거래,"경기 성남시 분당구, 경기 용인시 수지구",25.07.30,410,개인,개인,N
41135,10300,1,0121,0000,내정로,41135,3180003,02,0,00055,00000,정자동,상록마을(우성)1,121,162.57,2025,6,9,235000,10,1994,41135-60,O,25.10.14,중개거래,경기 성남시 분당구,None,None,개인,개인,N
41135,10300,1,0121,0000,내정로,41135,3180003,00,None,00055,00000,정자동,상록마을(우성)1,121,69.12,2025,6,7,170000,15,1994,41135-60,None,None,중개거래,경기 성남시 분당구,25.09.15,324,개인,개인,N
41135,10300,1,0006,0000,정자일로,41135,3180021,01,0,00248,00000,정자동,파크뷰,6,124.515,2025,6,17,261000,10,2004,41135-250,None,None,중개거래,경기 성남시 분당구,25.08.29,606,개인,개인,N
41135,10700,1,0518,0000,매화로,41135,3180012,01,0,00012,00000,야탑동,탑마을(주공),518,35.28,2025,6,27,54000,10,1993,41135-147,None,None,중개거래,경기 성남시 분당구,25.09.05,805,개인,개인,N
41135,10700,1,0511,0000,양현로,41135,3180042,03,0,00272,00000,야탑동,탑마을(기산)1,511,131.4,2025,6,25,160000,17,1993,41135-142,None,None,중개거래,경기 성남시 분당구,25.10.21,302,개인,개인,N
41135,10600,1,0142,0000,이매로,41135,3180047,01,0,00011,00000,이매동,아름마을(선경),142,83.58,2025,6,27,172000,14,1993,41135-84,None,None,중개거래,경기 성남시 분당구,25.10.01,601,개인,개인,N
41135,10100,1,0038,0000,수내로,41135,3180039,01,0,00181,00000,분당동,샛별마을(우방),38,133.86,2025,6,25,189000,7,1994,41135-21,O,25.08.25,중개거래,"경기 성남시 분당구, 경기 성남시 수정구",None,None,개인,개인,N
41135,10300,1,0006,0000,정자일로,41135,3180021,01,0,00248,00000,정자동,파크뷰,6,84.99,2025,6,30,238000,24,2004,41135-250,None,None,중개거래,경기 성남시 분당구,25.10.20,604,개인,개인,N
41135,11000,1,0531,0000,대왕판교로606번길,41135,4340053,00,None,00010,00000,백현동,판교알파리움1단지,531,96.148,2025,6,20,230000,9,2015,41135-529,None,None,중개거래,경기 성남시 분당구,26.03.10,101,개인,개인,N
41135,11100,1,0208,0000,정자일로,41135,3180021,02,0,00021,00000,금곡동,삼라마이다스빌,208,146.89,2025,6,27,125000,9,2004,41135-273,None,None,중개거래,경기 성남시 분당구,25.11.03,None,개인,개인,N
41135,10300,1,0015,0004,정자일로232번길,41135,4340532,01,0,00025,00000,정자동,두산제니스,15-4,84.89,2025,6,6,160000,3,2003,41135-244,None,None,중개거래,경기 성남시 분당구,25.08.21,A,개인,개인,N
41135,10500,1,0091,0000,중앙공원로,41135,3180049,01,0,00017,00000,서현동,시범한양,91,101.66,2025,6,25,182000,4,1991,41135-103,None,None,중개거래,경기 성남시 분당구,25.08.18,307,개인,개인,N
41135,11500,1,0922,0000,판교원로,41135,3180052,02,0,00068,00000,운중동,산운마을11단지(판교포레라움),922,51.13,2025,6,21,100500,5,2009,41135-466,None,None,중개거래,경기 성남시 분당구,26.04.30,1104,개인,개인,N
41135,10200,1,0052,0000,내정로174번길,41135,4340037,01,0,00042,00000,수내동,파크타운(서안),52,59.32,2025,6,10,110000,22,1993,41135-77,None,None,중개거래,경기 성남시 분당구,26.02.03,140,개인,개인,N
41135,10500,1,0092,0000,중앙공원로,41135,3180049,01,0,00020,00000,서현동,시범현대,92,84.95,2025,6,11,170000,12,1991,41135-99,None,None,중개거래,경기 성남시 분당구,25.09.10,427,개인,개인,N
41135,10300,1,0192,0000,정자로,41135,3180058,01,0,00112,00000,정자동,정든마을(5단지)(신화),192,101.82,2025,6,14,144800,7,1995,41135-63,O,25.07.08,중개거래,"경기 성남시 분당구, 경기 용인시 수지구",None,None,개인,개인,N
41135,10700,1,0511,0000,양현로,41135,3180042,03,0,00254,00000,야탑동,탑마을(쌍용)1,511,131.4,2025,6,16,143000,2,1993,41135-146,None,None,중개거래,경기 성남시 분당구,25.10.13,501,개인,개인,N
41135,10200,1,0075,0000,백현로,41135,3180022,01,0,00227,00000,수내동,푸른마을(쌍용),75,84.72,2025,6,22,153000,20,1992,41135-80,None,None,중개거래,경기 성남시 분당구,25.08.13,508,개인,개인,N
41135,11100,1,0133,0000,미금로,41135,3180016,01,0,00216,00000,금곡동,청솔마을(주공9단지),133,36.54,2025,6,23,64000,5,1995,41135-158,None,None,중개거래,경기 성남시 분당구,25.08.22,903,개인,개인,N
41135,10300,1,0180,0000,정자일로,41135,3180021,01,0,00100,00000,정자동,미켈란쉐르빌,180,194.81,2025,6,24,268000,9,2003,41135-241,None,None,중개거래,경기 성남시 분당구,None,None,개인,개인,N
41135,10300,1,0102,0000,백현로,41135,3180022,02,0,00206,00000,정자동,한솔마을(4단지)(주공),102,42.75,2025,6,18,71000,21,1994,41135-67,None,None,중개거래,경기 성남시 분당구,25.07.10,415,법인,개인,N
41135,11400,1,0201,0000,미금로,41135,3180016,02,0,00063,00000,구미동,무지개(3단지)(신한),201,69.72,2025,6,27,96000,15,1996,41135-184,O,25.07.08,중개거래,"경기 성남시 중원구, 경기 수원시 영통구",None,None,개인,개인,N
41135,10700,1,0517,0000,야탑로,41135,3180041,01,0,00124,00000,야탑동,탑마을(벽산),517,134.79,2025,6,27,140000,20,1994,41135-144,None,None,중개거래,경기 성남시 분당구,25.11.03,611,개인,개인,N
41135,10600,1,0123,0000,양현로94번길,41135,4340315,01,0,00029,00000,이매동,이매촌(청구),123,59.92,2025,6,16,129000,1,1992,41135-96,None,None,중개거래,경기 성남시 분당구,25.09.30,609,개인,개인,N
41135,11400,1,0077,0000,미금로,41135,3180016,02,0,00184,00000,구미동,까치마을(1단지)(대우롯데선경),77,84.79,2025,6,24,161000,19,1995,41135-232,None,None,중개거래,경기 성남시 분당구,25.10.30,101,개인,개인,N
41135,10600,1,0121,0000,양현로,41135,3180042,02,0,00088,00000,이매동,이매촌(동부코오롱),121,123.48,2025,6,6,180000,2,1993,41135-90,None,None,중개거래,경기 성남시 분당구,25.08.14,501,개인,개인,N
41135,10600,1,0124,0000,서현로,41135,3180034,03,0,00181,00000,이매동,이매촌(한신),124,84.9,2025,6,27,167000,15,1992,41135-97,None,None,중개거래,경기 성남시 분당구,25.08.25,202,개인,개인,N
41135,10200,1,0024,0000,내정로165번길,41135,4340034,01,0,00035,00000,수내동,양지마을(5단지)(한양501-514),24,42.56,2025,6,27,104500,4,1992,41135-73,None,None,중개거래,경기 성남시 분당구,25.10.17,514,개인,개인,N
41135,10200,1,0024,0000,내정로165번길,41135,4340034,01,0,00035,00000,수내동,양지마을(5단지)(한양501-514),24,28.16,2025,6,24,70000,3,1992,41135-73,None,None,중개거래,경기 성남시 분당구,25.08.25,513,개인,개인,N
41135,10600,1,0133,0000,탄천로,41135,3180050,01,0,00095,00000,이매동,아름마을(두산),133,132.72,2025,6,26,165000,14,1992,41135-82,O,25.07.04,중개거래,"경기 성남시 분당구, 경기 성남시 수정구",None,None,개인,개인,N
41135,10700,1,0330,0000,장미로,41135,3180048,01,0,00055,00000,야탑동,장미마을(코오롱)1,330,74.14,2025,6,23,101000,8,1993,41135-138,None,None,직거래,None,25.09.12,132,개인,개인,N
41135,10600,1,0124,0000,서현로,41135,3180034,03,0,00181,00000,이매동,이매촌(한신),124,66.27,2025,6,26,130000,11,1992,41135-97,None,None,중개거래,경기 성남시 분당구,25.09.15,207,개인,개인,N
41135,10700,1,0334,0000,장미로,41135,3180048,01,0,00101,00000,야탑동,장미마을(현대),334,41.76,2025,6,26,61700,10,1993,41135-139,O,25.07.16,중개거래,경기 성남시 분당구,None,None,개인,개인,N
41135,10900,1,0722,0000,동판교로,41135,3178016,01,0,00225,00000,삼평동,봇들마을3단지(주공),722,59.84,2025,6,21,145000,3,2009,41135-452,O,25.08.07,중개거래,경기 성남시 분당구,None,None,개인,개인,N
41135,10800,1,0623,0000,판교로,41135,3180051,03,0,00030,00000,판교동,판교원마을2단지(푸르지오),623,115.09,2025,6,18,169000,3,2009,41135-459,O,25.08.08,중개거래,경기 성남시 분당구,None,None,개인,개인,N
41135,10500,1,0291,0000,돌마로486번길,41135,4340062,01,0,00007,00000,서현동,효자촌(동아),291,84.72,2025,6,11,135000,5,1992,41135-106,None,None,중개거래,경기 성남시 분당구,25.09.19,208,개인,개인,N
41135,10600,1,0124,0000,서현로,41135,3180034,03,0,00181,00000,이매동,이매촌(한신),124,66.27,2025,6,18,132000,11,1992,41135-97,None,None,중개거래,경기 성남시 분당구,25.09.12,208,개인,개인,N
41135,10300,1,0088,0000,느티로,41135,3180004,01,0,00070,00000,정자동,느티마을(3단지)(공무원),88,58.71,2025,6,9,165000,4,1994,41135-55,None,None,중개거래,경기 성남시 분당구,25.10.31,306,개인,개인,N
41135,10700,1,0517,0000,야탑로,41135,3180041,01,0,00124,00000,야탑동,탑마을(벽산),517,101.97,2025,6,18,135000,12,1994,41135-144,None,None,중개거래,경기 성남시 분당구,25.10.29,605,개인,개인,N
41135,10700,1,0211,0000,장미로,41135,3180048,01,0,00193,00000,야탑동,매화마을(주공4),211,35.28,2025,6,27,46800,3,1993,41135-249,None,None,중개거래,경기 성남시 분당구,26.03.03,402,개인,개인,N
41135,11100,1,0133,0000,미금로,41135,3180016,01,0,00216,00000,금곡동,청솔마을(주공9단지),133,36.54,2025,6,21,65900,6,1995,41135-158,None,None,중개거래,경기 성남시 분당구,25.09.17,901,개인,개인,N
41135,10700,1,0211,0000,장미로,41135,3180048,01,0,00193,00000,야탑동,매화마을(주공4),211,41.85,2025,6,24,51800,2,1993,41135-249,None,None,중개거래,경기 성남시 분당구,25.08.22,401,개인,개인,N
41135,10900,1,0705,0000,동판교로,41135,3178016,01,0,00275,00000,삼평동,봇들마을1단지(판교신미주),705,82.794,2025,6,21,160500,9,2009,41135-440,None,None,중개거래,경기 성남시 분당구,25.08.25,118,개인,개인,N
41135,10500,1,0292,0000,불정로,41135,3180030,04,0,00397,00000,서현동,효자촌(임광),292,129.88,2025,6,18,155000,13,1992,41135-110,None,None,중개거래,경기 성남시 분당구,26.05.07,315,개인,개인,N
41135,10700,1,0334,0000,장미로,41135,3180048,01,0,00101,00000,야탑동,장미마을(현대),334,84.97,2025,6,23,113000,4,1993,41135-139,None,None,중개거래,경기 성남시 분당구,25.10.01,831,개인,개인,N
41135,10700,1,0205,0000,양현로,41135,3180042,03,0,00507,00000,야탑동,매화마을(주공3),205,38.34,2025,6,23,55500,2,1993,41135-117,None,None,중개거래,경기 성남시 분당구,25.11.28,307,개인,개인,N
41135,10300,1,0014,0003,정자일로,41135,3180021,01,0,00210,00000,정자동,동양정자파라곤(1단지),14-3,166.38,2025,6,9,203000,11,2004,41135-265,None,None,중개거래,경기 성남시 분당구,25.09.30,101,개인,개인,N
41135,10200,1,0024,0000,내정로165번길,41135,4340034,01,0,00035,00000,수내동,양지마을(5단지)(한양501-514),24,28.16,2025,6,20,68500,6,1992,41135-73,None,None,중개거래,경기 성남시 분당구,25.08.22,513,개인,개인,N
41135,11000,1,0545,0000,동판교로,41135,3178016,02,0,00122,00000,백현동,백현마을2단지,545,84.5,2025,6,3,198000,1,2009,41135-473,None,None,중개거래,"경기 성남시 분당구, 경기 용인시 수지구",25.10.31,210,개인,개인,N
41135,10500,1,0091,0000,중앙공원로,41135,3180049,01,0,00017,00000,서현동,시범한양,91,134.87,2025,6,26,220000,1,1991,41135-103,None,None,중개거래,경기 성남시 분당구,26.01.16,302,개인,개인,N
41135,11500,1,0988,0000,산운로,41135,3180031,01,0,00121,00000,운중동,산운마을6단지(신동아파밀리에),988,101.12,2025,6,19,175000,6,2009,41135-467,None,None,중개거래,경기 성남시 분당구,25.09.19,610,개인,개인,N
41135,10300,1,0006,0000,정자일로,41135,3180021,01,0,00248,00000,정자동,파크뷰,6,162.869,2025,6,23,300000,10,2004,41135-250,None,None,중개거래,경기 성남시 분당구,25.09.04,611,개인,개인,N
41135,10600,1,0133,0000,탄천로,41135,3180050,01,0,00095,00000,이매동,아름마을(두산),133,59.79,2025,6,24,96500,1,1992,41135-82,None,None,중개거래,경기 성남시 분당구,25.07.23,414,개인,개인,N
41135,11500,1,0921,0000,판교원로,41135,3180052,02,0,00046,00000,운중동,산운마을12단지판교센트럴포레와이시티,921,59.9,2025,6,13,118000,18,2009,41135-457,None,None,중개거래,경기 성남시 분당구,25.10.13,1201,개인,개인,N
41135,11500,1,0922,0000,판교원로,41135,3180052,02,0,00068,00000,운중동,산운마을11단지(판교포레라움),922,51.16,2025,6,18,103500,9,2009,41135-466,None,None,중개거래,경기 성남시 분당구,25.10.31,1103,개인,개인,N
41135,10300,1,0198,0000,불정로,41135,3180030,03,0,00195,00000,정자동,정든마을(6단지)(우성),198,48.84,2025,6,19,77000,4,1994,41135-227,None,None,중개거래,경기 성남시 분당구,25.09.15,615,개인,개인,N
41135,10700,1,0334,0000,장미로,41135,3180048,01,0,00101,00000,야탑동,장미마을(현대),334,41.76,2025,6,6,61400,5,1993,41135-139,None,None,중개거래,"경기 성남시 분당구, 경기 성남시 중원구",25.08.29,822,개인,개인,N
41135,10300,1,0198,0000,불정로,41135,3180030,03,0,00179,00000,정자동,정든마을(2단지)(동아),198,48.84,2025,6,27,75000,3,1995,41135-62,None,None,중개거래,경기 성남시 분당구,25.09.30,201,개인,개인,N
41135,10700,1,0334,0000,장미로,41135,3180048,01,0,00101,00000,야탑동,장미마을(현대),334,84.97,2025,6,27,119000,13,1993,41135-139,None,None,중개거래,경기 성남시 분당구,25.09.10,821,개인,개인,N
41135,10500,1,0087,0000,중앙공원로,41135,3180049,01,0,00053,00000,서현동,시범삼성,87,59.995,2025,6,19,139000,3,1991,41135-98,None,None,중개거래,경기 성남시 분당구,25.09.30,102,개인,개인,N
41135,10700,1,0330,0000,장미로,41135,3180048,01,0,00055,00000,야탑동,장미마을(동부),330,84.99,2025,6,17,126700,12,1993,41135-137,None,None,중개거래,"경기 성남시 분당구, 경기 성남시 중원구",25.08.20,138,개인,개인,N
41135,11400,1,0212,0000,미금로22번길,41135,4340093,01,0,00010,00000,구미동,무지개(12단지)(주공),212,58.14,2025,6,13,67500,14,1995,41135-187,None,None,중개거래,"경기 수원시 팔달구, 경기 용인시 수지구",25.09.08,1201,개인,개인,N
41135,10200,1,0024,0000,내정로165번길,41135,4340034,01,0,00035,00000,수내동,양지마을(5단지)(한양501-514),24,35.1,2025,6,21,80000,10,1992,41135-73,None,None,중개거래,경기 성남시 분당구,25.08.01,509,개인,개인,N
41135,10500,1,0091,0000,중앙공원로,41135,3180049,01,0,00017,00000,서현동,시범한양,91,134.87,2025,6,10,205000,3,1991,41135-103,None,None,중개거래,경기 성남시 분당구,25.11.03,303,개인,개인,N
41135,10500,1,0087,0000,중앙공원로,41135,3180049,01,0,00053,00000,서현동,시범삼성,87,84.69,2025,6,11,185000,22,1991,41135-98,None,None,중개거래,경기 성남시 분당구,25.09.19,130,개인,개인,N
41135,11000,1,0542,0000,동판교로,41135,3178016,02,0,00123,00000,백현동,판교푸르지오그랑블,542,117.5193,2025,6,15,370000,5,2011,41135-497,None,None,중개거래,경기 성남시 분당구,26.01.15,104,개인,개인,N
41135,10800,1,0637,0000,판교원로,41135,3180052,01,0,00237,00000,판교동,판교원마을7단지(모아미래도),637,56.555,2025,6,26,120000,6,2009,41135-439,None,None,중개거래,경기 성남시 분당구,25.08.22,707,개인,개인,N
41135,11400,1,0221,0000,무지개로,41135,3180014,01,0,00144,00000,구미동,무지개(5단지)(청구),221,85.0,2025,6,12,113000,12,1995,41135-188,None,None,중개거래,경기 성남시 분당구,25.10.20,503,개인,개인,N
41135,11400,1,0063,0000,미금일로,41135,3180061,03,0,00058,00000,구미동,까치마을(4단지)(롯데),63,70.66,2025,6,26,135000,10,1995,41135-164,O,25.07.23,중개거래,경기 성남시 분당구,None,None,개인,개인,N
41135,11400,1,0212,0000,미금로22번길,41135,4340093,01,0,00010,00000,구미동,무지개(12단지)(주공),212,49.36,2025,6,18,60000,6,1995,41135-187,None,None,중개거래,경기 성남시 분당구,25.08.21,1204,개인,개인,N
41135,10300,1,0102,0000,백현로,41135,3180022,02,0,00206,00000,정자동,한솔마을(4단지)(주공),102,35.28,2025,6,20,59900,3,1994,41135-67,None,None,중개거래,경기 성남시 분당구,25.08.14,403,개인,개인,N
41135,10700,1,0511,0000,양현로,41135,3180042,03,0,00272,00000,야탑동,탑마을(쌍용)1,511,131.4,2025,6,12,152500,12,1993,41135-146,None,None,중개거래,경기 성남시 분당구,25.08.11,305,개인,개인,N
41135,11100,1,0133,0000,미금로,41135,3180016,01,0,00216,00000,금곡동,청솔마을(주공9단지),133,36.54,2025,6,13,63300,5,1995,41135-158,None,None,중개거래,경기 성남시 분당구,25.08.11,901,개인,개인,N
41135,10300,1,0194,0000,내정로,41135,3180003,02,0,00010,00000,정자동,정든마을(7단지)(한진),194,49.5,2025,6,27,95800,9,1994,41135-228,None,None,중개거래,경기 성남시 분당구,25.12.19,705,개인,개인,N
41135,10200,1,0024,0000,내정로165번길,41135,4340034,01,0,00035,00000,수내동,양지마을(5단지)(한양501-514),24,35.1,2025,6,21,82000,14,1992,41135-73,None,None,중개거래,경기 성남시 분당구,25.07.22,512,개인,개인,N
41135,10900,1,0705,0000,동판교로,41135,3178016,01,0,00275,00000,삼평동,봇들마을1단지(판교신미주),705,82.794,2025,6,27,158000,4,2009,41135-440,O,25.08.29,중개거래,경기 성남시 분당구,None,None,개인,개인,N
41135,10300,1,0102,0000,백현로,41135,3180022,02,0,00206,00000,정자동,한솔마을(4단지)(주공),102,35.28,2025,6,7,59800,8,1994,41135-67,None,None,중개거래,경기 성남시 분당구,25.07.23,403,개인,개인,N
41135,11600,1,0591,0000,판교대장로7길,41135,4859967,01,None,00057,00000,대장동,판교퍼스트힐푸르지오A2,591,84.97,2025,6,27,105000,7,2021,41135-589,None,None,중개거래,경기 성남시 분당구,25.07.10,207,개인,개인,N
41135,11600,1,0642,0000,판교대장로5길,41135,4859965,01,0,00020,00000,대장동,판교풍경채어바니티(5단지),642,84.973,2025,6,17,128000,19,2021,41135-602,None,None,중개거래,경기 성남시 분당구,25.07.15,507동,개인,개인,N
41135,11500,1,0988,0000,산운로,41135,3180031,01,0,00121,00000,운중동,산운마을6단지(신동아파밀리에),988,101.12,2025,6,19,175000,6,2009,41135-467,O,25.06.19,중개거래,경기 성남시 분당구,None,None,개인,개인,N
41135,11100,1,0180,0000,정자일로,41135,3180021,02,0,00046,00000,금곡동,청솔마을(유천),180,40.5,2025,6,19,78800,14,1995,41135-157,None,None,중개거래,경기 성남시 분당구,25.08.29,201,개인,개인,N
41135,11000,1,0542,0000,동판교로,41135,3178016,02,0,00123,00000,백현동,판교푸르지오그랑블,542,98.986,2025,6,18,284000,4,2011,41135-497,None,None,중개거래,경기 성남시 분당구,25.10.21,109,개인,개인,N
41135,10500,1,0087,0000,중앙공원로,41135,3180049,01,0,00053,00000,서현동,시범삼성,87,192.15,2025,6,18,266000,11,1991,41135-98,None,None,중개거래,경기 성남시 분당구,25.10.29,108,개인,개인,N
41135,10300,1,0192,0000,정자로,41135,3180058,01,0,00112,00000,정자동,정든마을(5단지)(신화),192,134.31,2025,6,11,162000,19,1995,41135-63,None,None,중개거래,경기 성남시 분당구,25.09.02,508,개인,개인,N
41135,10600,1,0100,0000,양현로,41135,3180042,02,0,00192,00000,이매동,이매촌(삼성),100,174.67,2025,6,27,185000,6,1994,41135-92,None,None,중개거래,경기 성남시 분당구,25.10.31,1014,개인,개인,N
41135,10700,1,0334,0000,장미로,41135,3180048,01,0,00101,00000,야탑동,장미마을(현대),334,84.97,2025,6,21,119000,8,1993,41135-139,O,25.09.09,중개거래,경기 성남시 분당구,None,None,개인,개인,N
41135,11100,1,0202,0000,정자일로,41135,3180021,02,0,00015,00000,금곡동,분당하우스토리,202,132.14,2025,6,19,134000,20,2004,41135-272,None,None,중개거래,경기 성남시 분당구,25.10.20,분당하우스토리(102동),개인,개인,N
41135,10900,1,0717,0000,판교로,41135,3180051,04,0,00393,00000,삼평동,봇들마을2단지(이지더원),717,84.2822,2025,6,24,139500,1,2009,41135-441,None,None,중개거래,경기 성남시 분당구,25.10.20,204,개인,개인,N
41135,11100,1,0141,0000,미금로,41135,3180016,01,0,00215,00000,금곡동,청솔마을(대원),141,84.97,2025,6,16,137000,10,1994,41135-152,None,None,중개거래,경기 성남시 분당구,25.08.12,810,개인,개인,N
41135,11500,1,0958,0000,산운로,41135,3180031,01,0,00126,00000,운중동,산운마을9단지(대방노블랜드),958,84.99,2025,6,27,152000,4,2008,41135-435,None,None,중개거래,경기 성남시 분당구,25.11.03,901,개인,개인,N
41135,10100,1,0066,0000,장안로51번길,41135,4340382,01,0,00031,00000,분당동,장안타운(건영),66,53.72,2025,6,27,68000,1,1993,41135-32,None,None,중개거래,경기 성남시 분당구,25.08.12,102,개인,개인,N
41135,10700,1,0330,0000,장미로,41135,3180048,01,0,00055,00000,야탑동,장미마을(코오롱)1,330,59.55,2025,6,20,102000,10,1993,41135-138,None,None,중개거래,경기 성남시 분당구,25.08.22,104,개인,개인,N
41135,10300,1,0117,0000,내정로,41135,3180003,02,0,00054,00000,정자동,한솔마을(6단지)(주공),117,37.67,2025,6,16,67000,15,1995,41135-224,None,None,중개거래,경기 성남시 분당구,25.09.03,604,개인,개인,N
41135,11400,1,0063,0000,미금일로,41135,3180061,03,0,00058,00000,구미동,까치마을(4단지)(선경),63,51.32,2025,6,16,93500,3,1995,41135-231,None,None,중개거래,경기 성남시 분당구,25.09.15,402,개인,개인,N
41135,11100,1,0141,0000,미금로,41135,3180016,01,0,00215,00000,금곡동,청솔마을(대원),141,101.67,2025,6,9,150000,4,1994,41135-152,None,None,중개거래,경기 성남시 분당구,25.09.10,803,개인,개인,N
41135,10200,1,0024,0000,내정로165번길,41135,4340034,01,0,00035,00000,수내동,양지마을(5단지)(한양501-514),24,42.56,2025,6,23,105000,1,1992,41135-73,None,None,중개거래,경기 성남시 분당구,25.10.31,514,개인,개인,N
41135,10900,1,0742,0000,동판교로,41135,3178016,01,0,00153,00000,삼평동,봇들마을8단지(주공),742,101.84,2025,6,18,283000,19,2009,41135-468,None,None,중개거래,경기 성남시 분당구,26.02.26,802,개인,개인,N
41135,10200,1,0055,0000,내정로,41135,3180003,01,0,00152,00000,수내동,파크타운(롯데),55,134.91,2025,6,19,218000,14,1993,41135-75,None,None,중개거래,경기 성남시 분당구,25.12.15,133,개인,개인,N
41135,10600,1,0142,0000,이매로,41135,3180047,01,0,00011,00000,이매동,아름마을(선경),142,83.58,2025,6,24,169500,9,1993,41135-84,None,None,중개거래,경기 성남시 분당구,25.09.26,601,개인,개인,N
41135,11100,1,0180,0000,정자일로,41135,3180021,02,0,00046,00000,금곡동,청솔마을(유천),180,40.5,2025,6,18,78000,3,1995,41135-157,None,None,중개거래,경기 성남시 분당구,25.10.30,201,개인,개인,N
41135,10700,1,0156,0000,판교로,41135,3180051,00,0,00669,00000,야탑동,목련마을(영남),156,53.6,2025,6,9,56000,4,1995,41135-127,None,None,중개거래,경기 성남시 분당구,25.09.10,502,개인,개인,N
41135,10800,1,0634,0000,판교원로,41135,3180052,01,0,00207,00000,판교동,판교원마을5단지(푸르지오),634,116.04,2025,6,20,206000,20,2009,41135-462,None,None,중개거래,경기 성남시 분당구,25.10.30,501,개인,개인,N
41135,11100,1,0180,0000,정자일로,41135,3180021,02,0,00046,00000,금곡동,청솔마을(유천),180,84.6,2025,6,13,147000,14,1995,41135-157,None,None,중개거래,경기 성남시 분당구,25.09.11,205,개인,개인,N
41135,10500,1,0308,0000,분당로263번길,41135,4340156,02,0,00013,00000,서현동,효자촌(대우),308,53.82,2025,6,10,80000,5,1994,41135-104,None,None,중개거래,경기 성남시 분당구,25.09.02,619,개인,개인,N
41135,10500,1,0308,0000,불정로,41135,3180030,04,0,00362,00000,서현동,효자촌(화성),308,70.686,2025,6,16,104700,2,1994,41135-112,O,25.07.09,중개거래,경기 성남시 분당구,None,None,개인,개인,N
41135,11400,1,0225,0000,구미로,41135,3180001,01,0,00115,00000,구미동,무지개(6단지)(건영),225,134.82,2025,6,16,135000,6,1995,41135-219,None,None,중개거래,경기 성남시 분당구,25.10.20,602,개인,개인,N
41135,10500,1,0308,0000,불정로,41135,3180030,04,0,00362,00000,서현동,효자촌(럭키),308,70.686,2025,6,10,107000,17,1994,41135-107,None,None,중개거래,경기 성남시 분당구,25.09.02,605,개인,개인,N
41135,11600,1,0592,0000,판교대장로7길,41135,4859967,00,None,00069,00000,대장동,판교퍼스트힐푸르지오1단지,592,84.97,2025,6,21,104500,2,2021,41135-588,None,None,중개거래,"경기 성남시 분당구, 경기 용인시 기흥구",25.09.26,107,개인,개인,N
41135,10100,1,0066,0000,장안로51번길,41135,4340382,01,0,00011,00000,분당동,장안타운(건영),66,70.68,2025,6,11,93000,6,1993,41135-32,None,None,중개거래,경기 성남시 분당구,25.09.10,104,개인,개인,N
41135,10500,1,0091,0000,중앙공원로,41135,3180049,01,0,00017,00000,서현동,시범한양,91,35.1,2025,6,26,84000,5,1991,41135-103,None,None,중개거래,"경기 성남시 분당구, 경기 하남시",25.09.30,331,개인,개인,N
41135,10300,1,0112,0000,정자로,41135,3180058,01,0,00115,00000,정자동,한솔마을(5단지)(주공),112,42.75,2025,6,27,67000,2,1994,41135-223,None,None,중개거래,경기 성남시 분당구,25.09.26,503,개인,개인,N
41135,11400,1,0063,0000,미금일로,41135,3180061,03,0,00058,00000,구미동,까치마을(4단지)(선경),63,51.32,2025,6,26,105000,5,1995,41135-231,None,None,중개거래,경기 성남시 분당구,25.11.03,402,개인,개인,N
41135,10500,1,0091,0000,중앙공원로,41135,3180049,01,0,00017,00000,서현동,시범한양,91,35.1,2025,6,26,86500,15,1991,41135-103,None,None,중개거래,경기 성남시 분당구,25.07.18,330,개인,개인,N
41135,10300,1,0174,0001,정자일로,41135,3180021,01,0,00121,00000,정자동,분당더샾스타파크,174-1,116.4607,2025,6,7,164000,15,2007,41135-422,None,None,중개거래,경기 성남시 분당구,25.12.30,104,개인,개인,N
41135,10200,1,0024,0000,내정로165번길,41135,4340034,01,0,00035,00000,수내동,양지마을(5단지)(한양501-514),24,28.16,2025,6,16,66500,5,1992,41135-73,None,None,중개거래,경기 성남시 분당구,25.08.22,513,개인,개인,N
41135,10200,1,0024,0000,내정로165번길,41135,4340034,01,0,00035,00000,수내동,양지마을(5단지)(한양501-514),24,48.51,2025,6,14,120000,4,1992,41135-73,None,None,중개거래,"경기 성남시 분당구, 서울 서초구",25.09.01,505,개인,개인,N
41135,11600,1,0641,0000,판교대장로5길,41135,4859965,01,None,00030,00000,대장동,판교더샵포레스트12단지,641,84.9852,2025,6,21,111000,1,2021,41135-590,None,None,중개거래,경기 성남시 분당구,25.10.30,1202,개인,개인,N
41135,11000,1,0542,0000,동판교로,41135,3178016,02,0,00123,00000,백현동,판교푸르지오그랑블,542,139.7268,2025,6,15,423000,18,2011,41135-497,None,None,중개거래,경기 성남시 분당구,25.11.06,105,개인,개인,N
41135,10500,1,0087,0000,중앙공원로,41135,3180049,01,0,00053,00000,서현동,시범한신,87,133.295,2025,6,23,245000,8,1991,41135-102,None,None,중개거래,경기 성남시 분당구,25.11.12,125,개인,개인,N
41135,11400,1,0211,0000,미금로,41135,3180016,02,0,00023,00000,구미동,무지개(1단지)(대림),211,127.17,2025,6,9,114800,21,1995,41135-180,None,None,중개거래,경기 성남시 분당구,25.09.09,110,개인,개인,N
41135,10300,1,0006,0000,정자일로,41135,3180021,01,0,00248,00000,정자동,파크뷰,6,199.777,2025,6,27,385000,18,2004,41135-250,O,25.07.08,중개거래,경기 성남시 분당구,None,None,개인,개인,N
41135,10500,1,0092,0000,중앙공원로,41135,3180049,01,0,00020,00000,서현동,시범현대,92,129.73,2025,6,17,217000,6,1991,41135-99,O,25.09.15,중개거래,경기 성남시 분당구,None,None,개인,개인,N
41135,10700,1,0334,0000,장미로,41135,3180048,01,0,00101,00000,야탑동,장미마을(현대),334,84.79,2025,6,6,108000,1,1993,41135-139,None,None,중개거래,경기 성남시 분당구,25.10.31,805,개인,개인,N
41135,11000,1,0542,0000,동판교로,41135,3178016,02,0,00123,00000,백현동,판교푸르지오그랑블,542,117.5193,2025,6,16,380000,4,2011,41135-497,None,None,중개거래,경기 성남시 분당구,25.09.09,102,개인,개인,N
41135,11400,1,0212,0000,미금로22번길,41135,4340093,01,0,00010,00000,구미동,무지개(12단지)(주공),212,59.98,2025,6,17,74000,15,1995,41135-187,None,None,중개거래,경기 성남시 분당구,25.09.10,1208,개인,개인,N
41135,10300,1,0102,0000,백현로,41135,3180022,02,0,00206,00000,정자동,한솔마을(4단지)(주공),102,41.85,2025,6,16,69500,9,1994,41135-67,None,None,중개거래,경기 성남시 분당구,25.09.01,410,개인,개인,N
41135,11000,1,0545,0000,동판교로,41135,3178016,02,0,00122,00000,백현동,백현마을2단지,545,118.65,2025,6,18,260000,8,2009,41135-473,None,None,중개거래,경기 성남시 분당구,25.10.28,204,개인,개인,N
41135,10300,1,0198,0000,불정로,41135,3180030,03,0,00179,00000,정자동,정든마을(2단지)(동아),198,48.84,2025,6,9,73000,14,1995,41135-62,None,None,중개거래,경기 성남시 분당구,25.10.20,206,개인,개인,N
41135,10300,1,0181,0000,정자일로,41135,3180021,01,0,00080,00000,정자동,상록마을(보성),181,48.84,2025,6,7,97000,9,1995,41135-59,None,None,중개거래,경기 성남시 분당구,25.10.30,402,개인,개인,N
41135,11500,1,0988,0000,산운로,41135,3180031,01,0,00121,00000,운중동,산운마을6단지(신동아파밀리에),988,101.06,2025,6,6,186000,10,2009,41135-467,O,25.09.04,중개거래,경기 성남시 분당구,None,None,개인,개인,N
41135,10300,1,0006,0000,정자일로,41135,3180021,01,0,00248,00000,정자동,파크뷰,6,84.99,2025,6,11,230000,15,2004,41135-250,None,None,중개거래,경기 성남시 분당구,25.09.30,604,개인,개인,N
41135,10800,1,0629,0000,판교로,41135,3180051,03,0,00020,00000,판교동,판교원마을3단지(푸르지오),629,101.27,2025,6,23,174000,5,2009,41135-460,None,None,중개거래,경기 성남시 분당구,25.11.03,302,개인,개인,N
41135,11500,1,0956,0000,산운로,41135,3180031,01,0,00098,00000,운중동,산운마을8단지(부영사랑으로),956,59.612,2025,6,26,129000,16,2008,41135-434,None,None,중개거래,"경기 성남시 분당구, 서울 강남구",25.10.31,803,개인,개인,N
41135,10300,1,0006,0000,정자일로,41135,3180021,01,0,00248,00000,정자동,파크뷰,6,139.68,2025,6,11,280000,25,2004,41135-250,O,25.09.03,중개거래,경기 성남시 분당구,None,None,개인,개인,N
41135,10300,1,0117,0000,내정로,41135,3180003,02,0,00054,00000,정자동,한솔마을(6단지)(주공),117,37.67,2025,6,16,60000,1,1995,41135-224,None,None,중개거래,"경기 성남시 분당구, 인천 남동구",25.08.27,601,개인,개인,N
41135,10500,1,0091,0000,중앙공원로,41135,3180049,01,0,00017,00000,서현동,시범한양,91,59.13,2025,6,24,139500,6,1991,41135-103,None,None,중개거래,경기 성남시 분당구,25.07.30,326,개인,개인,N
41135,10300,1,0014,0003,정자일로,41135,3180021,01,0,00210,00000,정자동,동양정자파라곤(1단지),14-3,140.23,2025,6,12,205000,14,2004,41135-265,None,None,중개거래,경기 성남시 분당구,25.10.27,102,개인,개인,N
41135,10800,1,0513,0000,서판교로,41135,3180044,01,0,00147,00000,판교동,판교원마을11단지(힐스테이트),513,115.33,2025,6,6,186000,7,2009,41135-448,None,None,중개거래,경기 성남시 분당구,25.09.19,1102,개인,개인,N
41135,10600,1,0116,0000,이매로,41135,3180047,01,0,00054,00000,이매동,이매촌(성지),116,84.9,2025,6,25,179500,11,1992,41135-94,None,None,중개거래,경기 성남시 분당구,26.02.05,704,개인,개인,N
41135,11500,1,0918,0000,판교원로82번길,41135,4340480,01,0,00030,00000,운중동,산운마을13단지(태영),918,84.72,2025,6,24,143000,27,2010,41135-477,None,None,중개거래,경기 성남시 분당구,25.09.05,1302,개인,개인,N
41135,10700,1,0517,0000,야탑로,41135,3180041,01,0,00124,00000,야탑동,탑마을(벽산),517,134.79,2025,6,21,140000,7,1994,41135-144,None,None,중개거래,경기 성남시 분당구,25.10.31,609,개인,개인,N
41135,10700,1,0162,0000,판교로,41135,3180051,00,0,00645,00000,야탑동,목련마을(한일),162,84.93,2025,6,27,86900,18,1995,41135-129,None,None,중개거래,경기 성남시 분당구,25.09.30,303,개인,개인,N
41135,10700,1,0334,0000,장미로,41135,3180048,01,0,00101,00000,야탑동,장미마을(현대),334,41.76,2025,6,16,62500,14,1993,41135-139,None,None,중개거래,경기 성남시 분당구,25.08.19,822,개인,개인,N
41135,10600,1,0123,0000,양현로94번길,41135,4340315,01,0,00029,00000,이매동,이매촌(청구),123,133.15,2025,6,27,218000,5,1992,41135-96,None,None,중개거래,경기 성남시 분당구,25.10.31,601,개인,개인,N
41135,10200,1,0034,0000,수내로,41135,3180039,02,0,00074,00000,수내동,양지마을(금호1),34,133.82,2025,6,23,245000,8,1992,41135-71,None,None,중개거래,경기 성남시 분당구,25.10.23,102,개인,개인,N
41135,11400,1,0066,0000,미금로,41135,3180016,02,0,00177,00000,구미동,까치마을(3단지)(신원),66,101.86,2025,6,17,162000,10,1995,41135-165,O,25.09.01,중개거래,경기 성남시 분당구,None,None,개인,개인,N
41135,10300,1,0102,0000,백현로,41135,3180022,02,0,00206,00000,정자동,한솔마을(4단지)(주공),102,42.75,2025,6,22,70000,14,1994,41135-67,None,None,중개거래,경기 성남시 분당구,25.08.29,414,개인,개인,N
41135,10600,1,0123,0000,양현로94번길,41135,4340315,01,0,00029,00000,이매동,이매촌(청구),123,84.99,2025,6,11,168500,10,1992,41135-96,None,None,중개거래,경기 성남시 분당구,25.09.18,613,개인,개인,N
41135,10800,1,0629,0000,판교로,41135,3180051,03,0,00020,00000,판교동,판교원마을3단지(푸르지오),629,84.51,2025,6,13,152000,22,2009,41135-460,None,None,중개거래,경기 성남시 분당구,25.11.25,302,개인,개인,N
41135,10700,1,0201,0000,매화로,41135,3180012,01,0,00092,00000,야탑동,매화마을공무원1,201,49.67,2025,6,25,65000,4,1995,41135-119,None,None,중개거래,경기 성남시 분당구,25.08.13,104,개인,개인,N
41135,10600,1,0123,0000,양현로94번길,41135,4340315,01,0,00029,00000,이매동,이매촌(청구),123,84.99,2025,6,11,168500,10,1992,41135-96,O,25.06.30,중개거래,경기 성남시 분당구,None,None,개인,개인,N
41135,11100,1,0181,0000,정자일로,41135,3180021,02,0,00072,00000,금곡동,청솔마을(한라),181,58.8,2025,6,14,114750,11,1995,41135-159,None,None,중개거래,경기 성남시 분당구,25.10.13,302,개인,개인,N
41135,10600,1,0133,0000,탄천로,41135,3180050,01,0,00095,00000,이매동,아름마을(두산),133,132.72,2025,6,22,160000,15,1992,41135-82,None,None,중개거래,경기 성남시 분당구,25.09.26,419,개인,개인,N
41135,10300,1,0121,0000,내정로,41135,3180003,02,0,00055,00000,정자동,상록마을(우성)1,121,55.14,2025,6,12,128000,15,1994,41135-60,None,None,중개거래,경기 성남시 분당구,25.08.07,303,기타,기타,N
41135,11600,1,0591,0000,판교대장로7길,41135,4859967,01,None,00057,00000,대장동,판교퍼스트힐푸르지오A2,591,84.97,2025,6,4,108000,5,2021,41135-589,None,None,중개거래,"경기 성남시 분당구, 경기 용인시 수지구",25.08.29,206,개인,개인,N
41135,10600,1,0133,0000,탄천로,41135,3180050,01,0,00095,00000,이매동,아름마을(두산),133,132.72,2025,6,27,168000,2,1992,41135-82,None,None,중개거래,경기 성남시 분당구,25.09.30,424,개인,개인,N
41135,10700,1,0334,0000,장미로,41135,3180048,01,0,00101,00000,야탑동,장미마을(현대),334,84.97,2025,6,21,114000,15,1993,41135-139,None,None,중개거래,"경기 성남시 분당구, 경기 하남시",25.10.30,832,개인,개인,N
41135,10700,1,0535,0000,판교로,41135,3180051,02,0,00421,00000,야탑동,탑마을(대우),535,134.31,2025,6,16,142000,6,1992,41135-143,None,None,중개거래,경기 성남시 분당구,25.09.17,205,개인,개인,N
41135,10300,1,0192,0000,정자로,41135,3180058,01,0,00112,00000,정자동,정든마을(5단지)(신화),192,163.55,2025,6,21,167000,8,1995,41135-63,None,None,중개거래,경기 성남시 분당구,26.01.09,505,개인,개인,N
41135,10100,1,0034,0000,분당로,41135,3180026,01,0,00190,00000,분당동,샛별마을(라이프),34,126.415,2025,6,24,169000,2,1992,41135-19,None,None,중개거래,경기 성남시 분당구,25.09.30,108,개인,개인,N
41135,10200,1,0073,0000,수내로,41135,3180039,02,0,00206,00000,수내동,푸른마을(신성),73,59.78,2025,6,16,109500,3,1992,41135-79,O,25.09.30,중개거래,경기 성남시 분당구,None,None,개인,개인,N
41135,11400,1,0221,0000,무지개로,41135,3180014,01,0,00144,00000,구미동,무지개(5단지)(청구),221,58.49,2025,6,27,82000,4,1995,41135-188,None,None,중개거래,경기 성남시 분당구,25.12.15,507,개인,개인,N
41135,10500,1,0092,0000,중앙공원로,41135,3180049,01,0,00020,00000,서현동,시범현대,92,129.73,2025,6,12,200000,10,1991,41135-99,None,None,중개거래,경기 성남시 분당구,25.09.05,418,개인,개인,N
41135,10700,1,0211,0000,장미로,41135,3180048,01,0,00193,00000,야탑동,매화마을(주공4),211,41.85,2025,6,30,50000,10,1993,41135-249,None,None,중개거래,경기 성남시 분당구,25.10.10,401,개인,개인,N
41135,10300,1,0200,0000,불정로,41135,3180030,03,0,00141,00000,정자동,정든마을(1단지)(동아),200,101.99,2025,6,13,138000,10,1995,41135-225,None,None,중개거래,경기 성남시 분당구,25.09.26,103,개인,개인,N
41135,11500,1,0958,0000,산운로,41135,3180031,01,0,00126,00000,운중동,산운마을9단지(대방노블랜드),958,84.99,2025,6,13,157000,17,2008,41135-435,O,25.09.23,중개거래,경기 성남시 분당구,None,None,개인,개인,N
41135,10300,1,0006,0000,정자일로,41135,3180021,01,0,00248,00000,정자동,파크뷰,6,162.869,2025,6,27,300000,6,2004,41135-250,None,None,중개거래,경기 성남시 분당구,25.09.05,607,개인,개인,N
41135,11000,1,0530,0000,판교역로,41135,3179025,02,None,00145,00000,백현동,판교알파리움2단지,530,110.255,2025,6,24,240000,12,2015,41135-528,None,None,중개거래,"경기 성남시 분당구, 경기 용인시 수지구",25.08.12,203,개인,개인,N
41135,10600,1,0123,0000,양현로94번길,41135,4340315,01,0,00029,00000,이매동,이매촌(청구),123,122.27,2025,6,17,184000,1,1992,41135-96,None,None,중개거래,경기 성남시 분당구,25.10.13,601,개인,개인,N
41135,10800,1,0585,0000,서판교로,41135,3180044,01,0,00029,00000,판교동,판교원마을9단지(한림풀에버),585,84.9505,2025,6,15,147000,11,2009,41135-444,None,None,중개거래,경기 성남시 분당구,25.10.17,913,개인,개인,N
41135,11000,1,0608,0000,판교백현로,41135,3352601,02,0,00038,00000,백현동,THESHARP판교퍼스트파크,608,84.8034,2025,6,14,146700,10,2021,41135-594,None,None,중개거래,경기 성남시 분당구,25.09.15,106동,개인,개인,N
41135,11500,1,0918,0000,판교원로82번길,41135,4340480,01,0,00030,00000,운중동,산운마을13단지(태영),918,84.72,2025,6,27,134700,2,2010,41135-477,None,None,중개거래,경기 성남시 분당구,25.09.19,1303,개인,개인,N
41135,10100,1,0066,0000,분당로263번길,41135,4340156,01,0,00024,00000,분당동,장안타운(건영),66,85.0,2025,6,20,105000,2,1993,41135-32,None,None,중개거래,경기 성남시 분당구,25.08.14,117,개인,개인,N
41135,11400,1,0211,0000,미금로,41135,3180016,02,0,00023,00000,구미동,무지개(1단지)(대림),211,47.52,2025,6,26,63000,1,1995,41135-180,None,None,중개거래,경기 성남시 분당구,25.08.18,102,개인,개인,N
41135,11100,1,0133,0000,미금로,41135,3180016,01,0,00216,00000,금곡동,청솔마을(주공9단지),133,36.54,2025,6,11,63000,14,1995,41135-158,None,None,중개거래,경기 성남시 분당구,25.08.11,902,개인,개인,N
41135,10800,1,0494,0000,서판교로,41135,3180044,01,0,00165,00000,판교동,판교원마을12단지(힐스테이트),494,118.6,2025,6,27,166000,13,2009,41135-447,None,None,중개거래,경기 성남시 분당구,25.11.07,1203,개인,개인,N
41135,10900,1,0705,0000,동판교로,41135,3178016,01,0,00275,00000,삼평동,봇들마을1단지(판교신미주),705,83.698,2025,6,22,154500,9,2009,41135-440,None,None,중개거래,경기 성남시 분당구,25.08.27,101,개인,개인,N
41135,10500,1,0091,0000,중앙공원로,41135,3180049,01,0,00017,00000,서현동,시범한양,91,35.1,2025,6,27,83000,6,1991,41135-103,None,None,중개거래,경기 성남시 분당구,25.07.02,331,개인,개인,N
41135,10300,1,0028,0001,성남대로,41135,2000005,02,0,00449,00000,정자동,로얄팰리스,28-1,148.16,2025,6,11,190000,17,2003,41135-70,None,None,직거래,None,25.06.30,에이동,개인,개인,N
41135,10200,1,0051,0000,내정로,41135,3180003,01,0,00186,00000,수내동,파크타운(대림),51,131.49,2025,6,7,209000,5,1993,41135-74,None,None,중개거래,경기 성남시 분당구,25.08.20,103,개인,개인,N
41135,11600,1,0642,0000,판교대장로5길,41135,4859965,01,0,00020,00000,대장동,판교풍경채어바니티(5단지),642,84.7897,2025,6,18,124000,17,2021,41135-602,None,None,중개거래,경기 성남시 분당구,25.08.27,502동,개인,개인,N
41135,10200,1,0024,0000,내정로165번길,41135,4340034,01,0,00035,00000,수내동,양지마을(5단지)(한양501-514),24,35.1,2025,6,7,80000,12,1992,41135-73,None,None,중개거래,경기 성남시 분당구,25.10.30,509,개인,개인,N
41135,10700,1,0201,0000,매화로,41135,3180012,01,0,00092,00000,야탑동,매화마을공무원1,201,58.92,2025,6,23,69500,1,1995,41135-119,None,None,중개거래,경기 성남시 분당구,25.09.23,101,개인,개인,N
41135,10100,1,0034,0000,분당로,41135,3180026,01,0,00190,00000,분당동,샛별마을(라이프),34,85.0,2025,6,23,147000,7,1992,41135-19,O,25.08.14,중개거래,경기 성남시 분당구,None,None,개인,개인,N
41135,10300,1,0194,0000,내정로,41135,3180003,02,0,00010,00000,정자동,정든마을(7단지)(한진),194,49.5,2025,6,20,97000,5,1994,41135-228,None,None,중개거래,경기 성남시 분당구,25.09.26,704,개인,개인,N
41135,10300,1,0090,0000,느티로,41135,3180004,01,0,00070,00000,정자동,느티마을(4단지)(공무원),90,66.6,2025,6,7,180000,3,1994,41135-54,None,None,중개거래,경기 성남시 분당구,25.10.14,410,개인,개인,N
41135,11400,1,0212,0000,미금로22번길,41135,4340093,01,0,00010,00000,구미동,무지개(12단지)(주공),212,58.14,2025,6,13,66500,12,1995,41135-187,None,None,중개거래,경기 성남시 분당구,25.08.14,1205,개인,개인,N
41135,11400,1,0225,0000,구미로,41135,3180001,01,0,00115,00000,구미동,무지개(6단지)(건영),225,101.82,2025,6,6,114000,15,1995,41135-219,None,None,중개거래,경기 성남시 분당구,25.08.28,604,개인,개인,N
41135,10500,1,0092,0000,중앙공원로,41135,3180049,01,0,00020,00000,서현동,시범현대,92,193.44,2025,6,21,260000,13,1991,41135-99,None,None,중개거래,경기 성남시 분당구,25.10.31,411,개인,개인,N
41135,10300,1,0102,0000,백현로,41135,3180022,02,0,00206,00000,정자동,한솔마을(4단지)(주공),102,42.75,2025,6,21,68000,3,1994,41135-67,None,None,중개거래,경기 성남시 분당구,25.09.02,414,개인,개인,N
41135,11000,1,0530,0000,판교역로,41135,3179025,02,None,00145,00000,백현동,판교알파리움2단지,530,110.255,2025,6,24,250000,15,2015,41135-528,None,None,중개거래,경기 성남시 분당구,26.01.15,203,개인,개인,N
41135,10600,1,0100,0000,양현로,41135,3180042,02,0,00192,00000,이매동,이매촌(삼성),100,101.91,2025,6,26,148000,4,1994,41135-92,None,None,중개거래,"경기 성남시 분당구, 경기 안양시 동안구",25.11.03,1011,개인,개인,N
41135,11000,1,0545,0000,동판교로,41135,3178016,02,0,00122,00000,백현동,백현마을2단지,545,101.83,2025,6,19,240000,10,2009,41135-473,None,None,중개거래,경기 성남시 분당구,25.12.15,206,개인,개인,N
41135,10300,1,0198,0000,불정로,41135,3180030,03,0,00195,00000,정자동,정든마을(6단지)(우성),198,48.84,2025,6,27,76000,15,1994,41135-227,None,None,중개거래,경기 성남시 분당구,25.09.30,616,개인,개인,N
41135,10300,1,0192,0000,정자로,41135,3180058,01,0,00112,00000,정자동,정든마을(5단지)(신화),192,134.31,2025,6,13,169000,21,1995,41135-63,None,None,중개거래,경기 성남시 분당구,25.09.05,508,개인,개인,N
41135,10700,1,0517,0000,야탑로,41135,3180041,01,0,00124,00000,야탑동,탑마을(벽산),517,84.91,2025,6,6,113000,8,1994,41135-144,None,None,중개거래,경기 성남시 분당구,25.08.14,610,개인,개인,N
41135,10500,1,0301,0000,불정로,41135,3180030,04,0,00361,00000,서현동,효자촌(삼환),301,129.761,2025,6,19,154000,3,1992,41135-109,None,None,중개거래,경기 성남시 분당구,25.10.30,505,개인,개인,N
41135,10900,1,0718,0000,동판교로,41135,3178016,01,0,00226,00000,삼평동,봇들마을4단지(주공),718,59.84,2025,6,25,150000,16,2009,41135-454,None,None,중개거래,경기 성남시 분당구,25.09.22,412,개인,개인,N
41135,10900,1,0705,0000,동판교로,41135,3178016,01,0,00275,00000,삼평동,봇들마을1단지(판교신미주),705,83.235,2025,6,25,159000,4,2009,41135-440,None,None,중개거래,"경기 성남시 분당구, 서울 성북구",25.10.31,113,개인,개인,N
41135,10900,1,0705,0000,동판교로,41135,3178016,01,0,00275,00000,삼평동,봇들마을1단지(판교신미주),705,83.235,2025,6,21,150000,3,2009,41135-440,None,None,중개거래,경기 성남시 분당구,25.09.18,101,개인,개인,N
41135,11000,1,0542,0000,동판교로,41135,3178016,02,0,00123,00000,백현동,판교푸르지오그랑블,542,139.7268,2025,6,24,410000,15,2011,41135-497,None,None,중개거래,경기 성남시 분당구,25.10.31,105,개인,개인,N
41135,10200,1,0024,0000,내정로165번길,41135,4340034,01,0,00035,00000,수내동,양지마을(5단지)(한양501-514),24,42.56,2025,6,10,104700,7,1992,41135-73,None,None,중개거래,경기 성남시 분당구,25.09.19,513,개인,개인,N
41135,10100,1,0035,0000,분당로,41135,3180026,01,0,00212,00000,분당동,샛별마을(동성),35,59.4,2025,6,27,111000,7,1992,41135-18,None,None,중개거래,경기 성남시 분당구,25.10.15,209,개인,개인,N
41135,11500,1,0921,0000,판교원로,41135,3180052,02,0,00046,00000,운중동,산운마을12단지판교센트럴포레와이시티,921,59.9,2025,6,7,113000,10,2009,41135-457,None,None,중개거래,경기 성남시 분당구,25.09.26,1201,개인,개인,N
41135,10700,1,0510,0000,양현로,41135,3180042,03,0,00272,00000,야탑동,탑마을(경향),510,131.4,2025,6,22,154000,4,1993,41135-141,O,25.07.26,중개거래,경기 성남시 분당구,None,None,개인,개인,N
41135,10700,1,0162,0000,판교로,41135,3180051,00,0,00645,00000,야탑동,목련마을(한일),162,84.93,2025,6,16,85000,8,1995,41135-129,None,None,중개거래,경기 성남시 분당구,25.10.01,304,개인,개인,N
41135,10300,1,0180,0000,정자일로,41135,3180021,01,0,00100,00000,정자동,미켈란쉐르빌,180,165.25,2025,6,11,219000,20,2003,41135-241,None,None,중개거래,경기 성남시 분당구,25.08.25,B,개인,개인,N
41135,10800,1,0635,0000,판교원로,41135,3180052,01,0,00209,00000,판교동,판교원마을6단지(판교대광로제비앙),635,58.14,2025,6,19,116500,19,2009,41135-446,None,None,중개거래,경기 성남시 분당구,25.10.27,602,개인,개인,N
41135,10700,1,0334,0000,장미로,41135,3180048,01,0,00101,00000,야탑동,장미마을(현대),334,84.97,2025,6,27,119000,13,1993,41135-139,O,25.07.02,중개거래,경기 성남시 분당구,None,None,개인,개인,N
41135,10900,1,0722,0000,동판교로,41135,3178016,01,0,00225,00000,삼평동,봇들마을3단지(주공),722,59.84,2025,6,27,150000,3,2009,41135-452,None,None,중개거래,경기 성남시 분당구,25.11.10,305,개인,개인,N
41135,10600,1,0140,0000,탄천로,41135,3180050,01,0,00035,00000,이매동,아름마을(풍림),140,134.22,2025,6,27,195000,15,1993,41135-86,None,None,중개거래,경기 성남시 분당구,25.09.29,501,개인,개인,N
41135,10100,1,0038,0000,수내로,41135,3180039,01,0,00181,00000,분당동,샛별마을(우방),38,57.28,2025,6,27,105500,4,1994,41135-21,None,None,중개거래,경기 성남시 분당구,25.09.30,301,개인,개인,N
41135,10300,1,0111,0000,정자로,41135,3180058,01,0,00143,00000,정자동,한솔마을(2단지)(LG),111,101.85,2025,6,27,151000,5,1995,41135-66,O,25.07.14,중개거래,경기 성남시 분당구,None,None,개인,개인,N
41135,11100,1,0202,0000,정자일로,41135,3180021,02,0,00015,00000,금곡동,분당하우스토리,202,159.04,2025,6,21,141000,6,2004,41135-272,None,None,중개거래,경기 성남시 분당구,25.10.31,분당하우스토리(102동),개인,개인,N
41135,10900,1,0705,0000,동판교로,41135,3178016,01,0,00275,00000,삼평동,봇들마을1단지(판교신미주),705,82.794,2025,6,27,160000,12,2009,41135-440,None,None,중개거래,경기 성남시 분당구,25.09.29,111,개인,개인,N
41135,10100,1,0035,0000,분당로,41135,3180026,01,0,00212,00000,분당동,샛별마을(동성),35,59.4,2025,6,22,108000,5,1992,41135-18,None,None,중개거래,경기 성남시 분당구,25.09.30,209,개인,개인,N
41135,11600,1,0642,0000,판교대장로5길,41135,4859965,01,0,00020,00000,대장동,판교풍경채어바니티(5단지),642,84.973,2025,6,27,118400,7,2021,41135-602,None,None,중개거래,경기 성남시 분당구,25.11.07,505동,개인,개인,N
41135,11500,1,0921,0000,판교원로,41135,3180052,02,0,00046,00000,운중동,산운마을12단지판교센트럴포레와이시티,921,59.84,2025,6,27,119500,6,2009,41135-457,None,None,중개거래,"경기 성남시 분당구, 경기 용인시 기흥구",25.09.12,1202,개인,개인,N
41135,10900,1,0722,0000,동판교로,41135,3178016,01,0,00225,00000,삼평동,봇들마을3단지(주공),722,59.84,2025,6,27,150000,3,2009,41135-452,O,25.06.27,중개거래,경기 성남시 분당구,None,None,개인,개인,N
41135,10100,1,0066,0000,장안로51번길,41135,4340382,01,0,00011,00000,분당동,장안타운(건영),66,85.0,2025,6,27,105000,15,1993,41135-32,None,None,중개거래,경기 성남시 분당구,25.08.18,105,개인,개인,N
41135,10800,1,0585,0000,서판교로,41135,3180044,01,0,00029,00000,판교동,판교원마을9단지(한림풀에버),585,71.8438,2025,6,27,137000,13,2009,41135-444,None,None,중개거래,경기 성남시 분당구,26.03.30,903,개인,개인,N
41135,11500,1,0918,0000,판교원로82번길,41135,4340480,01,0,00030,00000,운중동,산운마을13단지(태영),918,115.45,2025,6,27,163000,30,2010,41135-477,None,None,중개거래,경기 성남시 분당구,26.02.02,1312,개인,개인,N
41135,10600,1,0100,0000,양현로,41135,3180042,02,0,00220,00000,이매동,이매촌(삼성),100,73.25,2025,6,27,125500,6,1994,41135-92,None,None,중개거래,경기 성남시 분당구,25.08.14,1008,개인,개인,N
41135,10300,1,0180,0000,정자일로,41135,3180021,01,0,00100,00000,정자동,미켈란쉐르빌,180,157.57,2025,6,27,184000,24,2003,41135-241,None,None,중개거래,경기 성남시 분당구,25.07.15,B,개인,개인,N
41135,10800,1,0494,0000,서판교로,41135,3180044,01,0,00165,00000,판교동,판교원마을12단지(힐스테이트),494,115.87,2025,6,25,188000,15,2009,41135-447,None,None,중개거래,경기 성남시 분당구,25.12.12,1203,개인,개인,N
41135,10700,1,0201,0000,매화로,41135,3180012,01,0,00092,00000,야탑동,매화마을공무원1,201,58.92,2025,6,27,77000,6,1995,41135-119,None,None,중개거래,경기 성남시 분당구,25.09.30,102,개인,개인,N
41135,11500,1,0921,0000,판교원로,41135,3180052,02,0,00046,00000,운중동,산운마을12단지판교센트럴포레와이시티,921,55.44,2025,6,27,122500,7,2009,41135-457,None,None,중개거래,경기 성남시 분당구,25.09.25,1208,개인,개인,N
41135,10100,1,0034,0000,분당로,41135,3180026,01,0,00190,00000,분당동,샛별마을(라이프),34,58.17,2025,6,21,109000,3,1992,41135-19,None,None,중개거래,"경기 성남시 분당구, 서울 강남구",25.08.28,105,개인,개인,N
41135,10300,1,0006,0000,정자일로,41135,3180021,01,0,00248,00000,정자동,파크뷰,6,199.777,2025,6,27,395000,27,2004,41135-250,None,None,중개거래,경기 성남시 분당구,25.10.21,612,개인,개인,N
41135,10600,1,0111,0000,양현로,41135,3180042,02,0,00138,00000,이매동,이매촌(진흥),111,101.89,2025,6,13,170000,10,1993,41135-95,None,None,중개거래,"경기 성남시 분당구, 경기 용인시 수지구",25.09.12,807,개인,개인,N
41135,11500,1,0921,0000,판교원로,41135,3180052,02,0,00046,00000,운중동,산운마을12단지판교센트럴포레와이시티,921,55.44,2025,6,27,115000,5,2009,41135-457,O,25.07.12,중개거래,경기 성남시 분당구,None,None,개인,개인,N
41135,10800,1,0637,0000,판교원로,41135,3180052,01,0,00237,00000,판교동,판교원마을7단지(모아미래도),637,56.555,2025,6,26,120000,6,2009,41135-439,O,25.07.02,중개거래,경기 성남시 분당구,None,None,개인,개인,N
41135,10100,1,0066,0000,분당로263번길,41135,4340156,01,0,00024,00000,분당동,장안타운(건영),66,67.73,2025,6,9,85000,6,1993,41135-32,None,None,중개거래,경기 성남시 분당구,25.09.17,119,개인,개인,N
41135,10900,1,0705,0000,동판교로,41135,3178016,01,0,00275,00000,삼평동,봇들마을1단지(판교신미주),705,83.235,2025,6,19,160000,14,2009,41135-440,None,None,중개거래,경기 성남시 분당구,26.03.20,122,개인,개인,N
41135,10600,1,0133,0000,탄천로,41135,3180050,01,0,00095,00000,이매동,아름마을(삼호),133,84.84,2025,6,23,129000,1,1992,41135-83,None,None,중개거래,경기 성남시 분당구,25.09.30,408,개인,개인,N
41135,10300,1,0180,0000,정자일로,41135,3180021,01,0,00100,00000,정자동,미켈란쉐르빌,180,157.57,2025,6,23,187000,23,2003,41135-241,None,None,중개거래,경기 성남시 분당구,25.08.25,A,개인,개인,N
41135,11100,1,0133,0000,미금로,41135,3180016,01,0,00216,00000,금곡동,청솔마을(주공9단지),133,42.84,2025,6,18,79800,3,1995,41135-158,None,None,중개거래,경기 성남시 분당구,25.09.19,905,개인,개인,N
41135,10200,1,0027,0000,내정로,41135,3180003,01,0,00151,00000,수내동,양지마을(3단지)(금호),27,134.48,2025,6,5,224000,8,1992,41135-247,None,None,중개거래,경기 성남시 분당구,25.09.29,306,개인,개인,N
41135,11100,1,0181,0000,정자일로,41135,3180021,02,0,00072,00000,금곡동,청솔마을(한라),181,58.8,2025,6,3,112000,4,1995,41135-159,None,None,중개거래,경기 성남시 분당구,25.09.25,302,개인,개인,N
41135,10300,1,0110,0000,불정로,41135,3180030,03,0,00219,00000,정자동,한솔마을(1단지)(청구),110,49.35,2025,6,20,82500,11,1994,41135-68,None,None,중개거래,경기 성남시 분당구,25.09.05,112,개인,개인,N
41135,11000,1,0558,0000,판교역로,41135,3179025,02,0,00072,00000,백현동,백현마을8단지(대림),558,117.39,2025,6,22,230000,9,2009,41135-464,None,None,중개거래,경기 성남시 분당구,25.10.31,802,개인,개인,N
41135,11100,1,0202,0000,정자일로,41135,3180021,02,0,00015,00000,금곡동,분당하우스토리,202,132.14,2025,6,27,134500,12,2004,41135-272,None,None,중개거래,"경기 오산시, 서울 송파구",25.08.20,분당하우스토리(102동),개인,개인,N
41135,10300,1,0006,0000,정자일로,41135,3180021,01,0,00248,00000,정자동,파크뷰,6,84.99,2025,6,19,230000,3,2004,41135-250,None,None,중개거래,경기 성남시 분당구,25.12.19,604,개인,개인,N
41135,11500,1,0956,0000,산운로,41135,3180031,01,0,00098,00000,운중동,산운마을8단지(부영사랑으로),956,81.019,2025,6,21,137500,17,2008,41135-434,None,None,중개거래,경기 성남시 분당구,25.09.18,805,개인,개인,N
41135,10100,1,0034,0000,분당로,41135,3180026,01,0,00190,00000,분당동,샛별마을(라이프),34,84.99,2025,6,9,145000,16,1992,41135-19,None,None,중개거래,경기 성남시 분당구,25.09.29,101,개인,개인,N
41135,10800,1,0585,0000,서판교로,41135,3180044,01,0,00029,00000,판교동,판교원마을9단지(한림풀에버),585,71.8438,2025,6,25,138000,6,2009,41135-444,None,None,중개거래,경기 성남시 분당구,25.12.12,903,개인,개인,N
41135,11500,1,0899,0000,판교원로,41135,3180052,02,0,00007,00000,운중동,산운마을4단지(리가),899,84.8536,2025,6,24,137000,14,2009,41135-442,None,None,중개거래,경기 성남시 분당구,25.09.30,401,개인,개인,N
41135,10200,1,0071,0000,수내로,41135,3180039,02,0,00174,00000,수내동,푸른마을(벽산),71,131.4,2025,6,21,195000,13,1992,41135-78,None,None,중개거래,경기 성남시 분당구,25.09.15,202,개인,개인,N
41135,11500,1,0921,0000,판교원로,41135,3180052,02,0,00046,00000,운중동,산운마을12단지판교센트럴포레와이시티,921,55.44,2025,6,7,108000,11,2009,41135-457,None,None,중개거래,경기 성남시 분당구,25.11.14,1206,개인,개인,N
41135,11400,1,0110,0000,미금일로,41135,3180061,03,0,00021,00000,구미동,하얀마을(5단지)(주공),110,39.01,2025,6,23,65000,12,1995,41135-207,None,None,중개거래,경기 성남시 분당구,26.01.08,507,개인,개인,N
41135,10300,1,0198,0000,불정로,41135,3180030,03,0,00179,00000,정자동,정든마을(2단지)(동아),198,84.97,2025,6,24,122000,10,1995,41135-62,None,None,중개거래,경기 성남시 분당구,25.10.31,202,개인,개인,N
41135,11000,1,0558,0000,판교역로,41135,3179025,02,0,00072,00000,백현동,백현마을8단지(대림),558,117.06,2025,6,27,220000,1,2009,41135-464,None,None,중개거래,경기 성남시 분당구,25.11.03,802,개인,개인,N
41135,10300,1,0012,0003,정자일로213번길,41135,4340130,01,0,00010,00000,정자동,성원상떼뷰101동,12-3,144.56,2025,6,20,198000,13,2004,41135-267,O,25.08.26,중개거래,경기 성남시 분당구,None,None,개인,개인,N
41135,11500,1,0956,0000,산운로,41135,3180031,01,0,00098,00000,운중동,산운마을8단지(부영사랑으로),956,59.612,2025,6,27,120000,13,2008,41135-434,None,None,중개거래,경기 성남시 분당구,25.09.30,801,개인,개인,N
41135,10600,1,0133,0000,탄천로,41135,3180050,01,0,00095,00000,이매동,아름마을(삼호),133,158.4,2025,6,19,180000,21,1992,41135-83,None,None,중개거래,경기 성남시 분당구,25.09.26,406,개인,개인,N
41135,10200,1,0051,0000,내정로,41135,3180003,01,0,00186,00000,수내동,파크타운(대림),51,131.49,2025,6,21,202000,3,1993,41135-74,None,None,중개거래,경기 성남시 분당구,25.11.03,101,개인,개인,N
41135,10700,1,0205,0000,양현로,41135,3180042,03,0,00537,00000,야탑동,매화마을(주공3),205,41.85,2025,6,19,54800,8,1993,41135-117,None,None,중개거래,경기 성남시 분당구,25.11.28,314,개인,개인,N
41135,11100,1,0176,0000,정자일로,41135,3180021,02,0,00030,00000,금곡동,청솔마을(계룡),176,84.97,2025,6,23,147000,3,1996,41135-150,None,None,중개거래,경기 성남시 분당구,25.11.20,112,개인,개인,N
41135,11100,1,0133,0000,미금로,41135,3180016,01,0,00216,00000,금곡동,청솔마을(주공9단지),133,36.54,2025,6,27,64500,9,1995,41135-158,None,None,중개거래,경기 성남시 분당구,25.08.28,902,개인,개인,N
41135,10300,1,0006,0000,정자일로,41135,3180021,01,0,00248,00000,정자동,파크뷰,6,199.777,2025,6,27,395000,27,2004,41135-250,O,25.06.30,중개거래,경기 성남시 분당구,None,None,개인,개인,N
41135,10300,1,0181,0000,정자일로,41135,3180021,01,0,00080,00000,정자동,상록마을(보성),181,48.84,2025,6,23,99500,14,1995,41135-59,None,None,중개거래,경기 성남시 분당구,25.09.22,402,개인,개인,N
41135,10300,1,0088,0000,느티로,41135,3180004,01,0,00070,00000,정자동,느티마을(3단지)(공무원),88,66.6,2025,6,6,193105,5,1994,41135-55,None,None,중개거래,"경기 성남시 분당구, 서울 강남구",25.08.29,309,법인,개인,N
41135,10900,1,0718,0000,동판교로,41135,3178016,01,0,00226,00000,삼평동,봇들마을4단지(주공),718,59.84,2025,6,17,145000,3,2009,41135-454,None,None,중개거래,경기 성남시 분당구,25.09.12,412,개인,개인,N
41135,10700,1,0536,0000,야탑로,41135,3180041,01,0,00020,00000,야탑동,탑마을(선경)1,536,51.84,2025,6,18,89500,9,1992,41135-145,O,25.07.11,중개거래,경기 성남시 분당구,None,None,개인,개인,N
41135,10700,1,0205,0000,양현로,41135,3180042,03,0,00537,00000,야탑동,매화마을(주공3),205,41.85,2025,6,26,54000,8,1993,41135-117,O,25.09.22,중개거래,경기 성남시 분당구,None,None,개인,개인,N
41135,10800,1,0622,0000,판교로,41135,3180051,03,0,00050,00000,판교동,판교원마을1단지(파라곤),622,101.12,2025,6,26,154000,4,2009,41135-458,None,None,중개거래,경기 성남시 분당구,25.09.08,101,개인,개인,N
41135,11100,1,0133,0000,미금로,41135,3180016,01,0,00216,00000,금곡동,청솔마을(주공9단지),133,36.54,2025,6,17,65000,12,1995,41135-158,None,None,중개거래,경기 성남시 분당구,25.08.26,903,개인,개인,N
41135,10200,1,0055,0000,내정로,41135,3180003,01,0,00152,00000,수내동,파크타운(롯데),55,101.835,2025,6,27,169000,10,1993,41135-75,None,None,중개거래,"경기 성남시 분당구, 경기 성남시 중원구",25.11.03,137,개인,개인,N
41135,10100,1,0035,0000,분당로,41135,3180026,01,0,00212,00000,분당동,샛별마을(동성),35,69.39,2025,6,19,127700,3,1992,41135-18,None,None,중개거래,경기 성남시 분당구,25.08.14,207,개인,개인,N
41135,10300,1,0102,0000,백현로,41135,3180022,02,0,00206,00000,정자동,한솔마을(4단지)(주공),102,35.28,2025,6,25,59000,2,1994,41135-67,None,None,중개거래,경기 성남시 분당구,25.08.29,402,개인,개인,N
41135,10300,1,0102,0000,백현로,41135,3180022,02,0,00206,00000,정자동,한솔마을(4단지)(주공),102,35.28,2025,6,27,62200,14,1994,41135-67,None,None,중개거래,경기 성남시 분당구,25.08.27,401,개인,개인,N
41135,10900,1,0722,0000,동판교로,41135,3178016,01,0,00225,00000,삼평동,봇들마을3단지(주공),722,84.69,2025,6,20,175000,7,2009,41135-452,None,None,중개거래,경기 성남시 분당구,25.10.31,309,개인,개인,N
41135,11400,1,0213,0000,미금로22번길,41135,4340093,01,0,00009,00000,구미동,무지개(11단지)(금강센테리움),213,84.99,2025,6,8,90000,1,1995,41135-179,None,None,중개거래,경기 성남시 분당구,25.07.25,1102,개인,개인,N
41135,10300,1,0112,0000,정자로,41135,3180058,01,0,00115,00000,정자동,한솔마을(5단지)(주공),112,41.85,2025,6,26,64500,9,1994,41135-223,None,None,중개거래,경기 성남시 분당구,25.08.08,502,개인,개인,N
41135,10500,1,0087,0000,중앙공원로,41135,3180049,01,0,00053,00000,서현동,시범삼성,87,59.995,2025,6,26,140000,4,1991,41135-98,None,None,중개거래,경기 성남시 분당구,25.11.25,101,개인,개인,N
41135,10300,1,0194,0000,내정로,41135,3180003,02,0,00010,00000,정자동,정든마을(7단지)(한진),194,84.69,2025,6,11,133500,7,1994,41135-228,None,None,중개거래,"경기 광명시, 경기 용인시 수지구",25.08.28,702,개인,개인,N
41135,10300,1,0194,0000,내정로,41135,3180003,02,0,00010,00000,정자동,정든마을(7단지)(한진),194,84.69,2025,6,19,144000,8,1994,41135-228,None,None,중개거래,경기 성남시 분당구,25.09.26,702,개인,개인,N
41135,10500,1,0291,0000,돌마로486번길,41135,4340062,01,0,00007,00000,서현동,효자촌(동아),291,101.82,2025,6,10,152000,8,1992,41135-106,O,25.06.10,중개거래,경기 성남시 분당구,None,None,개인,개인,N
41135,10500,1,0301,0000,불정로,41135,3180030,04,0,00361,00000,서현동,효자촌(삼환),301,84.157,2025,6,9,139000,7,1992,41135-109,None,None,중개거래,경기 성남시 분당구,25.09.29,510,개인,개인,N
41135,10300,1,0102,0000,백현로,41135,3180022,02,0,00206,00000,정자동,한솔마을(4단지)(주공),102,35.28,2025,6,19,62500,13,1994,41135-67,None,None,중개거래,경기 성남시 분당구,25.09.16,413,개인,개인,N
41135,10300,1,0015,0004,정자일로232번길,41135,4340532,01,0,00025,00000,정자동,두산제니스,15-4,132.17,2025,6,23,207000,23,2003,41135-244,None,None,중개거래,경기 성남시 분당구,25.09.30,B,개인,개인,N
41135,10900,1,0717,0000,판교로,41135,3180051,04,0,00393,00000,삼평동,봇들마을2단지(이지더원),717,84.2822,2025,6,25,156000,9,2009,41135-441,None,None,중개거래,경기 성남시 분당구,25.09.15,212,개인,개인,N
41135,10600,1,0124,0000,서현로,41135,3180034,03,0,00181,00000,이매동,이매촌(한신),124,66.27,2025,6,27,137000,8,1992,41135-97,None,None,중개거래,경기 성남시 분당구,25.12.30,208,개인,개인,N
41135,11600,1,0638,0000,판교대장로5길,41135,4859965,01,None,00058,00000,대장동,판교더샵포레스트11단지,638,84.995,2025,6,27,105000,9,2021,41135-591,None,None,중개거래,경기 성남시 분당구,25.09.11,1104,개인,개인,N
41135,10800,1,0494,0000,서판교로,41135,3180044,01,0,00165,00000,판교동,판교원마을12단지(힐스테이트),494,101.98,2025,6,18,148500,7,2009,41135-447,None,None,중개거래,경기 성남시 분당구,25.10.01,1202,개인,개인,N
41135,11600,1,0641,0000,판교대장로5길,41135,4859965,01,None,00030,00000,대장동,판교더샵포레스트12단지,641,84.9864,2025,6,19,115700,5,2021,41135-590,None,None,중개거래,경기 성남시 분당구,25.08.25,1203,개인,개인,N
41135,10600,1,0121,0000,양현로,41135,3180042,02,0,00088,00000,이매동,이매촌(동부코오롱),121,164.04,2025,6,27,205000,12,1993,41135-90,None,None,중개거래,경기 성남시 분당구,26.02.27,503,개인,개인,N
41135,10100,1,0034,0000,분당로,41135,3180026,01,0,00190,00000,분당동,샛별마을(라이프),34,85.0,2025,6,11,142000,12,1992,41135-19,None,None,중개거래,경기 성남시 분당구,25.09.22,103,기타,기타,N
41135,10800,1,0513,0000,서판교로,41135,3180044,01,0,00147,00000,판교동,판교원마을11단지(힐스테이트),513,115.33,2025,6,18,172000,9,2009,41135-448,None,None,중개거래,경기 성남시 분당구,25.12.15,1101,개인,개인,N
41135,10200,1,0055,0000,내정로,41135,3180003,01,0,00152,00000,수내동,파크타운(롯데),55,101.91,2025,6,21,192000,10,1993,41135-75,None,None,중개거래,경기 성남시 분당구,25.11.03,132,개인,개인,N
41135,10500,1,0096,0000,중앙공원로,41135,3180049,01,0,00054,00000,서현동,시범우성,96,129.21,2025,6,20,220000,6,1991,41135-100,None,None,중개거래,경기 성남시 분당구,25.11.27,223,개인,개인,N
41135,10200,1,0075,0000,백현로,41135,3180022,01,0,00227,00000,수내동,푸른마을(쌍용),75,101.82,2025,6,20,175000,11,1992,41135-80,None,None,중개거래,경기 성남시 분당구,25.09.30,504,개인,개인,N
41135,10300,1,0197,0000,정자로,41135,3180058,01,0,00144,00000,정자동,정든마을(4단지)(우성),197,101.98,2025,6,19,145000,9,1995,41135-64,None,None,중개거래,경기 성남시 분당구,25.10.31,401,개인,개인,N
41135,11400,1,0212,0000,미금로22번길,41135,4340093,01,0,00010,00000,구미동,무지개(12단지)(주공),212,49.67,2025,6,11,61200,12,1995,41135-187,O,25.11.19,중개거래,"경기 성남시 분당구, 서울 강남구",None,None,개인,개인,N
41135,10300,1,0198,0000,불정로,41135,3180030,03,0,00195,00000,정자동,정든마을(6단지)(우성),198,48.84,2025,6,13,64400,1,1994,41135-227,None,None,중개거래,경기 성남시 분당구,25.09.12,616,개인,개인,N
41135,11100,1,0176,0000,정자일로,41135,3180021,02,0,00030,00000,금곡동,청솔마을(계룡),176,55.44,2025,6,11,105000,2,1996,41135-150,None,None,중개거래,경기 성남시 분당구,25.09.22,108,개인,개인,N
41135,10300,1,0006,0000,정자일로,41135,3180021,01,0,00248,00000,정자동,파크뷰,6,162.869,2025,6,17,290000,29,2004,41135-250,None,None,중개거래,경기 성남시 분당구,25.10.02,611,개인,개인,N
41135,10200,1,0027,0000,내정로,41135,3180003,01,0,00151,00000,수내동,양지마을(3단지)(금호),27,134.48,2025,6,21,240000,5,1992,41135-247,None,None,중개거래,경기 성남시 분당구,25.10.21,301,개인,개인,N
41135,10700,1,0536,0000,야탑로,41135,3180041,01,0,00020,00000,야탑동,탑마을(선경)1,536,51.84,2025,6,2,86200,10,1992,41135-145,None,None,중개거래,경기 성남시 분당구,25.06.30,114,개인,개인,N
41135,11400,1,0088,0000,미금일로,41135,3180061,03,0,00022,00000,구미동,까치마을(2단지)(주공),88,58.14,2025,6,3,95000,5,1995,41135-167,None,None,중개거래,경기 성남시 분당구,25.09.25,205,개인,개인,N
41135,10300,1,0198,0000,불정로,41135,3180030,03,0,00195,00000,정자동,정든마을(6단지)(우성),198,84.97,2025,6,20,129500,4,1994,41135-227,None,None,중개거래,"경기 성남시 분당구, 경기 용인시 기흥구",25.09.30,609,개인,개인,N
41135,10800,1,0513,0000,서판교로,41135,3180044,01,0,00147,00000,판교동,판교원마을11단지(힐스테이트),513,101.76,2025,6,17,172500,10,2009,41135-448,None,None,중개거래,경기 성남시 분당구,25.10.16,1108,개인,개인,N
41135,11500,1,0921,0000,판교원로,41135,3180052,02,0,00046,00000,운중동,산운마을12단지판교센트럴포레와이시티,921,55.42,2025,6,27,119800,8,2009,41135-457,None,None,중개거래,경기 성남시 분당구,25.11.14,1204,개인,개인,N
41135,10300,1,0197,0000,정자로,41135,3180058,01,0,00144,00000,정자동,정든마을(4단지)(우성),197,129.72,2025,6,20,150000,15,1995,41135-64,None,None,중개거래,경기 성남시 분당구,25.09.24,406,개인,개인,N
41135,10800,1,0585,0000,서판교로,41135,3180044,01,0,00029,00000,판교동,판교원마을9단지(한림풀에버),585,71.8438,2025,6,14,129500,1,2009,41135-444,None,None,중개거래,경기 성남시 분당구,25.08.26,909,개인,개인,N
41135,10600,1,0111,0000,양현로,41135,3180042,02,0,00138,00000,이매동,이매촌(진흥),111,101.89,2025,6,26,165000,20,1993,41135-95,None,None,중개거래,경기 성남시 분당구,25.07.04,807,개인,개인,N
41135,10800,1,0635,0000,판교원로,41135,3180052,01,0,00209,00000,판교동,판교원마을6단지(판교대광로제비앙),635,58.14,2025,6,14,116000,12,2009,41135-446,None,None,중개거래,경기 성남시 분당구,25.09.15,601,개인,개인,N
41135,10700,1,0211,0000,장미로,41135,3180048,01,0,00193,00000,야탑동,매화마을(주공4),211,41.85,2025,6,26,48500,2,1993,41135-249,None,None,중개거래,경기 성남시 분당구,25.10.30,403,개인,개인,N
41135,10700,1,0205,0000,양현로,41135,3180042,03,0,00507,00000,야탑동,매화마을(주공3),205,41.85,2025,6,21,54300,4,1993,41135-117,None,None,중개거래,경기 성남시 분당구,25.08.28,301,개인,개인,N
41135,10200,1,0071,0000,수내로,41135,3180039,02,0,00174,00000,수내동,푸른마을(벽산),71,101.82,2025,6,23,164500,5,1992,41135-78,None,None,중개거래,경기 성남시 분당구,25.12.22,105,개인,개인,N
41135,11400,1,0212,0000,미금로22번길,41135,4340093,01,0,00010,00000,구미동,무지개(12단지)(주공),212,59.98,2025,6,24,75000,17,1995,41135-187,None,None,중개거래,경기 성남시 분당구,25.08.06,1209,개인,개인,N
41135,11400,1,0222,0000,구미로,41135,3180001,01,0,00100,00000,구미동,무지개(10단지)(건영),222,101.82,2025,6,12,110000,3,1996,41135-218,O,25.07.09,중개거래,"경기 성남시 분당구, 경기 용인시 수지구",None,None,개인,개인,N
41135,11100,1,0180,0000,정자일로,41135,3180021,02,0,00046,00000,금곡동,청솔마을(유천),180,84.6,2025,6,4,138500,3,1995,41135-157,None,None,중개거래,"경기 성남시 분당구, 경기 용인시 수지구",25.08.26,207,개인,개인,N
41135,10300,1,0102,0000,백현로,41135,3180022,02,0,00206,00000,정자동,한솔마을(4단지)(주공),102,36.0,2025,6,24,64500,3,1994,41135-67,None,None,중개거래,경기 성남시 분당구,25.09.29,416,개인,개인,N
41135,10300,1,0107,0000,백현로,41135,3180022,02,0,00234,00000,정자동,한솔마을(3단지)(한일),107,59.96,2025,6,3,110500,7,1993,41135-69,None,None,중개거래,경기 성남시 분당구,25.07.21,305,개인,개인,N
41135,10900,1,0705,0000,동판교로,41135,3178016,01,0,00275,00000,삼평동,봇들마을1단지(판교신미주),705,82.794,2025,6,13,164000,5,2009,41135-440,None,None,중개거래,경기 성남시 분당구,25.11.28,111,개인,개인,N
41135,10300,1,0124,0000,정자로,41135,3180058,01,0,00056,00000,정자동,상록마을(라이프1차),124,128.7,2025,6,9,200000,7,1994,41135-58,None,None,중개거래,경기 성남시 분당구,25.08.14,108,개인,개인,N
41135,10200,1,0075,0000,백현로,41135,3180022,01,0,00265,00000,수내동,푸른마을(쌍용),75,131.4,2025,6,11,184500,4,1992,41135-80,None,None,중개거래,경기 성남시 분당구,25.11.10,601,개인,개인,N
41135,10800,1,0494,0000,서판교로,41135,3180044,01,0,00165,00000,판교동,판교원마을12단지(힐스테이트),494,118.6,2025,6,16,171000,14,2009,41135-447,None,None,중개거래,경기 성남시 분당구,26.01.06,1203,개인,개인,N
41135,10200,1,0027,0000,내정로,41135,3180003,01,0,00151,00000,수내동,양지마을(3단지)(금호),27,134.48,2025,6,4,213500,2,1992,41135-247,None,None,중개거래,경기 성남시 분당구,25.08.29,302,개인,개인,N
41135,10500,1,0087,0000,중앙공원로,41135,3180049,01,0,00053,00000,서현동,시범한신,87,84.69,2025,6,13,176000,1,1991,41135-102,None,None,중개거래,경기 성남시 분당구,25.10.24,115,개인,개인,N
41135,10500,1,0087,0000,중앙공원로,41135,3180049,01,0,00053,00000,서현동,시범한신,87,133.295,2025,6,23,225000,3,1991,41135-102,None,None,중개거래,경기 성남시 분당구,25.08.29,127,개인,개인,N
41135,10500,1,0087,0000,중앙공원로,41135,3180049,01,0,00053,00000,서현동,시범삼성,87,133.295,2025,6,18,225000,14,1991,41135-98,None,None,중개거래,경기 성남시 분당구,25.10.30,132,개인,개인,N
41135,11100,1,0180,0000,정자일로,41135,3180021,02,0,00046,00000,금곡동,청솔마을(유천),180,40.5,2025,6,24,80000,9,1995,41135-157,O,25.07.07,중개거래,경기 성남시 분당구,None,None,개인,개인,N
41135,10300,1,0102,0000,백현로,41135,3180022,02,0,00206,00000,정자동,한솔마을(4단지)(주공),102,41.85,2025,6,13,66500,9,1994,41135-67,None,None,중개거래,경기 성남시 분당구,25.07.29,408,개인,개인,N
41135,10800,1,0622,0000,판교로,41135,3180051,03,0,00050,00000,판교동,판교원마을1단지(파라곤),622,101.2,2025,6,26,156000,6,2009,41135-458,None,None,중개거래,경기 성남시 분당구,25.10.31,111,개인,개인,N
41135,10700,1,0211,0000,장미로,41135,3180048,01,0,00193,00000,야탑동,매화마을(주공4),211,41.85,2025,6,19,53000,15,1993,41135-249,None,None,중개거래,경기 성남시 분당구,25.11.14,406,개인,개인,N
41135,10900,1,0717,0000,판교로,41135,3180051,04,0,00393,00000,삼평동,봇들마을2단지(이지더원),717,84.2822,2025,6,19,139000,1,2009,41135-441,None,None,중개거래,경기 성남시 분당구,25.09.30,206,개인,개인,N
41135,10600,1,0140,0000,탄천로,41135,3180050,01,0,00059,00000,이매동,아름마을(풍림),140,163.62,2025,6,22,214500,6,1993,41135-86,None,None,중개거래,"경기 성남시 분당구, 서울 강남구",25.10.30,515,개인,개인,N
41135,10300,1,0181,0000,정자일로,41135,3180021,01,0,00080,00000,정자동,상록마을(임광),181,84.97,2025,6,24,170000,7,1995,41135-61,None,None,중개거래,경기 성남시 분당구,25.10.20,407,개인,개인,N
41135,10300,1,0112,0000,정자로,41135,3180058,01,0,00115,00000,정자동,한솔마을(5단지)(주공),112,51.66,2025,6,24,89900,8,1994,41135-223,None,None,중개거래,경기 성남시 분당구,25.09.30,509,개인,개인,N
41135,10300,1,0015,0004,정자일로232번길,41135,4340532,01,0,00025,00000,정자동,두산제니스,15-4,84.89,2025,6,6,160000,3,2003,41135-244,O,25.07.03,중개거래,경기 성남시 분당구,None,None,개인,개인,N
41135,10800,1,0629,0000,판교로,41135,3180051,03,0,00020,00000,판교동,판교원마을3단지(푸르지오),629,84.51,2025,6,5,153000,27,2009,41135-460,O,25.08.07,중개거래,경기 성남시 분당구,None,None,개인,개인,N
41135,10200,1,0024,0000,내정로165번길,41135,4340034,01,0,00035,00000,수내동,양지마을(5단지)(한양501-514),24,35.1,2025,6,15,79500,7,1992,41135-73,None,None,중개거래,경기 성남시 분당구,25.10.22,509,개인,개인,N
41135,10300,1,0181,0000,정자일로,41135,3180021,01,0,00080,00000,정자동,상록마을(임광),181,84.97,2025,6,26,162700,18,1995,41135-61,O,25.07.16,중개거래,"경기 성남시 분당구, 서울 서초구",None,None,개인,개인,N
41135,10300,1,0006,0000,정자일로,41135,3180021,01,0,00248,00000,정자동,파크뷰,6,162.869,2025,6,24,310000,15,2004,41135-250,None,None,중개거래,"경기 성남시 분당구, 경기 수원시 영통구",25.10.17,607,개인,개인,N
41135,10700,1,0334,0000,장미로,41135,3180048,01,0,00101,00000,야탑동,장미마을(현대),334,59.4,2025,6,26,87000,1,1993,41135-139,None,None,중개거래,경기 성남시 분당구,25.10.20,802,개인,개인,N
41135,10200,1,0075,0000,백현로,41135,3180022,01,0,00227,00000,수내동,푸른마을(쌍용),75,176.77,2025,6,6,195000,15,1992,41135-80,None,None,중개거래,경기 성남시 분당구,25.09.15,509,개인,개인,N
41135,10200,1,0052,0000,수내로,41135,3180039,02,0,00148,00000,수내동,파크타운(서안),52,131.49,2025,6,12,203000,3,1993,41135-77,O,25.09.21,중개거래,경기 성남시 분당구,None,None,개인,개인,N
41135,10100,1,0066,0000,장안로51번길,41135,4340382,01,0,00011,00000,분당동,장안타운(건영),66,85.0,2025,6,21,105000,3,1993,41135-32,None,None,중개거래,경기 성남시 분당구,25.11.03,106,개인,개인,N
41135,10600,1,0122,0000,서현로,41135,3180034,03,0,00177,00000,이매동,이매촌(금강),122,50.82,2025,6,11,100000,1,1992,41135-89,None,None,중개거래,경기 성남시 분당구,25.09.15,107,개인,개인,N
41135,11400,1,0221,0000,무지개로,41135,3180014,01,0,00144,00000,구미동,무지개(5단지)(청구),221,85.0,2025,6,19,115000,11,1995,41135-188,None,None,중개거래,경기 성남시 분당구,25.08.22,513,개인,개인,N
41135,10200,1,0071,0000,수내로,41135,3180039,02,0,00206,00000,수내동,푸른마을(벽산),71,84.72,2025,6,6,150000,5,1992,41135-78,None,None,중개거래,경기 성남시 분당구,25.09.05,309,개인,개인,N
41135,10300,1,0117,0000,내정로,41135,3180003,02,0,00054,00000,정자동,한솔마을(6단지)(주공),117,58.19,2025,6,16,101000,8,1995,41135-224,None,None,중개거래,경기 성남시 분당구,25.08.29,611,개인,개인,N
41135,10500,1,0087,0000,중앙공원로,41135,3180049,01,0,00053,00000,서현동,시범삼성,87,84.69,2025,6,19,175000,1,1991,41135-98,None,None,중개거래,"경기 성남시 분당구, 경기 용인시 수지구",25.10.30,106,개인,개인,N
41135,11000,1,0545,0000,동판교로,41135,3178016,02,0,00122,00000,백현동,백현마을2단지,545,84.82,2025,6,12,215000,7,2009,41135-473,None,None,중개거래,경기 성남시 분당구,25.10.30,209,개인,개인,N
41135,11100,1,0181,0000,정자일로,41135,3180021,02,0,00072,00000,금곡동,청솔마을(한라),181,84.39,2025,6,2,143000,9,1995,41135-159,None,None,중개거래,경기 성남시 분당구,25.09.10,301,개인,개인,N
41135,11100,1,0133,0000,미금로,41135,3180016,01,0,00216,00000,금곡동,청솔마을(주공9단지),133,36.54,2025,6,24,66000,10,1995,41135-158,None,None,중개거래,경기 성남시 분당구,25.10.15,902,개인,개인,N
41135,10200,1,0036,0000,내정로,41135,3180003,01,0,00185,00000,수내동,양지마을(2단지)(청구),36,134.8,2025,6,6,245000,14,1992,41135-72,None,None,중개거래,경기 성남시 분당구,25.08.29,204,개인,개인,N
41135,10800,1,0629,0000,판교로,41135,3180051,03,0,00020,00000,판교동,판교원마을3단지(푸르지오),629,84.51,2025,6,7,151500,13,2009,41135-460,None,None,중개거래,"경기 성남시 분당구, 경기 시흥시",25.12.23,302,개인,개인,N
41135,10300,1,0198,0000,불정로,41135,3180030,03,0,00179,00000,정자동,정든마을(2단지)(동아),198,48.84,2025,6,21,81000,11,1995,41135-62,None,None,중개거래,경기 성남시 분당구,25.10.31,205,개인,개인,N
41135,10300,1,0006,0000,정자일로,41135,3180021,01,0,00248,00000,정자동,파크뷰,6,139.717,2025,6,9,265000,9,2004,41135-250,O,25.10.21,중개거래,경기 성남시 분당구,None,None,개인,개인,N
41135,10300,1,0192,0000,불정로,41135,3180030,03,0,00119,00000,정자동,정든마을(8단지)(한진),192,134.97,2025,6,10,164000,15,1995,41135-229,None,None,중개거래,경기 성남시 분당구,25.09.12,809,개인,개인,N
41135,10300,1,0006,0000,정자일로,41135,3180021,01,0,00248,00000,정자동,파크뷰,6,162.869,2025,6,16,293000,31,2004,41135-250,None,None,중개거래,경기 성남시 분당구,25.08.26,611,개인,개인,N
41135,10900,1,0705,0000,동판교로,41135,3178016,01,0,00275,00000,삼평동,봇들마을1단지(판교신미주),705,82.794,2025,6,14,164000,11,2009,41135-440,None,None,중개거래,경기 성남시 분당구,25.09.26,118,개인,개인,N
41135,11100,1,0133,0000,미금로,41135,3180016,01,0,00216,00000,금곡동,청솔마을(주공9단지),133,42.84,2025,6,10,78700,20,1995,41135-158,None,None,중개거래,경기 성남시 분당구,25.09.29,906,개인,개인,N
41135,10700,1,0530,0000,양현로,41135,3180042,03,0,00254,00000,야탑동,탑마을(진덕),530,131.4,2025,6,25,155000,7,1993,41135-148,None,None,중개거래,"경기 성남시 분당구, 경기 하남시",25.11.07,507,개인,개인,N
41135,10600,1,0100,0000,양현로,41135,3180042,02,0,00192,00000,이매동,이매촌(삼성),100,174.67,2025,6,25,171000,8,1994,41135-92,O,25.09.16,중개거래,경기 성남시 분당구,None,None,개인,개인,N
41135,10200,1,0075,0000,백현로,41135,3180022,01,0,00265,00000,수내동,푸른마을(쌍용),75,84.72,2025,6,21,150000,1,1992,41135-80,None,None,중개거래,경기 성남시 분당구,25.09.25,603,개인,개인,N
41135,10700,1,0535,0000,판교로,41135,3180051,02,0,00421,00000,야탑동,탑마을(대우),535,134.31,2025,6,5,135000,1,1992,41135-143,O,25.07.22,중개거래,경기 성남시 분당구,None,None,개인,개인,N
41135,10900,1,0717,0000,판교로,41135,3180051,04,0,00393,00000,삼평동,봇들마을2단지(이지더원),717,84.2822,2025,6,18,141000,6,2009,41135-441,None,None,중개거래,경기 성남시 분당구,25.09.30,207,개인,개인,N
41135,10600,1,0122,0000,서현로,41135,3180034,03,0,00177,00000,이매동,이매촌(금강),122,84.42,2025,6,13,145000,6,1992,41135-89,None,None,중개거래,경기 성남시 분당구,25.08.08,102,개인,개인,N
41135,10900,1,0722,0000,동판교로,41135,3178016,01,0,00225,00000,삼평동,봇들마을3단지(주공),722,59.85,2025,6,10,152000,16,2009,41135-452,None,None,중개거래,경기 성남시 분당구,25.10.16,303,개인,개인,N
41135,11100,1,0133,0000,미금로,41135,3180016,01,0,00216,00000,금곡동,청솔마을(주공9단지),133,36.54,2025,6,23,63500,2,1995,41135-158,None,None,중개거래,경기 성남시 분당구,25.08.12,901,개인,개인,N
41135,10500,1,0096,0000,중앙공원로,41135,3180049,01,0,00054,00000,서현동,시범우성,96,64.8,2025,6,21,140000,15,1991,41135-100,None,None,중개거래,"경기 성남시 분당구, 경기 성남시 수정구",25.09.08,218,개인,개인,N
41135,10200,1,0034,0000,수내로,41135,3180039,02,0,00074,00000,수내동,양지마을(금호1),34,133.82,2025,6,13,240000,10,1992,41135-71,None,None,중개거래,경기 성남시 분당구,25.10.31,116,개인,개인,N
41135,10600,1,0140,0000,탄천로,41135,3180050,01,0,00059,00000,이매동,아름마을(풍림),140,134.22,2025,6,8,170000,1,1993,41135-86,None,None,중개거래,경기 성남시 분당구,25.09.08,513,개인,개인,N
41135,10900,1,0705,0000,동판교로,41135,3178016,01,0,00275,00000,삼평동,봇들마을1단지(판교신미주),705,82.794,2025,6,14,165000,9,2009,41135-440,None,None,중개거래,경기 성남시 분당구,25.09.02,110,개인,개인,N
41135,11400,1,0088,0000,미금일로,41135,3180061,03,0,00022,00000,구미동,까치마을(2단지)(주공),88,49.67,2025,6,21,91000,6,1995,41135-167,None,None,중개거래,경기 성남시 분당구,25.09.19,203,개인,개인,N
41135,10300,1,0200,0000,불정로,41135,3180030,03,0,00141,00000,정자동,정든마을(1단지)(동아),200,164.77,2025,6,10,148000,12,1995,41135-225,None,None,중개거래,경기 성남시 분당구,25.07.24,104,개인,개인,N
41135,10500,1,0291,0000,돌마로486번길,41135,4340062,01,0,00007,00000,서현동,효자촌(동아),291,84.72,2025,6,12,142000,9,1992,41135-106,None,None,중개거래,경기 성남시 분당구,25.09.18,203,개인,개인,N
41135,10500,1,0292,0000,불정로,41135,3180030,04,0,00397,00000,서현동,효자촌(임광),292,111.51,2025,6,19,153000,8,1992,41135-110,None,None,중개거래,"경기 성남시 분당구, 서울 송파구",25.09.29,310,개인,개인,N
41135,11100,1,0143,0000,미금로,41135,3180016,01,0,00251,00000,금곡동,청솔마을(성원),143,134.67,2025,6,6,160000,10,1994,41135-155,None,None,중개거래,경기 성남시 분당구,25.09.30,709,개인,개인,N
41135,10300,1,0198,0000,불정로,41135,3180030,03,0,00195,00000,정자동,정든마을(6단지)(우성),198,48.84,2025,6,21,74000,2,1994,41135-227,None,None,중개거래,경기 성남시 분당구,25.08.21,615,개인,개인,N
41135,10600,1,0133,0000,탄천로,41135,3180050,01,0,00095,00000,이매동,아름마을(두산),133,132.72,2025,6,22,169000,14,1992,41135-82,None,None,중개거래,경기 성남시 분당구,25.10.16,419,개인,개인,N
41135,10200,1,0071,0000,수내로,41135,3180039,02,0,00174,00000,수내동,푸른마을(벽산),71,163.83,2025,6,25,209000,6,1992,41135-78,None,None,중개거래,경기 성남시 분당구,25.10.17,102,개인,개인,N
41135,10700,1,0525,0000,판교로,41135,3180051,02,0,00519,00000,야탑동,탑마을(경남)1,525,84.91,2025,6,21,119400,9,1994,41135-140,O,25.07.08,중개거래,"경기 성남시 분당구, 경기 성남시 중원구",None,None,개인,개인,N
41135,11100,1,0177,0000,성남대로171번길,41135,4340260,01,0,00008,00000,금곡동,청솔마을(영남),177,53.6,2025,6,16,109000,14,1995,41135-156,None,None,중개거래,"경기 성남시 분당구, 경기 성남시 수정구",25.09.15,105,개인,개인,N
41135,10500,1,0087,0000,중앙공원로,41135,3180049,01,0,00053,00000,서현동,시범삼성,87,192.15,2025,6,25,280000,15,1991,41135-98,None,None,중개거래,경기 성남시 분당구,25.08.29,109,개인,개인,N
41135,10100,1,0066,0000,장안로,41135,3180057,01,0,00015,00000,분당동,장안타운(건영),66,162.85,2025,6,19,130000,11,1993,41135-32,None,None,중개거래,경기 성남시 분당구,25.11.14,124,개인,개인,N
41135,10700,1,0536,0000,야탑로,41135,3180041,01,0,00020,00000,야탑동,탑마을(선경)1,536,51.84,2025,6,7,92000,6,1992,41135-145,O,25.11.11,중개거래,경기 성남시 분당구,None,None,개인,개인,N
41135,10200,1,0075,0000,백현로,41135,3180022,01,0,00227,00000,수내동,푸른마을(쌍용),75,131.4,2025,6,19,185000,3,1992,41135-80,None,None,중개거래,경기 성남시 분당구,25.10.20,501,개인,개인,N
41135,10300,1,0006,0000,정자일로,41135,3180021,01,0,00248,00000,정자동,파크뷰,6,182.232,2025,6,19,349000,9,2004,41135-250,None,None,중개거래,경기 성남시 분당구,25.10.16,612,개인,개인,N
41135,10300,1,0198,0000,불정로,41135,3180030,03,0,00195,00000,정자동,정든마을(6단지)(우성),198,48.84,2025,6,21,76800,10,1994,41135-227,None,None,중개거래,경기 성남시 분당구,25.07.18,616,개인,개인,N
41135,10200,1,0024,0000,내정로165번길,41135,4340034,01,0,00035,00000,수내동,양지마을(5단지)(한양501-514),24,35.1,2025,6,16,80000,1,1992,41135-73,None,None,중개거래,경기 성남시 분당구,25.09.19,510,개인,개인,N
41135,10300,1,0102,0000,백현로,41135,3180022,02,0,00206,00000,정자동,한솔마을(4단지)(주공),102,36.0,2025,6,17,63000,12,1994,41135-67,None,None,중개거래,경기 성남시 분당구,25.07.25,405,개인,개인,N
41135,10300,1,0112,0000,정자로,41135,3180058,01,0,00115,00000,정자동,한솔마을(5단지)(주공),112,41.85,2025,6,23,63000,2,1994,41135-223,None,None,중개거래,경기 성남시 분당구,25.08.05,501,개인,개인,N
41135,10300,1,0028,0001,성남대로,41135,2000005,02,0,00449,00000,정자동,로얄팰리스,28-1,137.76,2025,6,24,198000,30,2003,41135-70,None,None,중개거래,경기 성남시 분당구,25.09.24,에이동,개인,개인,N
41135,10200,1,0024,0000,내정로165번길,41135,4340034,01,0,00035,00000,수내동,양지마을(5단지)(한양501-514),24,35.1,2025,6,20,84000,4,1992,41135-73,None,None,중개거래,경기 성남시 분당구,25.08.22,511,개인,개인,N
41135,10200,1,0024,0000,내정로165번길,41135,4340034,01,0,00035,00000,수내동,양지마을(5단지)(한양501-514),24,35.1,2025,6,21,77000,1,1992,41135-73,None,None,중개거래,경기 성남시 분당구,25.07.21,509,개인,개인,N
41135,10600,1,0124,0000,서현로,41135,3180034,03,0,00181,00000,이매동,이매촌(한신),124,66.27,2025,6,25,120000,6,1992,41135-97,O,25.06.25,중개거래,경기 성남시 분당구,None,None,개인,개인,N
41135,11500,1,0918,0000,판교원로82번길,41135,4340480,01,0,00030,00000,운중동,산운마을13단지(태영),918,84.62,2025,6,6,136500,26,2010,41135-477,None,None,중개거래,경기 성남시 분당구,25.08.06,1307,개인,개인,N
41135,10500,1,0087,0000,중앙공원로,41135,3180049,01,0,00053,00000,서현동,시범한신,87,84.69,2025,6,16,184000,5,1991,41135-102,None,None,중개거래,경기 성남시 분당구,26.01.28,128,개인,개인,N
41135,10500,1,0091,0000,중앙공원로,41135,3180049,01,0,00017,00000,서현동,시범한양,91,35.1,2025,6,20,83500,11,1991,41135-103,None,None,중개거래,경기 성남시 분당구,25.08.26,328,개인,개인,N
41135,10900,1,0705,0000,동판교로,41135,3178016,01,0,00275,00000,삼평동,봇들마을1단지(판교신미주),705,83.698,2025,6,10,154500,3,2009,41135-440,None,None,중개거래,경기 성남시 분당구,25.07.28,117,개인,개인,N
41135,10500,1,0091,0000,중앙공원로,41135,3180049,01,0,00017,00000,서현동,시범한양,91,134.87,2025,6,11,209000,3,1991,41135-103,None,None,중개거래,경기 성남시 분당구,25.08.21,322,개인,개인,N
41135,10300,1,0192,0000,정자로,41135,3180058,01,0,00112,00000,정자동,정든마을(5단지)(신화),192,69.93,2025,6,25,121000,7,1995,41135-63,None,None,중개거래,경기 성남시 분당구,25.09.26,502,개인,개인,N
41135,10300,1,0111,0000,정자로,41135,3180058,01,0,00143,00000,정자동,한솔마을(2단지)(LG),111,101.85,2025,6,19,148000,13,1995,41135-66,None,None,중개거래,경기 성남시 분당구,25.10.30,206,개인,개인,N
41135,10700,1,0334,0000,장미로,41135,3180048,01,0,00101,00000,야탑동,장미마을(현대),334,41.76,2025,6,16,62000,9,1993,41135-139,None,None,중개거래,경기 성남시 분당구,25.09.02,822,개인,개인,N
41135,10700,1,0330,0000,장미로,41135,3180048,01,0,00055,00000,야탑동,장미마을(코오롱)1,330,74.14,2025,6,12,97000,1,1993,41135-138,None,None,중개거래,경기 성남시 분당구,25.08.07,126,개인,개인,N
41135,10300,1,0117,0000,내정로,41135,3180003,02,0,00054,00000,정자동,한솔마을(6단지)(주공),117,58.19,2025,6,12,90000,1,1995,41135-224,None,None,중개거래,"경기 성남시 분당구, 경기 성남시 중원구",25.09.22,608,개인,개인,N
41135,10100,1,0038,0000,수내로,41135,3180039,01,0,00181,00000,분당동,샛별마을(우방),38,57.28,2025,6,7,108000,3,1994,41135-21,None,None,중개거래,경기 성남시 분당구,25.09.29,301,개인,개인,N
41135,10100,1,0066,0000,분당로263번길,41135,4340156,01,0,00024,00000,분당동,장안타운(건영),66,85.0,2025,6,24,105000,2,1993,41135-32,O,25.06.25,중개거래,경기 성남시 분당구,None,None,개인,개인,N
41135,10600,1,0124,0000,서현로,41135,3180034,03,0,00181,00000,이매동,이매촌(한신),124,84.9,2025,6,7,150000,17,1992,41135-97,None,None,중개거래,경기 성남시 분당구,25.10.20,201,개인,개인,N
41135,10700,1,0156,0000,판교로,41135,3180051,00,0,00669,00000,야탑동,목련마을(영남),156,53.6,2025,6,24,56900,2,1995,41135-127,None,None,중개거래,경기 성남시 분당구,25.09.30,501,개인,개인,N
41135,10100,1,0066,0000,분당로263번길,41135,4340156,01,0,00024,00000,분당동,장안타운(건영),66,85.0,2025,6,9,105000,17,1993,41135-32,None,None,중개거래,경기 성남시 분당구,25.09.17,115,개인,개인,N
41135,11500,1,0921,0000,판교원로,41135,3180052,02,0,00046,00000,운중동,산운마을12단지판교센트럴포레와이시티,921,55.36,2025,6,17,109000,4,2009,41135-457,None,None,중개거래,경기 성남시 분당구,25.12.22,1208,개인,개인,N
41135,10300,1,0181,0000,정자일로,41135,3180021,01,0,00080,00000,정자동,상록마을(임광),181,48.84,2025,6,14,99500,9,1995,41135-61,None,None,중개거래,경기 성남시 분당구,25.09.19,406,개인,개인,N
41135,10700,1,0517,0000,야탑로,41135,3180041,01,0,00124,00000,야탑동,탑마을(벽산),517,84.91,2025,6,14,115000,9,1994,41135-144,None,None,중개거래,경기 성남시 분당구,25.07.29,608,개인,개인,N
41135,10200,1,0024,0000,내정로165번길,41135,4340034,01,0,00035,00000,수내동,양지마을(5단지)(한양501-514),24,35.1,2025,6,18,70000,1,1992,41135-73,None,None,중개거래,경기 성남시 분당구,26.06.17,509,개인,개인,N
41135,10900,1,0722,0000,동판교로,41135,3178016,01,0,00225,00000,삼평동,봇들마을3단지(주공),722,84.69,2025,6,17,175000,10,2009,41135-452,None,None,중개거래,경기 성남시 분당구,25.09.25,302,개인,개인,N
41135,10900,1,0744,0000,동판교로,41135,3178016,01,0,00156,00000,삼평동,봇들마을9단지(금호어울림),744,115.07,2025,6,17,254000,4,2009,41135-455,None,None,중개거래,경기 성남시 분당구,25.10.30,909,개인,개인,N
41135,10100,1,0066,0000,분당로263번길,41135,4340156,01,0,00024,00000,분당동,장안타운(건영),66,53.72,2025,6,6,67000,9,1993,41135-32,None,None,중개거래,경기 성남시 분당구,25.09.10,119,개인,개인,N
41135,10200,1,0052,0000,수내로,41135,3180039,02,0,00148,00000,수내동,파크타운(서안),52,184.78,2025,6,25,230000,23,1993,41135-77,None,None,중개거래,"경기 성남시 분당구, 서울 강남구",25.10.28,114,개인,개인,N
41135,10100,1,0066,0000,분당로263번길,41135,4340156,01,0,00024,00000,분당동,장안타운(건영),66,85.0,2025,6,24,105000,2,1993,41135-32,None,None,중개거래,경기 성남시 분당구,25.10.30,121,개인,개인,N
41135,10200,1,0054,0000,내정로166번길,41135,4340035,01,0,00042,00000,수내동,파크타운(삼익),54,101.835,2025,6,7,179500,11,1993,41135-76,None,None,중개거래,경기 성남시 분당구,25.08.27,125,개인,개인,N
41135,10900,1,0718,0000,동판교로,41135,3178016,01,0,00226,00000,삼평동,봇들마을4단지(주공),718,59.84,2025,6,13,145000,15,2009,41135-454,None,None,중개거래,"경기 성남시 분당구, 경기 수원시 장안구",25.09.10,409,개인,개인,N
41135,10300,1,0015,0004,정자일로232번길,41135,4340532,01,0,00025,00000,정자동,두산제니스,15-4,157.33,2025,6,21,238500,22,2003,41135-244,None,None,중개거래,경기 성남시 분당구,26.04.30,A,개인,개인,N
41135,10900,1,0741,0000,대왕판교로606번길,41135,4340053,01,0,00058,00000,삼평동,판교푸르지오월드마크,741,127.6,2025,6,9,259000,13,2013,41135-511,O,25.08.22,중개거래,경기 성남시 분당구,None,None,개인,개인,N
41135,10500,1,0091,0000,중앙공원로,41135,3180049,01,0,00017,00000,서현동,시범한양,91,148.94,2025,6,16,225000,7,1991,41135-103,None,None,중개거래,경기 성남시 분당구,26.05.22,320,개인,개인,N
41135,10700,1,0536,0000,야탑로,41135,3180041,01,0,00020,00000,야탑동,탑마을(선경)1,536,51.84,2025,6,18,89500,9,1992,41135-145,None,None,중개거래,경기 성남시 분당구,25.09.30,114,개인,개인,N
41135,11000,1,0525,0000,판교역로,41135,3179025,02,0,00049,00000,백현동,백현마을9단지(e편한세상),525,101.46,2025,6,4,202500,9,2009,41135-463,None,None,중개거래,경기 성남시 분당구,25.09.30,914,개인,개인,N
41135,10300,1,0112,0000,정자로,41135,3180058,01,0,00115,00000,정자동,한솔마을(5단지)(주공),112,41.85,2025,6,24,64000,9,1994,41135-223,None,None,중개거래,경기 성남시 분당구,26.01.13,502,개인,개인,N
41135,11600,1,0642,0000,판교대장로5길,41135,4859965,01,0,00020,00000,대장동,판교풍경채어바니티(5단지),642,84.973,2025,6,22,130000,7,2021,41135-602,None,None,중개거래,경기 성남시 분당구,25.07.31,501동,개인,개인,N
41135,10300,1,0194,0000,내정로,41135,3180003,02,0,00010,00000,정자동,정든마을(7단지)(한진),194,68.04,2025,6,20,119000,3,1994,41135-228,None,None,중개거래,경기 성남시 분당구,25.09.30,703,개인,개인,N
41135,10100,1,0038,0000,수내로,41135,3180039,01,0,00181,00000,분당동,샛별마을(우방),38,57.28,2025,6,14,109800,4,1994,41135-21,None,None,중개거래,경기 성남시 분당구,25.10.23,312,개인,개인,N
41135,10900,1,0717,0000,판교로,41135,3180051,04,0,00393,00000,삼평동,봇들마을2단지(이지더원),717,84.2822,2025,6,24,141000,2,2009,41135-441,None,None,중개거래,경기 성남시 분당구,25.09.25,207,개인,개인,N
41135,11100,1,0192,0000,정자일로,41135,3180021,02,0,00055,00000,금곡동,두산위브트레지움,192,147.52,2025,6,2,165500,18,2003,41135-235,None,None,중개거래,경기 성남시 분당구,25.10.31,104,개인,개인,N
41135,11100,1,0192,0000,정자일로,41135,3180021,02,0,00055,00000,금곡동,두산위브트레지움,192,147.52,2025,6,10,165000,13,2003,41135-235,None,None,중개거래,경기 성남시 분당구,25.12.16,105,개인,개인,N
41135,10300,1,0102,0000,백현로,41135,3180022,02,0,00206,00000,정자동,한솔마을(4단지)(주공),102,36.0,2025,6,20,60000,4,1994,41135-67,None,None,중개거래,경기 성남시 분당구,25.08.20,416,개인,개인,N
41135,10300,1,0192,0000,불정로,41135,3180030,03,0,00119,00000,정자동,정든마을(8단지)(한진),192,112.2,2025,6,20,152000,19,1995,41135-229,None,None,중개거래,"서울 서초구, 서울 송파구",25.11.20,804,개인,개인,N
41135,10300,1,0028,0001,성남대로,41135,2000005,02,0,00449,00000,정자동,로얄팰리스,28-1,208.87,2025,6,9,220000,9,2003,41135-70,None,None,중개거래,경기 성남시 분당구,25.10.31,비동,개인,개인,N
41135,10300,1,0107,0000,백현로,41135,3180022,02,0,00234,00000,정자동,한솔마을(3단지)(한일),107,59.96,2025,6,13,110500,7,1993,41135-69,O,25.06.27,중개거래,경기 성남시 분당구,None,None,개인,개인,N
41135,10300,1,0110,0000,불정로,41135,3180030,03,0,00219,00000,정자동,한솔마을(1단지)(청구),110,84.965,2025,6,17,133500,1,1994,41135-68,None,None,중개거래,경기 성남시 분당구,25.09.30,106,개인,개인,N
41135,10300,1,0110,0000,불정로,41135,3180030,03,0,00219,00000,정자동,한솔마을(1단지)(청구),110,49.35,2025,6,19,88000,8,1994,41135-68,None,None,중개거래,경기 성남시 분당구,25.09.30,112,개인,개인,N
41135,10700,1,0517,0000,야탑로,41135,3180041,01,0,00124,00000,야탑동,탑마을(벽산),517,69.87,2025,6,10,101800,10,1994,41135-144,None,None,중개거래,경기 성남시 분당구,25.08.25,602,개인,개인,N
41135,10500,1,0310,0000,분당로263번길,41135,4340156,02,0,00013,00000,서현동,효자촌(대창),310,70.686,2025,6,7,95000,2,1994,41135-105,None,None,중개거래,경기 성남시 분당구,25.08.22,614,개인,개인,N
41135,10500,1,0091,0000,중앙공원로,41135,3180049,01,0,00017,00000,서현동,시범한양,91,35.1,2025,6,21,84500,7,1991,41135-103,None,None,중개거래,경기 성남시 분당구,25.10.02,332,개인,개인,N
41135,11100,1,0133,0000,미금로,41135,3180016,01,0,00216,00000,금곡동,청솔마을(주공9단지),133,36.54,2025,6,24,66500,10,1995,41135-158,None,None,중개거래,경기 성남시 분당구,25.10.29,901,개인,개인,N
41135,10900,1,0738,0000,동판교로,41135,3178016,01,0,00155,00000,삼평동,봇들마을7단지,738,108.34,2025,6,21,252500,18,2009,41135-453,None,None,중개거래,경기 성남시 분당구,25.08.28,704,개인,개인,N
41135,10600,1,0124,0000,서현로,41135,3180034,03,0,00181,00000,이매동,이매촌(한신),124,50.1,2025,6,14,87000,1,1992,41135-97,None,None,중개거래,경기 성남시 분당구,25.08.28,210,개인,개인,N
41135,11400,1,0063,0000,미금일로,41135,3180061,03,0,00058,00000,구미동,까치마을(4단지)(롯데),63,84.79,2025,6,3,132000,1,1995,41135-164,None,None,중개거래,경기 성남시 분당구,25.10.01,414,개인,개인,N
41135,10800,1,0585,0000,서판교로,41135,3180044,01,0,00029,00000,판교동,판교원마을9단지(한림풀에버),585,84.9562,2025,6,21,140000,1,2009,41135-444,None,None,중개거래,경기 성남시 분당구,25.10.15,914,개인,개인,N
41135,10500,1,0091,0000,중앙공원로,41135,3180049,01,0,00017,00000,서현동,시범한양,91,35.1,2025,6,4,80000,14,1991,41135-103,None,None,중개거래,경기 성남시 분당구,25.08.08,332,개인,개인,N
41135,10200,1,0071,0000,수내로,41135,3180039,02,0,00174,00000,수내동,푸른마을(벽산),71,131.4,2025,6,24,195000,13,1992,41135-78,O,25.06.27,중개거래,경기 성남시 분당구,None,None,개인,개인,N
41135,11100,1,0201,0000,정자일로,41135,3180021,02,0,00027,00000,금곡동,코오롱더프라우,201,153.948,2025,6,15,138500,25,2004,41135-246,None,None,중개거래,경기 성남시 분당구,25.11.20,코오롱더프라우아파트,개인,개인,N
41135,11400,1,0202,0000,구미로,41135,3180001,01,0,00050,00000,구미동,무지개(2단지)(엘지),202,84.822,2025,6,3,113000,8,1995,41135-185,None,None,중개거래,경기 성남시 분당구,26.01.05,209,개인,개인,N
41135,10900,1,0718,0000,동판교로,41135,3178016,01,0,00226,00000,삼평동,봇들마을4단지(주공),718,84.69,2025,6,18,152000,1,2009,41135-454,None,None,중개거래,경기 성남시 분당구,25.09.01,408,개인,개인,N
41135,11100,1,0133,0000,미금로,41135,3180016,01,0,00216,00000,금곡동,청솔마을(주공9단지),133,36.54,2025,6,13,63900,12,1995,41135-158,None,None,중개거래,경기 성남시 분당구,25.08.07,901,개인,개인,N
41135,10100,1,0038,0000,수내로,41135,3180039,01,0,00181,00000,분당동,샛별마을(우방),38,133.86,2025,6,10,177000,7,1994,41135-21,None,None,중개거래,경기 성남시 분당구,25.08.21,313,개인,개인,N
41135,10200,1,0024,0000,내정로165번길,41135,4340034,01,0,00035,00000,수내동,양지마을(5단지)(한양501-514),24,48.51,2025,6,6,106000,5,1992,41135-73,None,None,중개거래,경기 성남시 분당구,25.10.02,502,개인,개인,N
41135,10300,1,0180,0000,정자일로,41135,3180021,01,0,00100,00000,정자동,미켈란쉐르빌,180,165.25,2025,6,5,200000,20,2003,41135-241,None,None,중개거래,경기 성남시 분당구,25.10.31,A,개인,개인,N
41135,10300,1,0006,0000,정자일로,41135,3180021,01,0,00248,00000,정자동,파크뷰,6,162.869,2025,6,7,295500,18,2004,41135-250,None,None,중개거래,경기 성남시 분당구,25.11.11,607,개인,개인,N
41135,10300,1,0011,0000,정자일로213번길,41135,4340130,01,0,00005,00000,정자동,현대I-PARK3,11,159.35,2025,6,7,210000,7,2003,41135-240,None,None,중개거래,경기 성남시 분당구,25.08.28,302,개인,개인,N
41135,10700,1,0334,0000,장미로,41135,3180048,01,0,00101,00000,야탑동,장미마을(현대),334,75.188,2025,6,13,103300,5,1993,41135-139,O,25.07.07,중개거래,경기 성남시 분당구,None,None,개인,개인,N
41135,10700,1,0201,0000,매화로,41135,3180012,01,0,00092,00000,야탑동,매화마을공무원1,201,49.67,2025,6,17,70000,8,1995,41135-119,None,None,중개거래,경기 성남시 분당구,25.07.04,104,개인,개인,N
41135,10300,1,0194,0000,내정로,41135,3180003,02,0,00010,00000,정자동,정든마을(7단지)(한진),194,68.04,2025,6,13,116500,6,1994,41135-228,None,None,중개거래,경기 성남시 분당구,25.10.30,703,개인,개인,N
41135,10300,1,0121,0000,내정로,41135,3180003,00,None,00055,00000,정자동,상록마을(우성)1,121,162.57,2025,6,7,240000,4,1994,41135-60,None,None,중개거래,경기 성남시 분당구,25.10.21,317,개인,개인,N
41135,10300,1,0110,0000,불정로,41135,3180030,03,0,00219,00000,정자동,한솔마을(1단지)(청구),110,84.965,2025,6,18,145000,17,1994,41135-68,None,None,중개거래,경기 성남시 분당구,25.09.30,102,개인,개인,N
41135,10500,1,0308,0000,불정로,41135,3180030,04,0,00362,00000,서현동,효자촌(럭키),308,53.82,2025,6,21,80000,1,1994,41135-107,O,25.07.18,중개거래,경기 성남시 분당구,None,None,개인,개인,N
41135,11100,1,0176,0000,정자일로,41135,3180021,02,0,00030,00000,금곡동,청솔마을(계룡),176,84.97,2025,6,13,150000,11,1996,41135-150,None,None,중개거래,경기 성남시 분당구,25.09.30,110,개인,개인,N
41135,11400,1,0212,0000,미금로22번길,41135,4340093,01,0,00010,00000,구미동,무지개(12단지)(주공),212,58.14,2025,6,19,74500,11,1995,41135-187,None,None,중개거래,경기 성남시 분당구,25.08.20,1205,개인,개인,N
41135,10900,1,0738,0000,동판교로,41135,3178016,01,0,00155,00000,삼평동,봇들마을7단지,738,84.5,2025,6,16,200000,2,2009,41135-453,None,None,중개거래,경기 성남시 분당구,25.09.08,710,개인,개인,N
41135,10500,1,0091,0000,중앙공원로,41135,3180049,01,0,00017,00000,서현동,시범한양,91,134.87,2025,6,21,225000,12,1991,41135-103,None,None,중개거래,경기 성남시 분당구,25.10.30,322,개인,개인,N
41135,10500,1,0091,0000,중앙공원로,41135,3180049,01,0,00017,00000,서현동,시범한양,91,59.13,2025,6,19,139000,4,1991,41135-103,None,None,중개거래,경기 성남시 분당구,25.10.01,326,개인,개인,N
41135,11500,1,0918,0000,판교원로82번길,41135,4340480,01,0,00030,00000,운중동,산운마을13단지(태영),918,101.67,2025,6,19,149000,6,2010,41135-477,None,None,중개거래,경기 성남시 분당구,25.11.21,1305,개인,개인,N
41135,10300,1,0174,0001,정자일로,41135,3180021,01,0,00121,00000,정자동,분당더샾스타파크,174-1,117.2333,2025,6,8,168000,32,2007,41135-422,None,None,중개거래,경기 성남시 분당구,25.12.15,103,개인,개인,N
41135,10900,1,0740,0000,동판교로177번길,41135,4340278,00,None,00025,00000,삼평동,판교호반써밋플레이스,740,133.96,2025,6,2,232000,4,2012,41135-507,None,None,중개거래,경기 성남시 분당구,25.08.28,103,개인,개인,N
41135,10200,1,0052,0000,수내로,41135,3180039,02,0,00148,00000,수내동,파크타운(서안),52,131.49,2025,6,21,210000,6,1993,41135-77,None,None,중개거래,"경기 성남시 분당구, 서울 송파구",25.09.25,108,개인,개인,N
41135,11400,1,0063,0000,미금일로,41135,3180061,03,0,00058,00000,구미동,까치마을(4단지)(롯데),63,70.66,2025,6,5,113700,1,1995,41135-164,None,None,중개거래,경기 성남시 분당구,25.08.11,415,개인,개인,N
41135,10700,1,0334,0000,장미로,41135,3180048,01,0,00101,00000,야탑동,장미마을(현대),334,84.79,2025,6,23,85000,4,1993,41135-139,None,None,중개거래,경기 용인시 기흥구,25.07.25,807,개인,개인,N
41135,10300,1,0117,0000,내정로,41135,3180003,02,0,00054,00000,정자동,한솔마을(6단지)(주공),117,37.67,2025,6,15,66600,3,1995,41135-224,None,None,중개거래,경기 성남시 분당구,25.08.01,603,개인,개인,N
41135,10300,1,0102,0000,백현로,41135,3180022,02,0,00206,00000,정자동,한솔마을(4단지)(주공),102,35.28,2025,6,18,59500,4,1994,41135-67,None,None,중개거래,경기 성남시 분당구,25.09.12,401,개인,개인,N
41135,10600,1,0100,0000,양현로,41135,3180042,02,0,00220,00000,이매동,이매촌(삼성),100,127.83,2025,6,16,156000,16,1994,41135-92,None,None,중개거래,"경기 성남시 분당구, 서울 강남구",25.08.18,1002,개인,개인,N
41135,10500,1,0092,0000,중앙공원로,41135,3180049,01,0,00020,00000,서현동,시범현대,92,49.41,2025,6,23,113000,3,1991,41135-99,None,None,중개거래,경기 성남시 분당구,25.10.15,404,개인,개인,N
41135,10600,1,0100,0000,양현로,41135,3180042,02,0,00192,00000,이매동,이매촌(삼성),100,84.94,2025,6,18,139500,3,1994,41135-92,O,25.08.29,중개거래,경기 성남시 분당구,None,None,개인,개인,N
41135,10600,1,0124,0000,서현로,41135,3180034,03,0,00181,00000,이매동,이매촌(한신),124,50.1,2025,6,9,93500,1,1992,41135-97,None,None,중개거래,경기 성남시 분당구,25.10.17,210,개인,개인,N
41135,10600,1,0123,0000,양현로94번길,41135,4340315,01,0,00029,00000,이매동,이매촌(청구),123,133.15,2025,6,12,160000,5,1992,41135-96,None,None,직거래,None,25.06.30,602,개인,개인,N
41135,10500,1,0092,0000,중앙공원로,41135,3180049,01,0,00020,00000,서현동,시범현대,92,108.75,2025,6,11,190000,14,1991,41135-99,None,None,중개거래,"경기 , 경기 성남시 분당구",25.08.06,420,개인,개인,N
41135,10300,1,0198,0000,불정로,41135,3180030,03,0,00195,00000,정자동,정든마을(6단지)(우성),198,84.97,2025,6,23,131000,16,1994,41135-227,O,25.07.11,중개거래,경기 성남시 분당구,None,None,개인,개인,N
41135,10300,1,0112,0000,정자로,41135,3180058,01,0,00115,00000,정자동,한솔마을(5단지)(주공),112,42.75,2025,6,16,69500,15,1994,41135-223,None,None,중개거래,경기 성남시 분당구,25.08.14,503,개인,개인,N
41135,10300,1,0180,0000,정자일로,41135,3180021,01,0,00100,00000,정자동,미켈란쉐르빌,180,151.88,2025,6,1,175000,22,2003,41135-241,None,None,중개거래,경기 성남시 분당구,25.08.14,D,개인,개인,N
41135,11100,1,0133,0000,미금로,41135,3180016,01,0,00216,00000,금곡동,청솔마을(주공9단지),133,42.84,2025,6,16,81500,13,1995,41135-158,None,None,중개거래,경기 성남시 분당구,25.09.30,904,개인,개인,N
41135,10300,1,0180,0000,정자일로,41135,3180021,01,0,00100,00000,정자동,미켈란쉐르빌,180,165.25,2025,6,13,234000,35,2003,41135-241,None,None,중개거래,경기 성남시 분당구,25.09.30,C,개인,개인,N
41135,10300,1,0117,0000,내정로,41135,3180003,02,0,00054,00000,정자동,한솔마을(6단지)(주공),117,37.67,2025,6,12,67500,13,1995,41135-224,None,None,중개거래,경기 성남시 분당구,25.08.28,603,개인,개인,N
41135,11100,1,0132,0000,금곡로,41135,3180054,02,0,00233,00000,금곡동,청솔마을(동아),132,101.99,2025,6,18,142000,2,1995,41135-153,None,None,중개거래,경기 성남시 분당구,25.08.18,1003,개인,개인,N
41135,10100,1,0066,0000,분당로263번길,41135,4340156,01,0,00024,00000,분당동,장안타운(건영),66,85.0,2025,6,7,103000,8,1993,41135-32,O,25.07.22,중개거래,경기 성남시 분당구,None,None,개인,개인,N
41135,10600,1,0100,0000,양현로,41135,3180042,02,0,00192,00000,이매동,이매촌(삼성),100,73.25,2025,6,6,127000,2,1994,41135-92,None,None,중개거래,경기 성남시 분당구,25.09.05,1017,개인,개인,N
41135,10300,1,0112,0000,정자로,41135,3180058,01,0,00115,00000,정자동,한솔마을(5단지)(주공),112,74.16,2025,6,13,120000,12,1994,41135-223,None,None,중개거래,경기 성남시 분당구,25.08.01,507,개인,개인,N
41135,10600,1,0132,0000,판교로,41135,3180051,01,0,00430,00000,이매동,아름마을(한성),132,83.64,2025,6,5,125000,2,1992,41135-87,None,None,중개거래,"경기 성남시 분당구, 서울 강남구",25.09.08,208,개인,개인,N
41135,10600,1,0140,0000,탄천로,41135,3180050,01,0,00035,00000,이매동,아름마을(풍림),140,134.22,2025,6,21,195000,4,1993,41135-86,None,None,중개거래,경기 성남시 분당구,25.09.24,501,개인,개인,N
41135,10600,1,0133,0000,탄천로,41135,3180050,01,0,00095,00000,이매동,아름마을(삼호),133,132.72,2025,6,23,160000,13,1992,41135-83,None,None,중개거래,경기 성남시 분당구,25.09.23,409,개인,개인,N
41135,11400,1,0202,0000,구미로,41135,3180001,01,0,00050,00000,구미동,무지개(2단지)(엘지),202,134.94,2025,6,10,137000,19,1995,41135-185,None,None,중개거래,경기 성남시 분당구,25.08.11,205,개인,개인,N
41135,11500,1,0918,0000,판교원로82번길,41135,4340480,01,0,00030,00000,운중동,산운마을13단지(태영),918,101.67,2025,6,19,149000,6,2010,41135-477,O,25.06.24,중개거래,경기 성남시 분당구,None,None,개인,개인,N
41135,10600,1,0121,0000,양현로,41135,3180042,02,0,00088,00000,이매동,이매촌(동부코오롱),121,101.41,2025,6,16,165000,2,1993,41135-90,None,None,중개거래,경기 성남시 분당구,25.10.24,502,개인,개인,N
41135,10300,1,0197,0000,정자로,41135,3180058,01,0,00144,00000,정자동,정든마을(4단지)(우성),197,129.72,2025,6,14,150000,18,1995,41135-64,None,None,중개거래,경기 성남시 분당구,25.11.28,403,개인,개인,N
41135,10200,1,0052,0000,수내로,41135,3180039,02,0,00148,00000,수내동,파크타운(서안),52,84.6,2025,6,11,160000,6,1993,41135-77,None,None,중개거래,경기 성남시 분당구,25.09.17,115,개인,개인,N
41135,10500,1,0087,0000,중앙공원로,41135,3180049,01,0,00053,00000,서현동,시범삼성,87,192.15,2025,6,12,265000,27,1991,41135-98,O,25.11.24,중개거래,경기 성남시 분당구,None,None,개인,개인,N
41135,11400,1,0212,0000,미금로22번길,41135,4340093,01,0,00010,00000,구미동,무지개(12단지)(주공),212,49.36,2025,6,9,57900,8,1995,41135-187,None,None,중개거래,경기 성남시 분당구,25.09.05,1202,개인,개인,N
41135,10700,1,0518,0000,매화로,41135,3180012,01,0,00012,00000,야탑동,탑마을(주공),518,41.85,2025,6,18,55300,13,1993,41135-147,None,None,중개거래,경기 성남시 분당구,25.09.10,809,개인,개인,N
41135,10500,1,0092,0000,중앙공원로,41135,3180049,01,0,00020,00000,서현동,시범현대,92,59.55,2025,6,10,130000,3,1991,41135-99,None,None,중개거래,경기 성남시 분당구,25.08.28,406,개인,개인,N
41135,11100,1,0177,0000,성남대로171번길,41135,4340260,01,0,00008,00000,금곡동,청솔마을(서광),177,84.96,2025,6,8,145000,6,1995,41135-154,None,None,중개거래,경기 성남시 분당구,25.08.13,101,개인,개인,N
41135,10900,1,0744,0000,동판교로,41135,3178016,01,0,00156,00000,삼평동,봇들마을9단지(금호어울림),744,115.01,2025,6,21,265000,17,2009,41135-455,None,None,중개거래,경기 성남시 분당구,25.11.27,908,개인,개인,N
41135,11400,1,0066,0000,미금로,41135,3180016,02,0,00177,00000,구미동,까치마을(3단지)(신원),66,130.83,2025,6,12,182000,13,1995,41135-165,None,None,중개거래,경기 성남시 분당구,25.09.29,301,개인,개인,N
41135,11000,1,0554,0000,판교역로,41135,3179025,02,0,00102,00000,백현동,백현마을5단지(주공),554,84.7,2025,6,16,217000,8,2009,41135-469,None,None,중개거래,경기 성남시 분당구,25.10.30,503,개인,개인,N
41135,11400,1,0212,0000,미금로22번길,41135,4340093,01,0,00010,00000,구미동,무지개(12단지)(주공),212,49.67,2025,6,19,59500,6,1995,41135-187,None,None,중개거래,경기 성남시 분당구,25.08.22,1207,개인,개인,N
41135,10100,1,0066,0000,장안로51번길,41135,4340382,01,0,00011,00000,분당동,장안타운(건영),66,53.72,2025,6,5,71000,9,1993,41135-32,O,25.08.18,중개거래,경기 성남시 분당구,None,None,개인,개인,N
41135,10700,1,0536,0000,야탑로,41135,3180041,01,0,00020,00000,야탑동,탑마을(선경)1,536,51.84,2025,6,9,90000,13,1992,41135-145,None,None,중개거래,경기 성남시 분당구,25.07.23,115,개인,개인,N
41135,10300,1,0192,0000,불정로,41135,3180030,03,0,00119,00000,정자동,정든마을(8단지)(한진),192,49.5,2025,6,6,90000,10,1995,41135-229,None,None,중개거래,경기 성남시 분당구,25.09.01,807,개인,개인,N
41135,11100,1,0125,0000,금곡로,41135,3180054,02,0,00263,00000,금곡동,청솔마을(공무원),125,58.71,2025,6,12,92000,3,1994,41135-151,None,None,중개거래,경기 성남시 분당구,25.10.02,508,개인,개인,N
41135,11400,1,0063,0000,미금일로,41135,3180061,03,0,00058,00000,구미동,까치마을(4단지)(선경),63,84.79,2025,6,11,149000,12,1995,41135-231,None,None,중개거래,경기 성남시 분당구,25.08.28,405,개인,개인,N
41135,11400,1,0202,0000,구미로,41135,3180001,01,0,00050,00000,구미동,무지개(2단지)(엘지),202,134.94,2025,6,9,135000,8,1995,41135-185,O,25.08.11,중개거래,"경기 성남시 분당구, 경기 용인시 수지구",None,None,개인,개인,N
41135,10600,1,0133,0000,탄천로,41135,3180050,01,0,00095,00000,이매동,아름마을(삼호),133,59.79,2025,6,17,100000,2,1992,41135-83,None,None,중개거래,경기 성남시 분당구,25.07.10,413,개인,개인,N
41135,10200,1,0071,0000,수내로,41135,3180039,02,0,00174,00000,수내동,푸른마을(벽산),71,163.83,2025,6,14,188000,14,1992,41135-78,None,None,중개거래,경기 성남시 분당구,25.09.15,104,개인,개인,N
41135,10200,1,0054,0000,내정로166번길,41135,4340035,01,0,00042,00000,수내동,파크타운(삼익),54,131.49,2025,6,13,205000,4,1993,41135-76,None,None,중개거래,경기 성남시 분당구,25.08.29,117,개인,개인,N
41135,10500,1,0091,0000,중앙공원로,41135,3180049,01,0,00017,00000,서현동,시범한양,91,84.93,2025,6,1,167000,28,1991,41135-103,None,None,중개거래,경기 성남시 분당구,25.09.01,325,개인,개인,N
41135,10200,1,0029,0000,내정로173번길,41135,4340036,01,0,00011,00000,수내동,양지마을(6단지)(한양603동),29,59.76,2025,6,7,116000,19,1993,41135-586,None,None,중개거래,경기 성남시 분당구,25.07.17,주상복합상가 603,개인,개인,N
41135,10200,1,0027,0000,내정로,41135,3180003,01,0,00151,00000,수내동,양지마을(3단지)(금호),27,134.48,2025,6,6,214500,1,1992,41135-247,None,None,중개거래,경기 성남시 분당구,25.09.19,301,개인,개인,N
41135,11400,1,0211,0000,미금로,41135,3180016,02,0,00023,00000,구미동,무지개(1단지)(대림),211,60.72,2025,6,10,77000,7,1995,41135-180,None,None,중개거래,경기 성남시 분당구,25.08.18,105,개인,개인,N
41135,10600,1,0100,0000,양현로,41135,3180042,02,0,00220,00000,이매동,이매촌(삼성),100,127.83,2025,6,21,155000,4,1994,41135-92,O,25.07.04,중개거래,경기 성남시 분당구,None,None,개인,개인,N
41135,10600,1,0099,0000,양현로,41135,3180042,02,0,00220,00000,이매동,이매촌(삼환),99,59.87,2025,6,16,111500,5,1994,41135-93,None,None,중개거래,경기 성남시 분당구,25.09.24,1110,개인,개인,N
41135,10200,1,0024,0000,내정로,41135,3180003,01,0,00151,00000,수내동,양지마을(5단지)(한양515-529),24,134.55,2025,6,17,250000,12,1992,41135-248,None,None,중개거래,경기 성남시 분당구,25.11.14,524,개인,개인,N
41135,10300,1,0181,0000,정자일로,41135,3180021,01,0,00080,00000,정자동,상록마을(보성),181,48.84,2025,6,11,97000,3,1995,41135-59,None,None,중개거래,경기 성남시 분당구,25.07.29,402,개인,개인,N
41135,10100,1,0066,0000,장안로51번길,41135,4340382,01,0,00011,00000,분당동,장안타운(건영),66,70.68,2025,6,9,93500,11,1993,41135-32,None,None,중개거래,경기 성남시 분당구,25.07.30,104,개인,개인,N
41135,10300,1,0192,0000,불정로,41135,3180030,03,0,00119,00000,정자동,정든마을(8단지)(한진),192,112.2,2025,6,21,153800,10,1995,41135-229,None,None,중개거래,경기 성남시 분당구,25.10.15,805,개인,개인,N
41135,10900,1,0744,0000,동판교로,41135,3178016,01,0,00156,00000,삼평동,봇들마을9단지(금호어울림),744,115.18,2025,6,9,245000,5,2009,41135-455,None,None,중개거래,경기 성남시 분당구,25.12.05,913,개인,개인,N
41135,11000,1,0545,0000,동판교로,41135,3178016,02,0,00122,00000,백현동,백현마을2단지,545,84.82,2025,6,14,210000,3,2009,41135-473,None,None,중개거래,경기 성남시 분당구,25.09.22,208,개인,개인,N
41135,11100,1,0177,0000,성남대로171번길,41135,4340260,01,0,00008,00000,금곡동,청솔마을(영남),177,53.6,2025,6,7,107000,9,1995,41135-156,None,None,중개거래,경기 성남시 분당구,25.09.30,105,개인,개인,N
41135,10200,1,0024,0000,내정로165번길,41135,4340034,01,0,00035,00000,수내동,양지마을(5단지)(한양501-514),24,35.1,2025,6,7,82000,12,1992,41135-73,None,None,중개거래,경기 성남시 분당구,25.09.29,511,개인,개인,N
41135,10900,1,0744,0000,동판교로,41135,3178016,01,0,00156,00000,삼평동,봇들마을9단지(금호어울림),744,115.01,2025,6,17,235000,4,2009,41135-455,None,None,직거래,None,25.06.24,914,개인,개인,N
41135,10500,1,0091,0000,중앙공원로,41135,3180049,01,0,00017,00000,서현동,시범한양,91,84.99,2025,6,14,176000,30,1991,41135-103,O,25.07.07,중개거래,경기 성남시 분당구,None,None,개인,개인,N
41135,10300,1,0181,0000,정자일로,41135,3180021,01,0,00080,00000,정자동,상록마을(보성),181,84.97,2025,6,6,153000,6,1995,41135-59,None,None,중개거래,경기 성남시 분당구,25.09.30,404,개인,개인,N
41135,10500,1,0308,0000,불정로,41135,3180030,04,0,00362,00000,서현동,효자촌(럭키),308,70.686,2025,6,10,107000,17,1994,41135-107,O,25.07.01,중개거래,경기 성남시 분당구,None,None,개인,개인,N
41135,10800,1,0513,0000,서판교로,41135,3180044,01,0,00147,00000,판교동,판교원마을11단지(힐스테이트),513,101.76,2025,6,13,160000,7,2009,41135-448,O,25.09.12,중개거래,경기 성남시 분당구,None,None,개인,개인,N
41135,10700,1,0518,0000,매화로,41135,3180012,01,0,00012,00000,야탑동,탑마을(주공),518,35.28,2025,6,13,52500,6,1993,41135-147,None,None,중개거래,경기 성남시 분당구,25.09.05,803,개인,개인,N
41135,10300,1,0088,0000,느티로,41135,3180004,01,0,00070,00000,정자동,느티마을(3단지)(공무원),88,58.71,2025,6,7,153000,3,1994,41135-55,None,None,중개거래,경기 성남시 분당구,25.09.11,305,개인,개인,N
41135,10100,1,0066,0000,장안로51번길,41135,4340382,01,0,00011,00000,분당동,장안타운(건영),66,85.0,2025,6,10,97000,3,1993,41135-32,None,None,중개거래,경기 성남시 분당구,25.09.02,106,개인,개인,N
41135,10500,1,0092,0000,중앙공원로,41135,3180049,01,0,00020,00000,서현동,시범현대,92,84.95,2025,6,16,173500,19,1991,41135-99,None,None,중개거래,경기 성남시 분당구,25.10.20,427,개인,개인,N
41135,10600,1,0133,0000,탄천로,41135,3180050,01,0,00095,00000,이매동,아름마을(두산),133,84.84,2025,6,11,126500,1,1992,41135-82,None,None,중개거래,경기 성남시 분당구,25.07.29,417,개인,개인,N
41135,10300,1,0102,0000,백현로,41135,3180022,02,0,00206,00000,정자동,한솔마을(4단지)(주공),102,35.28,2025,6,13,60000,4,1994,41135-67,None,None,중개거래,경기 성남시 분당구,25.09.30,412,개인,개인,N
41135,10600,1,0133,0000,탄천로,41135,3180050,01,0,00095,00000,이매동,아름마을(두산),133,132.72,2025,6,10,160000,12,1992,41135-82,None,None,중개거래,경기 성남시 분당구,25.08.29,419,개인,개인,N
41135,11400,1,0212,0000,미금로22번길,41135,4340093,01,0,00010,00000,구미동,무지개(12단지)(주공),212,58.14,2025,6,9,67000,3,1995,41135-187,None,None,중개거래,경기 성남시 분당구,25.08.20,1205,개인,개인,N
41135,11100,1,0180,0000,정자일로,41135,3180021,02,0,00046,00000,금곡동,청솔마을(유천),180,40.5,2025,6,13,78000,3,1995,41135-157,None,None,중개거래,경기 성남시 분당구,25.08.07,202,개인,개인,N
41135,10500,1,0091,0000,중앙공원로,41135,3180049,01,0,00017,00000,서현동,시범한양,91,28.71,2025,6,3,70000,15,1991,41135-103,None,None,중개거래,경기 성남시 분당구,25.07.18,331,개인,개인,N
41135,10800,1,0494,0000,서판교로,41135,3180044,01,0,00165,00000,판교동,판교원마을12단지(힐스테이트),494,101.76,2025,6,17,150000,14,2009,41135-447,None,None,중개거래,경기 성남시 분당구,25.08.22,1206,개인,개인,N
41135,10200,1,0073,0000,수내로,41135,3180039,02,0,00206,00000,수내동,푸른마을(신성),73,59.78,2025,6,21,110000,5,1992,41135-79,None,None,중개거래,경기 성남시 분당구,25.09.16,316,개인,개인,N
41135,11000,1,0556,0000,판교역로,41135,3179025,02,0,00098,00000,백현동,백현마을7단지(주공),556,74.76,2025,6,12,200000,18,2009,41135-471,None,None,중개거래,경기 성남시 분당구,25.09.30,707,개인,개인,N
41135,11400,1,0110,0000,미금일로,41135,3180061,03,0,00021,00000,구미동,하얀마을(5단지)(주공),110,39.01,2025,6,14,68800,10,1995,41135-207,None,None,중개거래,경기 성남시 분당구,25.12.01,506,개인,개인,N
41135,10900,1,0705,0000,동판교로,41135,3178016,01,0,00275,00000,삼평동,봇들마을1단지(판교신미주),705,83.698,2025,6,22,152500,5,2009,41135-440,None,None,중개거래,경기 성남시 분당구,25.09.30,116,개인,개인,N
41135,10900,1,0705,0000,동판교로,41135,3178016,01,0,00275,00000,삼평동,봇들마을1단지(판교신미주),705,83.235,2025,6,14,160000,7,2009,41135-440,O,25.07.10,중개거래,경기 성남시 분당구,None,None,개인,개인,N
41135,10300,1,0112,0000,정자로,41135,3180058,01,0,00115,00000,정자동,한솔마을(5단지)(주공),112,42.75,2025,6,20,76000,7,1994,41135-223,None,None,중개거래,경기 성남시 분당구,25.08.05,503,개인,개인,N
41135,10500,1,0087,0000,중앙공원로,41135,3180049,01,0,00053,00000,서현동,시범삼성,87,84.69,2025,6,14,180000,6,1991,41135-98,None,None,중개거래,경기 성남시 분당구,25.10.29,106,개인,개인,N
41135,10300,1,0112,0000,정자로,41135,3180058,01,0,00115,00000,정자동,한솔마을(5단지)(주공),112,41.85,2025,6,22,64500,8,1994,41135-223,None,None,중개거래,경기 성남시 분당구,25.09.30,509,개인,개인,N
41135,11500,1,0958,0000,산운로,41135,3180031,01,0,00126,00000,운중동,산운마을9단지(대방노블랜드),958,59.93,2025,6,17,129000,13,2008,41135-435,None,None,중개거래,경기 성남시 분당구,25.09.30,904,개인,개인,N
41135,10500,1,0087,0000,중앙공원로,41135,3180049,01,0,00053,00000,서현동,시범한신,87,84.69,2025,6,5,164000,1,1991,41135-102,None,None,중개거래,경기 성남시 분당구,25.09.12,112,개인,개인,N
41135,10200,1,0036,0000,내정로,41135,3180003,01,0,00185,00000,수내동,양지마을(2단지)(청구),36,84.6,2025,6,18,180000,7,1992,41135-72,None,None,중개거래,경기 성남시 분당구,25.07.04,213,개인,개인,N
41135,10900,1,0742,0000,동판교로,41135,3178016,01,0,00153,00000,삼평동,봇들마을8단지(주공),742,101.82,2025,6,15,255000,13,2009,41135-468,None,None,중개거래,경기 성남시 분당구,25.09.30,801,개인,개인,N
41135,10600,1,0143,0000,이매로,41135,3180047,01,0,00016,00000,이매동,아름마을(효성),143,101.76,2025,6,17,178200,5,1994,41135-88,None,None,중개거래,경기 성남시 분당구,25.08.22,704,개인,개인,N
41135,10600,1,0142,0000,이매로,41135,3180047,01,0,00011,00000,이매동,아름마을(선경),142,83.58,2025,6,19,152000,1,1993,41135-84,None,None,중개거래,경기 성남시 분당구,25.09.29,602,개인,개인,N
41135,11400,1,0077,0000,미금로,41135,3180016,02,0,00184,00000,구미동,까치마을(1단지)(대우롯데선경),77,70.66,2025,6,21,128000,24,1995,41135-232,None,None,중개거래,경기 성남시 분당구,25.10.24,109,개인,개인,N
41135,10100,1,0038,0000,수내로,41135,3180039,01,0,00181,00000,분당동,샛별마을(우방),38,72.32,2025,6,10,131500,5,1994,41135-21,None,None,중개거래,경기 성남시 분당구,25.12.05,307,개인,개인,N
41135,11400,1,0088,0000,미금일로,41135,3180061,03,0,00022,00000,구미동,까치마을(2단지)(주공),88,59.98,2025,6,21,104000,18,1995,41135-167,None,None,중개거래,경기 성남시 분당구,25.10.13,201,개인,개인,N
41135,10900,1,0717,0000,판교로,41135,3180051,04,0,00393,00000,삼평동,봇들마을2단지(이지더원),717,84.2822,2025,6,21,148300,7,2009,41135-441,None,None,중개거래,경기 성남시 분당구,25.10.24,212,개인,개인,N
41135,10900,1,0738,0000,동판교로,41135,3178016,01,0,00155,00000,삼평동,봇들마을7단지,738,108.34,2025,6,21,252500,18,2009,41135-453,O,25.06.24,중개거래,경기 성남시 분당구,None,None,개인,개인,N
41135,11000,1,0545,0000,동판교로,41135,3178016,02,0,00122,00000,백현동,백현마을2단지,545,101.83,2025,6,18,239000,20,2009,41135-473,None,None,중개거래,경기 성남시 분당구,25.09.16,206,개인,개인,N
41135,11000,1,0558,0000,판교역로,41135,3179025,02,0,00072,00000,백현동,백현마을8단지(대림),558,117.39,2025,6,18,230000,4,2009,41135-464,None,None,중개거래,경기 성남시 분당구,25.09.30,805,개인,개인,N
41135,10500,1,0092,0000,중앙공원로,41135,3180049,01,0,00020,00000,서현동,시범현대,92,108.75,2025,6,21,195000,4,1991,41135-99,None,None,중개거래,"경기 성남시 분당구, 대전 서구",25.10.17,420,개인,개인,N
41135,10300,1,0090,0000,느티로,41135,3180004,01,0,00070,00000,정자동,느티마을(4단지)(공무원),90,67.43,2025,6,21,175000,7,1994,41135-54,None,None,중개거래,경기 성남시 분당구,25.09.29,407,개인,개인,N
41135,10300,1,0112,0000,정자로,41135,3180058,01,0,00115,00000,정자동,한솔마을(5단지)(주공),112,41.85,2025,6,21,63500,2,1994,41135-223,O,25.07.07,중개거래,경기 성남시 분당구,None,None,개인,개인,N
41135,10300,1,0112,0000,정자로,41135,3180058,01,0,00115,00000,정자동,한솔마을(5단지)(주공),112,41.85,2025,6,17,66000,5,1994,41135-223,None,None,중개거래,경기 성남시 분당구,26.01.05,510,개인,개인,N
41135,10300,1,0090,0000,느티로,41135,3180004,01,0,00070,00000,정자동,느티마을(4단지)(공무원),90,58.71,2025,6,6,145000,7,1994,41135-54,None,None,중개거래,경기 성남시 분당구,25.08.29,412,개인,개인,N
41135,10300,1,0006,0000,정자일로,41135,3180021,01,0,00248,00000,정자동,파크뷰,6,182.232,2025,6,18,320000,30,2004,41135-250,None,None,중개거래,경기 성남시 분당구,25.11.20,610,개인,개인,N
41135,11500,1,0958,0000,산운로,41135,3180031,01,0,00126,00000,운중동,산운마을9단지(대방노블랜드),958,84.99,2025,6,18,145000,4,2008,41135-435,None,None,중개거래,경기 성남시 분당구,25.10.14,901,개인,개인,N
41135,10300,1,0170,0001,정자일로,41135,3180021,01,0,00120,00000,정자동,삼성아데나루체,170-1,84.96,2025,6,20,165000,19,2004,41135-264,None,None,중개거래,경기 성남시 분당구,25.12.15,C,개인,개인,N
41135,10700,1,0156,0000,판교로,41135,3180051,00,0,00669,00000,야탑동,목련마을(영남),156,53.6,2025,6,11,57000,11,1995,41135-127,None,None,중개거래,경기 성남시 분당구,25.09.08,502,개인,개인,N
41135,11400,1,0201,0000,미금로,41135,3180016,02,0,00063,00000,구미동,무지개(3단지)(신한),201,53.46,2025,6,14,74000,2,1996,41135-184,None,None,중개거래,경기 성남시 분당구,25.10.30,301,개인,개인,N
41135,10500,1,0091,0000,중앙공원로,41135,3180049,01,0,00017,00000,서현동,시범한양,91,28.71,2025,6,7,72000,12,1991,41135-103,None,None,중개거래,경기 성남시 분당구,25.10.17,331,개인,개인,N
41135,10500,1,0301,0000,불정로,41135,3180030,04,0,00361,00000,서현동,효자촌(삼환),301,164.79,2025,6,20,148000,7,1992,41135-109,None,None,중개거래,경기 성남시 분당구,25.08.25,507,개인,개인,N
41135,10200,1,0024,0000,내정로165번길,41135,4340034,01,0,00035,00000,수내동,양지마을(5단지)(한양501-514),24,35.1,2025,6,9,80000,9,1992,41135-73,None,None,중개거래,경기 성남시 분당구,25.09.30,510,개인,개인,N
41135,10500,1,0308,0000,분당로263번길,41135,4340156,02,0,00013,00000,서현동,효자촌(대우),308,84.696,2025,6,7,110500,1,1994,41135-104,None,None,중개거래,경기 성남시 분당구,25.10.13,620,개인,개인,N
41135,10800,1,0585,0000,서판교로,41135,3180044,01,0,00029,00000,판교동,판교원마을9단지(한림풀에버),585,84.9907,2025,6,10,152000,10,2009,41135-444,None,None,중개거래,경기 성남시 분당구,25.11.21,920,개인,개인,N
41135,11500,1,0921,0000,판교원로,41135,3180052,02,0,00046,00000,운중동,산운마을12단지판교센트럴포레와이시티,921,55.36,2025,6,20,104000,7,2009,41135-457,None,None,중개거래,경기 성남시 분당구,25.10.17,1205,개인,개인,N
41135,10200,1,0073,0000,수내로,41135,3180039,02,0,00206,00000,수내동,푸른마을(신성),73,84.72,2025,6,14,158000,12,1992,41135-79,None,None,중개거래,"경기 성남시 분당구, 경기 용인시 기흥구",26.04.13,307,개인,개인,N
41135,11000,1,0554,0000,판교역로,41135,3179025,02,0,00102,00000,백현동,백현마을5단지(주공),554,74.76,2025,6,13,209000,17,2009,41135-469,None,None,중개거래,"경기 성남시 분당구, 경기 화성시",25.10.22,503,개인,개인,N
41135,10900,1,0705,0000,동판교로,41135,3178016,01,0,00275,00000,삼평동,봇들마을1단지(판교신미주),705,82.794,2025,6,21,153000,3,2009,41135-440,None,None,중개거래,경기 성남시 분당구,25.09.29,111,개인,개인,N
41135,10200,1,0075,0000,백현로,41135,3180022,01,0,00227,00000,수내동,푸른마을(쌍용),75,163.83,2025,6,10,190000,20,1992,41135-80,O,25.07.19,중개거래,경기 성남시 분당구,None,None,개인,개인,N
41135,10900,1,0718,0000,동판교로,41135,3178016,01,0,00226,00000,삼평동,봇들마을4단지(주공),718,84.69,2025,6,17,156000,1,2009,41135-454,None,None,중개거래,경기 성남시 분당구,25.09.30,405,개인,개인,N
41135,10300,1,0124,0000,정자로,41135,3180058,01,0,00056,00000,정자동,상록마을(라이프1차),124,101.76,2025,6,3,164000,1,1994,41135-58,None,None,중개거래,경기 성남시 분당구,25.10.13,110,개인,개인,N
41135,10300,1,0191,0000,내정로,41135,3180003,02,0,00024,00000,정자동,정든마을(6단지)(한진),191,99.6,2025,6,5,134300,1,1995,41135-65,None,None,중개거래,경기 성남시 분당구,25.09.04,601,개인,개인,N
41135,10100,1,0066,0000,분당로263번길,41135,4340156,01,0,00024,00000,분당동,장안타운(건영),66,70.68,2025,6,21,90500,2,1993,41135-32,None,None,중개거래,경기 성남시 분당구,25.09.26,116,개인,개인,N
41135,10300,1,0102,0000,백현로,41135,3180022,02,0,00206,00000,정자동,한솔마을(4단지)(주공),102,36.0,2025,6,17,59000,12,1994,41135-67,None,None,중개거래,경기 성남시 분당구,25.10.14,417,개인,개인,N
41135,10600,1,0133,0000,탄천로,41135,3180050,01,0,00095,00000,이매동,아름마을(삼호),133,132.72,2025,6,21,147000,1,1992,41135-83,None,None,중개거래,경기 성남시 분당구,26.03.05,407,개인,개인,N
41135,11000,1,0545,0000,동판교로,41135,3178016,02,0,00122,00000,백현동,백현마을2단지,545,84.82,2025,6,4,195000,2,2009,41135-473,O,25.09.23,중개거래,"경기 성남시 분당구, 서울 강남구",None,None,개인,개인,N
41135,10300,1,0117,0000,내정로,41135,3180003,02,0,00054,00000,정자동,한솔마을(6단지)(주공),117,58.71,2025,6,18,110000,18,1995,41135-224,None,None,중개거래,경기 성남시 분당구,25.09.30,610,개인,개인,N
41135,10300,1,0112,0000,정자로,41135,3180058,01,0,00115,00000,정자동,한솔마을(5단지)(주공),112,42.75,2025,6,16,80000,5,1994,41135-223,None,None,중개거래,경기 성남시 분당구,25.08.20,503,개인,개인,N
41135,11400,1,0201,0000,미금로,41135,3180016,02,0,00063,00000,구미동,무지개(3단지)(건영),201,68.16,2025,6,19,94800,6,1996,41135-178,None,None,중개거래,경기 성남시 분당구,25.06.23,312,개인,개인,N
41135,10300,1,0028,0001,성남대로,41135,2000005,02,0,00449,00000,정자동,로얄팰리스,28-1,147.1,2025,6,6,210000,18,2003,41135-70,None,None,중개거래,경기 성남시 분당구,25.09.25,씨동,개인,개인,N
41135,10500,1,0091,0000,중앙공원로,41135,3180049,01,0,00017,00000,서현동,시범한양,91,164.18,2025,6,4,225000,6,1991,41135-103,O,25.07.09,중개거래,경기 성남시 분당구,None,None,개인,개인,N
41135,10500,1,0091,0000,중앙공원로,41135,3180049,01,0,00017,00000,서현동,시범한양,91,134.87,2025,6,10,205000,3,1991,41135-103,O,25.07.03,중개거래,경기 성남시 분당구,None,None,개인,개인,N
41135,10900,1,0744,0000,동판교로,41135,3178016,01,0,00156,00000,삼평동,봇들마을9단지(금호어울림),744,101.09,2025,6,12,240000,3,2009,41135-455,None,None,중개거래,"경기 성남시 분당구, 서울 강남구",25.10.30,904,개인,개인,N
41135,10300,1,0110,0000,불정로,41135,3180030,03,0,00219,00000,정자동,한솔마을(1단지)(청구),110,84.965,2025,6,18,145000,17,1994,41135-68,O,25.06.24,중개거래,경기 성남시 분당구,None,None,개인,개인,N
41135,11500,1,0921,0000,판교원로,41135,3180052,02,0,00046,00000,운중동,산운마을12단지판교센트럴포레와이시티,921,55.44,2025,6,12,114000,9,2009,41135-457,None,None,중개거래,경기 성남시 분당구,25.11.27,1209,개인,개인,N
41135,10600,1,0111,0000,양현로,41135,3180042,02,0,00138,00000,이매동,이매촌(진흥),111,59.58,2025,6,20,130000,10,1993,41135-95,None,None,중개거래,경기 성남시 분당구,25.08.20,812,개인,개인,N
41135,10900,1,0717,0000,판교로,41135,3180051,04,0,00393,00000,삼평동,봇들마을2단지(이지더원),717,84.2822,2025,6,15,149500,14,2009,41135-441,None,None,중개거래,경기 성남시 분당구,26.01.06,216,개인,개인,N
41135,10300,1,0110,0000,불정로,41135,3180030,03,0,00219,00000,정자동,한솔마을(1단지)(청구),110,49.35,2025,6,19,88000,8,1994,41135-68,O,25.06.24,중개거래,경기 성남시 분당구,None,None,개인,개인,N
41135,10900,1,0722,0000,동판교로,41135,3178016,01,0,00225,00000,삼평동,봇들마을3단지(주공),722,84.69,2025,6,12,157000,1,2009,41135-452,None,None,중개거래,경기 성남시 분당구,25.09.15,302,개인,개인,N
41135,10300,1,0117,0000,내정로,41135,3180003,02,0,00054,00000,정자동,한솔마을(6단지)(주공),117,39.87,2025,6,12,72000,18,1995,41135-224,None,None,중개거래,경기 성남시 분당구,25.08.14,606,개인,개인,N
41135,10700,1,0156,0000,판교로,41135,3180051,00,0,00669,00000,야탑동,목련마을(영남),156,84.93,2025,6,3,81000,7,1995,41135-127,None,None,중개거래,경기 성남시 분당구,25.08.28,503,개인,개인,N
41135,10700,1,0334,0000,장미로,41135,3180048,01,0,00101,00000,야탑동,장미마을(현대),334,41.76,2025,6,18,62000,12,1993,41135-139,None,None,중개거래,경기 성남시 분당구,25.07.14,836,개인,개인,N
41135,10500,1,0087,0000,중앙공원로,41135,3180049,01,0,00053,00000,서현동,시범삼성,87,84.69,2025,6,18,194000,22,1991,41135-98,None,None,중개거래,경기 성남시 분당구,25.10.30,130,개인,개인,N
41135,10900,1,0717,0000,판교로,41135,3180051,04,0,00393,00000,삼평동,봇들마을2단지(이지더원),717,84.2822,2025,6,14,155500,3,2009,41135-441,None,None,중개거래,경기 성남시 분당구,25.10.23,215,개인,개인,N
41135,10700,1,0330,0000,장미로,41135,3180048,01,0,00055,00000,야탑동,장미마을(동부),330,70.56,2025,6,13,107000,10,1993,41135-137,O,25.08.29,중개거래,경기 성남시 분당구,None,None,개인,개인,N
41135,10100,1,0034,0000,분당로,41135,3180026,01,0,00190,00000,분당동,샛별마을(라이프),34,153.235,2025,6,14,180000,14,1992,41135-19,None,None,중개거래,경기 성남시 분당구,25.11.20,109,개인,개인,N
41135,10500,1,0308,0000,분당로263번길,41135,4340156,02,0,00013,00000,서현동,효자촌(대우),308,53.82,2025,6,7,78000,14,1994,41135-104,None,None,중개거래,경기 성남시 분당구,None,None,개인,개인,N
41135,10500,1,0091,0000,중앙공원로,41135,3180049,01,0,00017,00000,서현동,시범한양,91,59.37,2025,6,6,129000,4,1991,41135-103,O,25.07.22,중개거래,경기 성남시 분당구,None,None,개인,개인,N
41135,10300,1,0192,0000,불정로,41135,3180030,03,0,00119,00000,정자동,정든마을(8단지)(한진),192,68.04,2025,6,18,119500,9,1995,41135-229,None,None,중개거래,경기 성남시 분당구,25.10.15,806,개인,개인,N
41135,10700,1,0536,0000,야탑로,41135,3180041,01,0,00020,00000,야탑동,탑마을(선경)1,536,51.84,2025,6,13,88250,12,1992,41135-145,None,None,중개거래,경기 성남시 분당구,25.09.16,114,개인,개인,N
41135,10500,1,0301,0000,불정로,41135,3180030,04,0,00361,00000,서현동,효자촌(삼환),301,84.157,2025,6,20,136500,10,1992,41135-109,None,None,중개거래,경기 성남시 분당구,25.08.25,510,개인,개인,N
41135,10500,1,0092,0000,중앙공원로,41135,3180049,01,0,00020,00000,서현동,시범현대,92,84.95,2025,6,16,180000,19,1991,41135-99,None,None,중개거래,경기 성남시 분당구,25.09.30,427,개인,개인,N
41135,10500,1,0091,0000,중앙공원로,41135,3180049,01,0,00017,00000,서현동,시범한양,91,28.71,2025,6,3,69000,4,1991,41135-103,None,None,중개거래,경기 성남시 분당구,25.08.08,329,개인,개인,N
41135,10500,1,0096,0000,중앙공원로,41135,3180049,01,0,00054,00000,서현동,시범우성,96,75.9,2025,6,18,130000,4,1991,41135-100,None,None,직거래,None,25.10.15,218,개인,개인,N
41135,11400,1,0212,0000,미금로22번길,41135,4340093,01,0,00010,00000,구미동,무지개(12단지)(주공),212,58.14,2025,6,20,74500,11,1995,41135-187,O,25.06.24,중개거래,경기 성남시 분당구,None,None,개인,개인,N
41135,10500,1,0092,0000,중앙공원로,41135,3180049,01,0,00020,00000,서현동,시범현대,92,84.95,2025,6,21,160000,9,1991,41135-99,None,None,중개거래,경기 성남시 분당구,25.08.29,413,개인,개인,N
41135,11400,1,0211,0000,미금로,41135,3180016,02,0,00023,00000,구미동,무지개(1단지)(대림),211,60.72,2025,6,12,75500,5,1995,41135-180,None,None,중개거래,경기 성남시 분당구,25.08.20,105,개인,개인,N
41135,10500,1,0308,0000,분당로263번길,41135,4340156,02,0,00013,00000,서현동,효자촌(대우),308,70.686,2025,6,9,104000,5,1994,41135-104,None,None,중개거래,경기 성남시 분당구,25.09.10,611,개인,개인,N
41135,10600,1,0124,0000,서현로,41135,3180034,03,0,00181,00000,이매동,이매촌(한신),124,50.1,2025,6,7,92500,2,1992,41135-97,None,None,중개거래,경기 성남시 분당구,25.07.16,203,개인,개인,N
41135,10700,1,0334,0000,장미로,41135,3180048,01,0,00101,00000,야탑동,장미마을(현대),334,84.97,2025,6,9,110500,4,1993,41135-139,None,None,중개거래,경기 성남시 분당구,25.08.19,823,개인,개인,N
41135,10600,1,0143,0000,이매로,41135,3180047,01,0,00016,00000,이매동,아름마을(효성),143,130.35,2025,6,18,200000,15,1994,41135-88,None,None,중개거래,경기 성남시 분당구,25.09.30,707,개인,개인,N
41135,10500,1,0292,0000,불정로,41135,3180030,04,0,00397,00000,서현동,효자촌(임광),292,101.34,2025,6,10,138000,5,1992,41135-110,None,None,중개거래,경기 성남시 분당구,25.07.07,314,개인,개인,N
41135,11400,1,0077,0000,미금로,41135,3180016,02,0,00184,00000,구미동,까치마을(1단지)(대우롯데선경),77,70.66,2025,6,7,120000,2,1995,41135-232,None,None,중개거래,경기 성남시 분당구,25.09.22,110,개인,개인,N
41135,10200,1,0071,0000,수내로,41135,3180039,02,0,00206,00000,수내동,푸른마을(벽산),71,139.68,2025,6,16,190000,15,1992,41135-78,O,25.08.08,중개거래,경기 성남시 분당구,None,None,개인,개인,N
41135,11000,1,0608,0000,판교백현로,41135,3352601,02,0,00038,00000,백현동,THESHARP판교퍼스트파크,608,84.953,2025,6,20,126000,7,2021,41135-594,None,None,중개거래,경기 성남시 분당구,26.02.26,106동,개인,개인,N
41135,10300,1,0192,0000,정자로,41135,3180058,01,0,00112,00000,정자동,정든마을(5단지)(신화),192,69.93,2025,6,19,112000,11,1995,41135-63,None,None,중개거래,경기 성남시 분당구,25.09.02,502,개인,개인,N
41135,10300,1,0009,0000,정자일로,41135,3180021,01,0,00239,00000,정자동,현대I-PARK1,9,80.31,2025,6,13,159000,28,2003,41135-242,None,None,직거래,None,25.10.15,102,개인,개인,N
41135,10300,1,0192,0000,정자로,41135,3180058,01,0,00112,00000,정자동,정든마을(5단지)(신화),192,134.31,2025,6,10,162000,19,1995,41135-63,None,None,중개거래,경기 성남시 분당구,25.08.07,508,개인,개인,N
41135,11400,1,0077,0000,미금로,41135,3180016,02,0,00184,00000,구미동,까치마을(1단지)(대우롯데선경),77,84.79,2025,6,8,140000,3,1995,41135-232,None,None,중개거래,경기 성남시 분당구,25.09.29,103,개인,개인,N
41135,10600,1,0122,0000,서현로,41135,3180034,03,0,00177,00000,이매동,이매촌(금강),122,84.42,2025,6,13,142000,17,1992,41135-89,None,None,중개거래,경기 성남시 분당구,25.10.30,103,개인,개인,N
41135,11600,1,0623,0000,판교대장로,41135,3353325,01,None,00077,00000,대장동,판교풍경채어바니티(7단지),623,84.9978,2025,6,12,114500,12,2021,41135-603,None,None,중개거래,경기 성남시 분당구,26.01.23,703동,개인,개인,N
41135,10300,1,0191,0000,내정로,41135,3180003,02,0,00024,00000,정자동,정든마을(6단지)(한진),191,162.36,2025,6,17,196000,13,1995,41135-65,None,None,중개거래,경기 성남시 분당구,25.09.10,605,개인,개인,N
41135,11500,1,0921,0000,판교원로,41135,3180052,02,0,00046,00000,운중동,산운마을12단지판교센트럴포레와이시티,921,55.44,2025,6,5,104800,5,2009,41135-457,None,None,중개거래,경기 성남시 분당구,25.09.05,1206,개인,개인,N
41135,10100,1,0066,0000,장안로51번길,41135,4340382,01,0,00011,00000,분당동,장안타운(건영),66,70.68,2025,6,3,91500,4,1993,41135-32,None,None,중개거래,경기 성남시 분당구,25.08.29,104,개인,개인,N
41135,11100,1,0176,0000,정자일로,41135,3180021,02,0,00030,00000,금곡동,청솔마을(계룡),176,55.44,2025,6,16,112000,6,1996,41135-150,None,None,중개거래,경기 성남시 분당구,25.09.30,108,개인,개인,N
41135,10200,1,0036,0000,내정로,41135,3180003,01,0,00185,00000,수내동,양지마을(2단지)(청구),36,84.99,2025,6,4,185000,4,1992,41135-72,None,None,중개거래,경기 성남시 분당구,25.08.22,211,개인,개인,N
41135,10500,1,0299,0000,분당로201번길,41135,4340154,01,0,00017,00000,서현동,효자촌(현대),299,128.04,2025,6,11,179000,8,1992,41135-111,None,None,중개거래,경기 성남시 분당구,25.07.14,112,개인,개인,N
41135,10500,1,0299,0000,분당로201번길,41135,4340154,01,0,00017,00000,서현동,효자촌(현대),299,101.64,2025,6,7,151000,5,1992,41135-111,None,None,중개거래,경기 성남시 분당구,25.09.08,106,개인,개인,N
41135,10900,1,0705,0000,동판교로,41135,3178016,01,0,00275,00000,삼평동,봇들마을1단지(판교신미주),705,82.794,2025,6,19,152500,2,2009,41135-440,None,None,중개거래,경기 성남시 분당구,25.10.27,124,개인,개인,N
41135,10300,1,0117,0000,내정로,41135,3180003,02,0,00054,00000,정자동,한솔마을(6단지)(주공),117,37.67,2025,6,19,69000,10,1995,41135-224,None,None,중개거래,경기 성남시 분당구,25.08.11,607,개인,개인,N
41135,11100,1,0202,0000,정자일로,41135,3180021,02,0,00015,00000,금곡동,분당하우스토리,202,132.14,2025,6,13,131500,12,2004,41135-272,None,None,중개거래,"경기 성남시 분당구, 경기 용인시 수지구",25.09.01,분당하우스토리(102동),개인,개인,N
41135,10300,1,0117,0000,내정로,41135,3180003,02,0,00054,00000,정자동,한솔마을(6단지)(주공),117,58.71,2025,6,19,96700,3,1995,41135-224,None,None,중개거래,경기 성남시 분당구,25.09.19,610,개인,개인,N
41135,10200,1,0024,0000,내정로165번길,41135,4340034,01,0,00035,00000,수내동,양지마을(5단지)(한양501-514),24,35.1,2025,6,11,81000,3,1992,41135-73,None,None,중개거래,경기 성남시 분당구,25.09.10,510,개인,개인,N
41135,10500,1,0091,0000,중앙공원로,41135,3180049,01,0,00017,00000,서현동,시범한양,91,35.1,2025,6,7,80000,15,1991,41135-103,None,None,중개거래,경기 성남시 분당구,25.08.20,333,개인,개인,N
41135,10800,1,0637,0000,판교원로,41135,3180052,01,0,00237,00000,판교동,판교원마을7단지(모아미래도),637,80.21,2025,6,13,145000,19,2009,41135-439,None,None,중개거래,경기 성남시 분당구,25.10.02,702,개인,개인,N
41135,11400,1,0221,0000,무지개로,41135,3180014,01,0,00144,00000,구미동,무지개(5단지)(청구),221,85.0,2025,6,18,93000,1,1995,41135-188,None,None,중개거래,경기 성남시 분당구,25.09.09,509,개인,개인,N
41135,10600,1,0132,0000,판교로,41135,3180051,01,0,00430,00000,이매동,아름마을(태영),132,134.79,2025,6,8,155000,4,1992,41135-85,None,None,중개거래,경기 성남시 분당구,25.10.31,302,개인,개인,N
41135,10900,1,0705,0000,동판교로,41135,3178016,01,0,00275,00000,삼평동,봇들마을1단지(판교신미주),705,82.794,2025,6,9,149000,4,2009,41135-440,None,None,중개거래,"경기 성남시 분당구, 경기 용인시 기흥구",25.08.26,102,개인,개인,N
41135,10600,1,0133,0000,탄천로,41135,3180050,01,0,00095,00000,이매동,아름마을(두산),133,59.79,2025,6,9,101500,3,1992,41135-82,None,None,중개거래,경기 성남시 분당구,25.12.19,414,개인,개인,N
41135,10700,1,0156,0000,판교로,41135,3180051,00,0,00669,00000,야탑동,목련마을(영남),156,53.6,2025,6,21,55000,6,1995,41135-127,None,None,중개거래,경기 성남시 분당구,25.09.01,502,개인,개인,N
41135,11500,1,0958,0000,산운로,41135,3180031,01,0,00126,00000,운중동,산운마을9단지(대방노블랜드),958,84.99,2025,6,16,153000,7,2008,41135-435,None,None,중개거래,경기 성남시 분당구,26.01.29,902,개인,개인,N
41135,10300,1,0125,0000,정자로76번길,41135,4340388,01,0,00010,00000,정자동,상록마을(라이프2차),125,49.14,2025,6,13,108500,6,1994,41135-226,None,None,중개거래,"경기 성남시 분당구, 서울 강남구",25.09.30,201,개인,개인,N
41135,10500,1,0096,0000,중앙공원로,41135,3180049,01,0,00054,00000,서현동,시범우성,96,193.99,2025,6,13,269000,3,1991,41135-100,None,None,중개거래,경기 성남시 분당구,25.07.09,216,개인,개인,N
41135,10300,1,0117,0000,내정로,41135,3180003,02,0,00054,00000,정자동,한솔마을(6단지)(주공),117,58.19,2025,6,2,97000,7,1995,41135-224,None,None,중개거래,경기 성남시 분당구,25.06.27,608,개인,개인,N
41135,10900,1,0738,0000,동판교로,41135,3178016,01,0,00155,00000,삼평동,봇들마을7단지,738,108.34,2025,6,4,250000,20,2009,41135-453,None,None,중개거래,경기 성남시 분당구,25.09.29,703,개인,개인,N
41135,10300,1,0090,0000,느티로,41135,3180004,01,0,00070,00000,정자동,느티마을(4단지)(공무원),90,66.6,2025,6,14,174000,5,1994,41135-54,None,None,중개거래,"경기 용인시 수지구, 서울 광진구",25.12.23,408,개인,개인,N
41135,10700,1,0330,0000,장미로,41135,3180048,01,0,00055,00000,야탑동,장미마을(동부),330,70.56,2025,6,10,110000,11,1993,41135-137,None,None,중개거래,경기 성남시 분당구,25.10.31,139,개인,개인,N
41135,10200,1,0075,0000,백현로,41135,3180022,01,0,00265,00000,수내동,푸른마을(쌍용),75,84.72,2025,6,18,156500,19,1992,41135-80,None,None,중개거래,경기 성남시 분당구,25.08.14,611,개인,개인,N
41135,11500,1,0958,0000,산운로,41135,3180031,01,0,00126,00000,운중동,산운마을9단지(대방노블랜드),958,84.99,2025,6,17,153000,7,2008,41135-435,O,25.06.19,중개거래,경기 성남시 분당구,None,None,개인,개인,N
41135,10100,1,0066,0000,장안로,41135,3180057,01,0,00015,00000,분당동,장안타운(건영),66,101.82,2025,6,3,113000,10,1993,41135-32,None,None,중개거래,경기 성남시 분당구,25.08.29,127,개인,개인,N
41135,10600,1,0117,0000,양현로94번길,41135,4340315,01,0,00028,00000,이매동,이매촌(동신3),117,101.79,2025,6,13,165000,10,1992,41135-222,None,None,중개거래,경기 성남시 분당구,25.09.02,305,개인,개인,N
41135,10500,1,0092,0000,중앙공원로,41135,3180049,01,0,00020,00000,서현동,시범현대,92,84.57,2025,6,19,174000,18,1991,41135-99,None,None,중개거래,경기 성남시 분당구,25.10.20,427,개인,개인,N
41135,10100,1,0039,0000,수내로,41135,3180039,01,0,00201,00000,분당동,샛별마을(삼부),39,69.96,2025,6,17,130000,3,1992,41135-20,None,None,중개거래,경기 성남시 분당구,25.09.17,413,개인,개인,N
41135,10300,1,0117,0000,내정로,41135,3180003,02,0,00054,00000,정자동,한솔마을(6단지)(주공),117,39.87,2025,6,9,70000,18,1995,41135-224,None,None,중개거래,경기 성남시 분당구,25.11.04,605,개인,개인,N
41135,10500,1,0308,0000,불정로,41135,3180030,04,0,00362,00000,서현동,효자촌(화성),308,70.686,2025,6,17,112000,18,1994,41135-112,None,None,중개거래,경기 성남시 분당구,25.08.29,609,개인,개인,N
41135,10300,1,0174,0001,정자일로,41135,3180021,01,0,00121,00000,정자동,분당더샾스타파크,174-1,116.7905,2025,6,4,165000,19,2007,41135-422,None,None,중개거래,경기 성남시 분당구,25.07.17,101,개인,개인,N
41135,10300,1,0125,0000,정자로76번길,41135,4340388,01,0,00010,00000,정자동,상록마을(라이프2차),125,49.14,2025,6,17,95000,8,1994,41135-226,None,None,중개거래,경기 성남시 분당구,25.08.22,201,개인,개인,N
41135,10600,1,0132,0000,판교로,41135,3180051,01,0,00430,00000,이매동,아름마을(태영),132,134.79,2025,6,4,154500,8,1992,41135-85,None,None,중개거래,"경기 성남시 분당구, 경기 성남시 수정구",25.09.19,306,개인,개인,N
41135,10300,1,0102,0000,백현로,41135,3180022,02,0,00206,00000,정자동,한솔마을(4단지)(주공),102,35.28,2025,6,7,60800,12,1994,41135-67,None,None,중개거래,"경기 성남시 분당구, 경기 성남시 중원구",25.07.17,405,개인,개인,N
41135,10300,1,0121,0000,내정로,41135,3180003,00,None,00055,00000,정자동,상록마을(우성)1,121,69.12,2025,6,4,164000,7,1994,41135-60,None,None,중개거래,경기 성남시 분당구,25.08.29,320,개인,개인,N
41135,11400,1,0211,0000,미금로,41135,3180016,02,0,00023,00000,구미동,무지개(1단지)(대림),211,60.72,2025,6,18,77000,7,1995,41135-180,O,25.06.23,중개거래,경기 성남시 분당구,None,None,개인,개인,N
41135,10100,1,0066,0000,장안로51번길,41135,4340382,01,0,00031,00000,분당동,장안타운(건영),66,67.73,2025,6,15,90000,10,1993,41135-32,None,None,중개거래,경기 성남시 분당구,25.10.22,103,개인,개인,N
41135,10700,1,0215,0000,장미로,41135,3180048,01,0,00139,00000,야탑동,매화마을공무원2,215,58.19,2025,6,18,69000,2,1995,41135-120,None,None,중개거래,경기 성남시 분당구,25.09.30,213,개인,개인,N
41135,11500,1,0988,0000,산운로,41135,3180031,01,0,00121,00000,운중동,산운마을6단지(신동아파밀리에),988,101.2,2025,6,7,190000,10,2009,41135-467,None,None,중개거래,경기 성남시 분당구,25.10.27,608,개인,개인,N
41135,10800,1,0513,0000,서판교로,41135,3180044,01,0,00147,00000,판교동,판교원마을11단지(힐스테이트),513,101.33,2025,6,9,142000,2,2009,41135-448,None,None,중개거래,경기 성남시 분당구,25.09.18,1104,개인,개인,N
41135,10900,1,0705,0000,동판교로,41135,3178016,01,0,00275,00000,삼평동,봇들마을1단지(판교신미주),705,82.794,2025,6,6,160000,4,2009,41135-440,None,None,중개거래,"경기 부천시 원미구, 경기 성남시 분당구",25.11.28,123,개인,개인,N
41135,10300,1,0198,0000,불정로,41135,3180030,03,0,00195,00000,정자동,정든마을(6단지)(우성),198,69.055,2025,6,9,113000,6,1994,41135-227,None,None,중개거래,경기 성남시 분당구,25.08.14,613,개인,개인,N
41135,10200,1,0075,0000,백현로,41135,3180022,01,0,00227,00000,수내동,푸른마을(쌍용),75,131.4,2025,6,6,180000,14,1992,41135-80,None,None,중개거래,경기 성남시 분당구,25.09.29,503,개인,개인,N
41135,10300,1,0192,0000,불정로,41135,3180030,03,0,00119,00000,정자동,정든마을(8단지)(한진),192,49.5,2025,6,10,87800,2,1995,41135-229,None,None,중개거래,경기 성남시 분당구,25.09.26,807,개인,개인,N
41135,10800,1,0634,0000,판교원로,41135,3180052,01,0,00207,00000,판교동,판교원마을5단지(푸르지오),634,116.04,2025,6,10,203000,4,2009,41135-462,None,None,중개거래,경기 성남시 분당구,25.08.13,501,개인,개인,N
41135,10600,1,0132,0000,판교로,41135,3180051,01,0,00430,00000,이매동,아름마을(건영),132,133.89,2025,6,7,156000,14,1992,41135-81,None,None,중개거래,경기 성남시 분당구,25.09.12,101,개인,개인,N
41135,10300,1,0006,0000,정자일로,41135,3180021,01,0,00248,00000,정자동,파크뷰,6,84.99,2025,6,18,230000,12,2004,41135-250,None,None,중개거래,경기 성남시 분당구,25.07.29,604,개인,개인,N
41135,10300,1,0198,0000,불정로,41135,3180030,03,0,00179,00000,정자동,정든마을(2단지)(동아),198,84.97,2025,6,17,120000,14,1995,41135-62,None,None,중개거래,"경기 성남시 분당구, 경기 성남시 중원구",25.10.15,207,개인,개인,N
41135,10600,1,0099,0000,양현로,41135,3180042,02,0,00220,00000,이매동,이매촌(삼환),99,116.82,2025,6,18,152000,20,1994,41135-93,None,None,중개거래,경기 성남시 분당구,25.10.15,1101,개인,개인,N
41135,10900,1,0705,0000,동판교로,41135,3178016,01,0,00275,00000,삼평동,봇들마을1단지(판교신미주),705,83.698,2025,6,10,147000,3,2009,41135-440,None,None,중개거래,경기 성남시 분당구,25.11.20,115,개인,개인,N
41135,10300,1,0102,0000,백현로,41135,3180022,02,0,00206,00000,정자동,한솔마을(4단지)(주공),102,41.85,2025,6,17,61000,14,1994,41135-67,None,None,중개거래,경기 성남시 분당구,25.07.30,409,개인,개인,N
41135,10300,1,0169,0001,성남대로,41135,2000005,02,0,00275,00000,정자동,아데나팰리스,169-1,139.13,2025,6,16,185000,23,2003,41135-245,None,None,중개거래,경기 성남시 분당구,25.11.10,아데나팰리스A,개인,개인,N
41135,10500,1,0087,0000,중앙공원로,41135,3180049,01,0,00053,00000,서현동,시범한신,87,171.515,2025,6,13,244000,15,1991,41135-102,None,None,중개거래,경기 성남시 분당구,25.09.30,127,개인,개인,N
41135,10700,1,0201,0000,매화로,41135,3180012,01,0,00092,00000,야탑동,매화마을공무원1,201,49.67,2025,6,13,68400,7,1995,41135-119,None,None,중개거래,경기 성남시 분당구,25.07.25,105,개인,개인,N
41135,10600,1,0122,0000,서현로,41135,3180034,03,0,00177,00000,이매동,이매촌(금강),122,84.42,2025,6,18,134000,1,1992,41135-89,None,None,중개거래,"경기 성남시 분당구, 경기 용인시 수지구",25.09.05,102,개인,개인,N
41135,10300,1,0112,0000,정자로,41135,3180058,01,0,00115,00000,정자동,한솔마을(5단지)(주공),112,51.66,2025,6,6,81800,12,1994,41135-223,None,None,중개거래,경기 성남시 분당구,25.09.12,504,개인,개인,N
41135,11000,1,0545,0000,동판교로,41135,3178016,02,0,00122,00000,백현동,백현마을2단지,545,84.5,2025,6,18,215000,15,2009,41135-473,None,None,중개거래,경기 성남시 분당구,25.08.22,207,개인,개인,N
41135,10700,1,0205,0000,양현로,41135,3180042,03,0,00507,00000,야탑동,매화마을(주공3),205,49.77,2025,6,12,68000,9,1993,41135-117,None,None,중개거래,경기 성남시 분당구,25.09.30,303,개인,개인,N
41135,11400,1,0221,0000,무지개로,41135,3180014,01,0,00144,00000,구미동,무지개(5단지)(청구),221,58.49,2025,6,13,86700,4,1995,41135-188,None,None,중개거래,경기 성남시 분당구,25.09.09,501,개인,개인,N
41135,10100,1,0038,0000,수내로,41135,3180039,01,0,00181,00000,분당동,샛별마을(우방),38,57.28,2025,6,15,107300,3,1994,41135-21,None,None,중개거래,경기 성남시 분당구,25.09.29,301,개인,개인,N
41135,11100,1,0141,0000,미금로,41135,3180016,01,0,00215,00000,금곡동,청솔마을(대원),141,84.97,2025,6,2,134000,8,1994,41135-152,None,None,중개거래,경기 성남시 분당구,25.08.13,812,개인,개인,N
41135,10300,1,0102,0000,백현로,41135,3180022,02,0,00206,00000,정자동,한솔마을(4단지)(주공),102,35.28,2025,6,17,59900,9,1994,41135-67,None,None,중개거래,경기 성남시 분당구,25.08.11,403,개인,개인,N
41135,10900,1,0738,0000,동판교로,41135,3178016,01,0,00155,00000,삼평동,봇들마을7단지,738,108.34,2025,6,10,255000,15,2009,41135-453,None,None,중개거래,경기 성남시 분당구,25.10.27,705,개인,개인,N
41135,10300,1,0112,0000,정자로,41135,3180058,01,0,00115,00000,정자동,한솔마을(5단지)(주공),112,74.91,2025,6,17,112500,2,1994,41135-223,None,None,중개거래,경기 성남시 분당구,25.08.29,505,개인,개인,N
41135,11400,1,0077,0000,미금로,41135,3180016,02,0,00184,00000,구미동,까치마을(1단지)(대우롯데선경),77,70.66,2025,6,10,123500,5,1995,41135-232,None,None,중개거래,경기 성남시 분당구,25.09.23,109,개인,개인,N
41135,10300,1,0107,0000,백현로,41135,3180022,02,0,00234,00000,정자동,한솔마을(3단지)(한일),107,59.96,2025,6,9,117000,9,1993,41135-69,None,None,중개거래,경기 성남시 분당구,25.08.12,305,개인,개인,N
41135,11100,1,0143,0000,미금로,41135,3180016,01,0,00251,00000,금곡동,청솔마을(성원),143,134.67,2025,6,2,164700,10,1994,41135-155,None,None,중개거래,"경기 성남시 분당구, 경기 수원시 영통구",25.07.31,701,개인,개인,N
41135,10800,1,0634,0000,판교원로,41135,3180052,01,0,00207,00000,판교동,판교원마을5단지(푸르지오),634,84.51,2025,6,7,163000,30,2009,41135-462,None,None,중개거래,경기 성남시 분당구,25.11.25,501,개인,개인,N
41135,10800,1,0623,0000,판교로,41135,3180051,03,0,00030,00000,판교동,판교원마을2단지(푸르지오),623,115.09,2025,6,5,170000,2,2009,41135-459,None,None,중개거래,경기 성남시 분당구,25.09.25,206,개인,개인,N
41135,10600,1,0123,0000,양현로94번길,41135,4340315,01,0,00029,00000,이매동,이매촌(청구),123,194.98,2025,6,16,245000,10,1992,41135-96,None,None,중개거래,경기 성남시 분당구,25.10.31,614,개인,개인,N
41135,11100,1,0180,0000,정자일로,41135,3180021,02,0,00046,00000,금곡동,청솔마을(유천),180,40.5,2025,6,6,78000,11,1995,41135-157,None,None,중개거래,경기 성남시 분당구,25.09.30,202,개인,개인,N
41135,10600,1,0100,0000,양현로,41135,3180042,02,0,00192,00000,이매동,이매촌(삼성),100,127.83,2025,6,11,154000,2,1994,41135-92,None,None,중개거래,경기 성남시 분당구,25.08.27,1012,개인,개인,N
41135,10300,1,0124,0000,정자로,41135,3180058,01,0,00056,00000,정자동,상록마을(라이프1차),124,159.26,2025,6,3,204000,9,1994,41135-58,None,None,중개거래,경기 성남시 분당구,25.09.10,107,개인,개인,N
41135,10100,1,0066,0000,분당로263번길,41135,4340156,01,0,00024,00000,분당동,장안타운(건영),66,85.0,2025,6,11,107000,8,1993,41135-32,None,None,중개거래,경기 성남시 분당구,25.09.30,118,개인,개인,N
41135,10100,1,0066,0000,장안로51번길,41135,4340382,01,0,00011,00000,분당동,장안타운(건영),66,70.68,2025,6,16,90500,12,1993,41135-32,None,None,중개거래,경기 성남시 분당구,25.09.12,107,개인,개인,N
41135,10700,1,0188,0000,돌마로,41135,3180007,04,0,00906,00000,야탑동,SK-VIEW,188,122.731,2025,6,6,98000,8,2003,41135-236,O,25.07.11,중개거래,"경기 성남시 중원구, 경기 하남시",None,None,개인,개인,N
41135,10500,1,0308,0000,분당로263번길,41135,4340156,02,0,00013,00000,서현동,효자촌(대우),308,53.82,2025,6,10,81000,8,1994,41135-104,None,None,중개거래,경기 성남시 분당구,25.08.28,618,개인,개인,N
41135,11600,1,0623,0000,판교대장로,41135,3353325,01,None,00077,00000,대장동,판교풍경채어바니티(7단지),623,84.973,2025,6,14,85000,11,2021,41135-603,None,None,중개거래,인천 연수구,25.08.04,702동,개인,개인,N
41135,10900,1,0717,0000,판교로,41135,3180051,04,0,00393,00000,삼평동,봇들마을2단지(이지더원),717,84.2822,2025,6,4,147000,4,2009,41135-441,None,None,중개거래,경기 성남시 분당구,25.09.18,215,개인,개인,N
41135,11400,1,0201,0000,미금로,41135,3180016,02,0,00063,00000,구미동,무지개(3단지)(건영),201,53.83,2025,6,4,65000,1,1996,41135-178,None,None,중개거래,경기 성남시 분당구,25.08.18,309,개인,개인,N
41135,10800,1,0494,0000,서판교로,41135,3180044,01,0,00165,00000,판교동,판교원마을12단지(힐스테이트),494,101.98,2025,6,21,150000,14,2009,41135-447,None,None,중개거래,경기 성남시 분당구,25.12.24,1204,개인,개인,N
41135,11100,1,0133,0000,미금로,41135,3180016,01,0,00216,00000,금곡동,청솔마을(주공9단지),133,42.84,2025,6,17,79700,17,1995,41135-158,None,None,중개거래,"경기 성남시 분당구, 서울 서초구",26.05.06,904,개인,개인,N
41135,10300,1,0124,0000,정자로,41135,3180058,01,0,00056,00000,정자동,상록마을(라이프1차),124,101.76,2025,6,3,166500,1,1994,41135-58,None,None,중개거래,경기 성남시 분당구,25.09.10,110,개인,개인,N
41135,10700,1,0330,0000,장미로,41135,3180048,01,0,00055,00000,야탑동,장미마을(코오롱)1,330,134.22,2025,6,11,157000,6,1993,41135-138,None,None,중개거래,경기 성남시 분당구,25.10.22,105,개인,개인,N
41135,10300,1,0181,0000,정자일로,41135,3180021,01,0,00080,00000,정자동,상록마을(임광),181,67.435,2025,6,2,122700,4,1995,41135-61,None,None,중개거래,경기 성남시 분당구,25.08.18,408,개인,개인,N
41135,10200,1,0054,0000,내정로166번길,41135,4340035,01,0,00042,00000,수내동,파크타운(삼익),54,101.835,2025,6,2,175000,15,1993,41135-76,None,None,중개거래,경기 성남시 분당구,25.06.27,121,개인,개인,N
41135,10300,1,0117,0000,내정로,41135,3180003,02,0,00054,00000,정자동,한솔마을(6단지)(주공),117,37.67,2025,6,14,63800,3,1995,41135-224,None,None,중개거래,경기 성남시 분당구,25.08.06,602,개인,개인,N
41135,10200,1,0024,0000,내정로165번길,41135,4340034,01,0,00035,00000,수내동,양지마을(5단지)(한양501-514),24,35.1,2025,6,7,78000,15,1992,41135-73,None,None,중개거래,경기 성남시 분당구,25.07.31,512,개인,개인,N
41135,10600,1,0133,0000,탄천로,41135,3180050,01,0,00095,00000,이매동,아름마을(두산),133,132.72,2025,6,12,160000,18,1992,41135-82,None,None,중개거래,경기 성남시 분당구,25.10.30,419,개인,개인,N
41135,10300,1,0194,0000,내정로,41135,3180003,02,0,00010,00000,정자동,정든마을(7단지)(한진),194,84.69,2025,6,14,135000,13,1994,41135-228,None,None,중개거래,경기 성남시 분당구,25.09.30,702,개인,개인,N
41135,11400,1,0066,0000,미금로,41135,3180016,02,0,00177,00000,구미동,까치마을(3단지)(신원),66,130.83,2025,6,12,164000,1,1995,41135-165,O,25.09.12,중개거래,경기 성남시 분당구,None,None,개인,개인,N
41135,10800,1,0494,0000,서판교로,41135,3180044,01,0,00165,00000,판교동,판교원마을12단지(힐스테이트),494,101.98,2025,6,12,136000,6,2009,41135-447,None,None,중개거래,경기 성남시 분당구,25.08.25,1204,개인,개인,N
41135,11100,1,0133,0000,미금로,41135,3180016,01,0,00216,00000,금곡동,청솔마을(주공9단지),133,36.54,2025,6,13,62000,12,1995,41135-158,None,None,중개거래,경기 성남시 분당구,25.07.18,902,개인,개인,N
41135,10300,1,0010,0001,정자일로213번길,41135,4340130,01,0,00019,00000,정자동,현대I-PARK2,10-1,145.46,2025,6,15,218000,22,2003,41135-239,None,None,중개거래,경기 성남시 분당구,25.08.13,202,개인,개인,N
41135,10900,1,0738,0000,동판교로,41135,3178016,01,0,00155,00000,삼평동,봇들마을7단지,738,108.15,2025,6,18,254500,9,2009,41135-453,None,None,중개거래,경기 성남시 분당구,25.07.16,702,개인,개인,N
41135,10500,1,0308,0000,분당로263번길,41135,4340156,02,0,00013,00000,서현동,효자촌(대우),308,53.82,2025,6,4,78800,17,1994,41135-104,None,None,중개거래,경기 성남시 분당구,25.08.20,618,개인,개인,N
41135,10300,1,0198,0000,불정로,41135,3180030,03,0,00179,00000,정자동,정든마을(2단지)(동아),198,48.84,2025,6,10,73200,2,1995,41135-62,None,None,중개거래,경기 성남시 분당구,25.08.22,204,개인,개인,N
41135,10100,1,0066,0000,장안로51번길,41135,4340382,01,0,00011,00000,분당동,장안타운(건영),66,70.68,2025,6,3,91500,4,1993,41135-32,O,25.06.19,중개거래,경기 성남시 분당구,None,None,개인,개인,N
41135,10700,1,0156,0000,판교로,41135,3180051,00,0,00669,00000,야탑동,목련마을(영남),156,53.6,2025,6,17,56000,7,1995,41135-127,None,None,중개거래,경기 성남시 분당구,25.08.29,501,법인,개인,N
41135,10200,1,0024,0000,내정로165번길,41135,4340034,01,0,00035,00000,수내동,양지마을(5단지)(한양501-514),24,42.56,2025,6,10,105000,6,1992,41135-73,None,None,중개거래,경기 성남시 분당구,25.09.30,514,개인,개인,N
41135,11500,1,0922,0000,판교원로,41135,3180052,02,0,00068,00000,운중동,산운마을11단지(판교포레라움),922,59.84,2025,6,7,118000,3,2009,41135-466,None,None,중개거래,경기 성남시 분당구,25.08.18,1110,개인,개인,N
41135,11000,1,0542,0000,동판교로,41135,3178016,02,0,00123,00000,백현동,판교푸르지오그랑블,542,105.1308,2025,6,17,280000,1,2011,41135-497,None,None,중개거래,경기 성남시 분당구,25.09.26,108,개인,개인,N
41135,11500,1,0922,0000,판교원로,41135,3180052,02,0,00068,00000,운중동,산운마을11단지(판교포레라움),922,59.84,2025,6,6,122700,12,2009,41135-466,None,None,중개거래,경기 성남시 분당구,25.09.02,1110,개인,개인,N
41135,10900,1,0718,0000,동판교로,41135,3178016,01,0,00226,00000,삼평동,봇들마을4단지(주공),718,59.84,2025,6,10,145000,16,2009,41135-454,None,None,중개거래,경기 성남시 분당구,25.10.02,411,개인,개인,N
41135,10900,1,0722,0000,동판교로,41135,3178016,01,0,00225,00000,삼평동,봇들마을3단지(주공),722,74.45,2025,6,15,170000,17,2009,41135-452,None,None,중개거래,경기 성남시 분당구,25.09.22,302,개인,개인,N
41135,11400,1,0088,0000,미금일로,41135,3180061,03,0,00022,00000,구미동,까치마을(2단지)(주공),88,49.67,2025,6,15,91000,3,1995,41135-167,None,None,중개거래,경기 성남시 분당구,25.09.11,202,개인,개인,N
41135,11100,1,0125,0000,금곡로,41135,3180054,02,0,00263,00000,금곡동,청솔마을(공무원),125,58.19,2025,6,17,92000,6,1994,41135-151,None,None,중개거래,경기 성남시 분당구,25.09.19,505,개인,개인,N
41135,10500,1,0301,0000,불정로,41135,3180030,04,0,00361,00000,서현동,효자촌(삼환),301,129.761,2025,6,11,159000,4,1992,41135-109,None,None,중개거래,경기 성남시 분당구,25.10.13,508,개인,개인,N
41135,10100,1,0066,0000,장안로51번길,41135,4340382,01,0,00031,00000,분당동,장안타운(건영),66,53.72,2025,6,7,69000,14,1993,41135-32,None,None,중개거래,경기 성남시 분당구,25.08.26,102,개인,개인,N
41135,10500,1,0091,0000,중앙공원로,41135,3180049,01,0,00017,00000,서현동,시범한양,91,134.87,2025,6,13,220000,9,1991,41135-103,None,None,중개거래,"경기 성남시 분당구, 서울 강남구",25.10.16,322,개인,개인,N
41135,10300,1,0121,0000,내정로,41135,3180003,02,0,00055,00000,정자동,상록마을(우성)1,121,55.14,2025,6,11,132000,15,1994,41135-60,None,None,중개거래,경기 성남시 분당구,25.08.18,303,개인,개인,N
41135,10200,1,0027,0000,내정로,41135,3180003,01,0,00151,00000,수내동,양지마을(3단지)(금호),27,101.91,2025,6,4,189000,2,1992,41135-247,None,None,중개거래,"경기 성남시 분당구, 서울 강남구",25.09.30,305,개인,개인,N
41135,10900,1,0722,0000,동판교로,41135,3178016,01,0,00225,00000,삼평동,봇들마을3단지(주공),722,59.84,2025,6,14,142000,1,2009,41135-452,None,None,중개거래,경기 성남시 분당구,25.10.31,307,개인,개인,N
41135,10800,1,0634,0000,판교원로,41135,3180052,01,0,00207,00000,판교동,판교원마을5단지(푸르지오),634,116.04,2025,6,17,204500,22,2009,41135-462,None,None,중개거래,경기 성남시 분당구,25.12.05,507,개인,개인,N
41135,10300,1,0194,0000,내정로,41135,3180003,02,0,00010,00000,정자동,정든마을(7단지)(한진),194,49.5,2025,6,17,82000,1,1994,41135-228,None,None,중개거래,경기 성남시 분당구,25.09.15,705,개인,개인,N
41135,10900,1,0718,0000,동판교로,41135,3178016,01,0,00226,00000,삼평동,봇들마을4단지(주공),718,59.84,2025,6,13,145000,15,2009,41135-454,O,25.06.24,중개거래,"경기 성남시 분당구, 경기 수원시 장안구",None,None,개인,개인,N
41135,10500,1,0292,0000,불정로,41135,3180030,04,0,00397,00000,서현동,효자촌(임광),292,84.99,2025,6,11,142000,9,1992,41135-110,None,None,중개거래,경기 성남시 분당구,25.10.17,301,개인,개인,N
41135,10200,1,0052,0000,수내로,41135,3180039,02,0,00148,00000,수내동,파크타운(서안),52,134.91,2025,6,10,194000,4,1993,41135-77,None,None,중개거래,경기 성남시 분당구,25.08.08,112,개인,개인,N
41135,10300,1,0009,0000,정자일로,41135,3180021,01,0,00239,00000,정자동,현대I-PARK1,9,172.67,2025,6,11,235000,15,2003,41135-242,None,None,중개거래,경기 성남시 분당구,26.01.05,102,개인,개인,N
41135,10700,1,0205,0000,양현로,41135,3180042,03,0,00507,00000,야탑동,매화마을(주공3),205,41.85,2025,6,6,54500,2,1993,41135-117,None,None,중개거래,경기 성남시 분당구,25.06.27,303,개인,개인,N
41135,10700,1,0517,0000,야탑로,41135,3180041,01,0,00124,00000,야탑동,탑마을(벽산),517,134.79,2025,6,7,137000,10,1994,41135-144,None,None,중개거래,"경기 성남시 분당구, 경기 수원시 영통구",25.08.06,609,개인,개인,N
41135,10600,1,0124,0000,서현로,41135,3180034,03,0,00181,00000,이매동,이매촌(한신),124,50.1,2025,6,13,68000,6,1992,41135-97,None,None,중개거래,경기 성남시 분당구,25.07.10,210,개인,개인,N
41135,10900,1,0742,0000,동판교로,41135,3178016,01,0,00153,00000,삼평동,봇들마을8단지(주공),742,101.84,2025,6,6,250000,12,2009,41135-468,None,None,중개거래,경기 성남시 분당구,25.10.10,801,개인,개인,N
41135,10200,1,0052,0000,수내로,41135,3180039,02,0,00148,00000,수내동,파크타운(서안),52,101.91,2025,6,5,174000,2,1993,41135-77,None,None,중개거래,경기 성남시 분당구,25.08.14,111,개인,개인,N
41135,11000,1,0545,0000,동판교로,41135,3178016,02,0,00122,00000,백현동,백현마을2단지,545,101.25,2025,6,11,228000,12,2009,41135-473,None,None,중개거래,경기 성남시 분당구,25.09.17,212,개인,개인,N
41135,10300,1,0200,0000,불정로,41135,3180030,03,0,00141,00000,정자동,정든마을(1단지)(동아),200,154.89,2025,6,10,165000,12,1995,41135-225,None,None,중개거래,경기 성남시 분당구,25.08.08,105,개인,개인,N
41135,10600,1,0133,0000,탄천로,41135,3180050,01,0,00095,00000,이매동,아름마을(두산),133,132.72,2025,6,5,160000,11,1992,41135-82,None,None,중개거래,경기 성남시 분당구,25.09.05,418,개인,개인,N
41135,10200,1,0052,0000,내정로174번길,41135,4340037,01,0,00042,00000,수내동,파크타운(서안),52,84.78,2025,6,7,150000,23,1993,41135-77,None,None,중개거래,경기 성남시 분당구,25.09.19,141,개인,개인,N
41135,10300,1,0009,0000,정자일로,41135,3180021,01,0,00239,00000,정자동,현대I-PARK1,9,80.31,2025,6,6,150000,18,2003,41135-242,None,None,중개거래,경기 성남시 분당구,25.08.28,102,개인,개인,N
41135,10200,1,0055,0000,내정로,41135,3180003,01,0,00152,00000,수내동,파크타운(롯데),55,84.6,2025,6,6,164500,9,1993,41135-75,None,None,중개거래,"경기 성남시 분당구, 경기 수원시 영통구",25.08.06,128,개인,개인,N
41135,10500,1,0091,0000,중앙공원로,41135,3180049,01,0,00017,00000,서현동,시범한양,91,35.1,2025,6,11,82500,13,1991,41135-103,None,None,중개거래,경기 성남시 분당구,25.09.15,328,개인,개인,N
41135,10700,1,0518,0000,매화로,41135,3180012,01,0,00012,00000,야탑동,탑마을(주공),518,41.85,2025,6,6,54000,11,1993,41135-147,None,None,중개거래,경기 성남시 분당구,25.08.29,809,개인,개인,N
41135,11100,1,0177,0000,성남대로171번길,41135,4340260,01,0,00008,00000,금곡동,청솔마을(서광),177,70.01,2025,6,4,122000,3,1995,41135-154,O,25.07.08,중개거래,경기 성남시 분당구,None,None,개인,개인,N
41135,11500,1,0922,0000,판교원로,41135,3180052,02,0,00068,00000,운중동,산운마을11단지(판교포레라움),922,51.16,2025,6,10,107000,5,2009,41135-466,None,None,중개거래,경기 성남시 분당구,25.08.28,1104,개인,개인,N
41135,10200,1,0024,0000,내정로165번길,41135,4340034,01,0,00035,00000,수내동,양지마을(5단지)(한양515-529),24,164.4,2025,6,4,265000,3,1992,41135-248,None,None,중개거래,"경기 성남시 분당구, 서울 강남구",25.08.08,528,개인,개인,N
41135,10100,1,0066,0000,장안로51번길,41135,4340382,01,0,00031,00000,분당동,장안타운(건영),66,70.68,2025,6,16,94000,4,1993,41135-32,None,None,중개거래,경기 성남시 분당구,25.09.26,101,개인,개인,N
41135,10100,1,0038,0000,수내로,41135,3180039,01,0,00181,00000,분당동,샛별마을(우방),38,84.99,2025,6,11,150000,6,1994,41135-21,None,None,중개거래,경기 성남시 분당구,25.10.10,306,개인,개인,N
41135,11400,1,0212,0000,미금로22번길,41135,4340093,01,0,00010,00000,구미동,무지개(12단지)(주공),212,49.36,2025,6,14,58000,5,1995,41135-187,None,None,중개거래,경기 성남시 분당구,25.09.01,1202,개인,개인,N
41135,10500,1,0087,0000,중앙공원로,41135,3180049,01,0,00053,00000,서현동,시범삼성,87,192.15,2025,6,16,266000,10,1991,41135-98,None,None,중개거래,경기 성남시 분당구,25.09.26,110,개인,개인,N
41135,11000,1,0608,0000,판교백현로,41135,3352601,02,0,00038,00000,백현동,THESHARP판교퍼스트파크,608,114.4029,2025,6,8,169000,9,2021,41135-594,None,None,중개거래,경기 성남시 분당구,25.10.20,101동,개인,개인,N
41135,11500,1,0988,0000,산운로,41135,3180031,01,0,00121,00000,운중동,산운마을6단지(신동아파밀리에),988,101.2,2025,6,4,158000,1,2009,41135-467,None,None,중개거래,경기 성남시 분당구,25.09.30,604,개인,개인,N
41135,10600,1,0124,0000,서현로,41135,3180034,03,0,00181,00000,이매동,이매촌(한신),124,66.27,2025,6,7,117000,1,1992,41135-97,None,None,중개거래,경기 성남시 분당구,25.09.30,208,개인,개인,N
41135,10300,1,0102,0000,백현로,41135,3180022,02,0,00206,00000,정자동,한솔마을(4단지)(주공),102,35.28,2025,6,13,59990,4,1994,41135-67,None,None,중개거래,"경기 성남시 분당구, 경기 수원시 팔달구",25.08.29,402,개인,개인,N
41135,10500,1,0091,0000,중앙공원로,41135,3180049,01,0,00017,00000,서현동,시범한양,91,35.1,2025,6,6,78000,7,1991,41135-103,None,None,중개거래,경기 성남시 분당구,25.07.25,329,개인,개인,N
41135,10600,1,0124,0000,서현로,41135,3180034,03,0,00181,00000,이매동,이매촌(한신),124,84.9,2025,6,16,154000,7,1992,41135-97,None,None,중개거래,경기 성남시 분당구,25.09.26,201,개인,개인,N
41135,11100,1,0143,0000,미금로,41135,3180016,01,0,00251,00000,금곡동,청솔마을(성원),143,134.67,2025,6,10,185000,20,1994,41135-155,None,None,중개거래,"경기 성남시 분당구, 서울 강남구",25.11.21,703,개인,개인,N
41135,11500,1,0956,0000,산운로,41135,3180031,01,0,00098,00000,운중동,산운마을8단지(부영사랑으로),956,59.612,2025,6,17,120000,15,2008,41135-434,None,None,중개거래,경기 성남시 분당구,25.09.22,801,개인,개인,N
41135,10300,1,0110,0000,불정로,41135,3180030,03,0,00219,00000,정자동,한솔마을(1단지)(청구),110,49.35,2025,6,11,85500,10,1994,41135-68,None,None,중개거래,경기 성남시 분당구,25.07.29,105,개인,개인,N
41135,10600,1,0133,0000,탄천로,41135,3180050,01,0,00095,00000,이매동,아름마을(두산),133,84.84,2025,6,5,130000,10,1992,41135-82,None,None,중개거래,"경기 성남시 분당구, 경기 안양시 동안구",25.08.29,417,개인,개인,N
41135,10100,1,0066,0000,분당로263번길,41135,4340156,01,0,00024,00000,분당동,장안타운(건영),66,53.72,2025,6,6,69000,3,1993,41135-32,None,None,중개거래,"경기 성남시 분당구, 경기 용인시 수지구",25.08.28,119,개인,개인,N
41135,10300,1,0006,0000,정자일로,41135,3180021,01,0,00248,00000,정자동,파크뷰,6,162.869,2025,6,7,292000,25,2004,41135-250,None,None,중개거래,경기 성남시 분당구,25.08.27,611,개인,개인,N
41135,10300,1,0198,0000,불정로,41135,3180030,03,0,00195,00000,정자동,정든마을(6단지)(우성),198,48.84,2025,6,10,80500,9,1994,41135-227,None,None,중개거래,경기 성남시 분당구,25.09.05,612,개인,개인,N
41135,10500,1,0308,0000,불정로,41135,3180030,04,0,00362,00000,서현동,효자촌(화성),308,53.82,2025,6,12,69500,1,1994,41135-112,None,None,중개거래,경기 성남시 분당구,25.08.18,622,개인,개인,N
41135,10700,1,0330,0000,장미로,41135,3180048,01,0,00055,00000,야탑동,장미마을(동부),330,70.56,2025,6,6,104000,5,1993,41135-137,None,None,중개거래,경기 성남시 분당구,25.09.26,133,개인,개인,N
41135,10200,1,0024,0000,내정로165번길,41135,4340034,01,0,00035,00000,수내동,양지마을(5단지)(한양501-514),24,35.1,2025,6,10,78000,2,1992,41135-73,None,None,중개거래,경기 성남시 분당구,25.07.30,509,개인,개인,N
41135,10200,1,0075,0000,백현로,41135,3180022,01,0,00227,00000,수내동,푸른마을(쌍용),75,131.4,2025,6,2,180000,11,1992,41135-80,None,None,중개거래,경기 성남시 분당구,25.07.18,509,개인,개인,N
41135,11600,1,0623,0000,판교대장로,41135,3353325,01,None,00077,00000,대장동,판교풍경채어바니티(7단지),623,84.973,2025,6,9,119500,7,2021,41135-603,None,None,중개거래,경기 성남시 분당구,25.10.28,707동,개인,개인,N
41135,10700,1,0334,0000,장미로,41135,3180048,01,0,00101,00000,야탑동,장미마을(현대),334,74.61,2025,6,2,96000,6,1993,41135-139,O,25.07.24,중개거래,경기 성남시 분당구,None,None,개인,개인,N
41135,10100,1,0066,0000,장안로51번길,41135,4340382,01,0,00031,00000,분당동,장안타운(건영),66,53.72,2025,6,14,66700,2,1993,41135-32,None,None,중개거래,경기 성남시 분당구,25.07.25,103,개인,개인,N
41135,10300,1,0180,0000,정자일로,41135,3180021,01,0,00100,00000,정자동,미켈란쉐르빌,180,157.57,2025,6,13,175000,6,2003,41135-241,None,None,중개거래,경기 성남시 분당구,25.10.15,A,개인,개인,N
41135,10700,1,0330,0000,장미로,41135,3180048,01,0,00055,00000,야탑동,장미마을(코오롱)1,330,74.14,2025,6,3,103000,8,1993,41135-138,None,None,중개거래,경기 성남시 분당구,25.07.31,132,개인,개인,N
41135,10300,1,0192,0000,정자로,41135,3180058,01,0,00112,00000,정자동,정든마을(5단지)(신화),192,134.31,2025,6,16,162000,19,1995,41135-63,O,25.07.02,중개거래,경기 성남시 분당구,None,None,개인,개인,N
41135,11400,1,0242,0000,구미로,41135,3180001,01,0,00143,00000,구미동,무지개(7단지)(라이프),242,162.39,2025,6,12,129000,11,1995,41135-182,None,None,중개거래,경기 성남시 분당구,25.10.15,705,개인,개인,N
41135,10300,1,0198,0000,불정로,41135,3180030,03,0,00179,00000,정자동,정든마을(2단지)(동아),198,84.97,2025,6,7,123000,12,1995,41135-62,None,None,중개거래,경기 성남시 분당구,25.09.29,202,개인,개인,N
41135,10500,1,0301,0000,불정로,41135,3180030,04,0,00361,00000,서현동,효자촌(삼환),301,46.065,2025,6,13,79500,2,1992,41135-109,None,None,중개거래,경기 성남시 분당구,25.08.20,506,개인,개인,N
41135,10100,1,0066,0000,장안로,41135,3180057,01,0,00015,00000,분당동,장안타운(건영),66,101.82,2025,6,14,115000,10,1993,41135-32,O,25.07.22,중개거래,경기 성남시 분당구,None,None,개인,개인,N
41135,10700,1,0201,0000,매화로,41135,3180012,01,0,00092,00000,야탑동,매화마을공무원1,201,58.92,2025,6,7,74000,4,1995,41135-119,None,None,중개거래,"경기 성남시 분당구, 경기 용인시 수지구",25.07.16,101,개인,개인,N
41135,11100,1,0132,0000,금곡로,41135,3180054,02,0,00233,00000,금곡동,청솔마을(동아),132,135.0,2025,6,6,156800,7,1995,41135-153,None,None,중개거래,"경기 성남시 분당구, 서울 동대문구",25.09.16,1004,개인,개인,N
41135,10500,1,0092,0000,중앙공원로,41135,3180049,01,0,00020,00000,서현동,시범현대,92,186.24,2025,6,11,252000,25,1991,41135-99,None,None,중개거래,경기 성남시 분당구,25.09.15,414,개인,개인,N
41135,10300,1,0102,0000,백현로,41135,3180022,02,0,00206,00000,정자동,한솔마을(4단지)(주공),102,41.85,2025,6,3,59950,2,1994,41135-67,None,None,중개거래,경기 성남시 분당구,25.09.11,408,개인,개인,N
41135,11400,1,0077,0000,미금로,41135,3180016,02,0,00184,00000,구미동,까치마을(1단지)(대우롯데선경),77,51.32,2025,6,11,90000,3,1995,41135-232,None,None,중개거래,경기 성남시 분당구,25.09.01,108,개인,개인,N
41135,11400,1,0222,0000,구미로,41135,3180001,01,0,00100,00000,구미동,무지개(10단지)(건영),222,101.82,2025,6,9,109000,3,1996,41135-218,None,None,중개거래,경기 성남시 분당구,25.08.12,1001,개인,개인,N
41135,10300,1,0111,0000,정자로,41135,3180058,01,0,00143,00000,정자동,한솔마을(2단지)(LG),111,134.94,2025,6,12,159000,6,1995,41135-66,None,None,중개거래,경기 성남시 분당구,25.10.30,201,개인,개인,N
41135,10500,1,0308,0000,불정로,41135,3180030,04,0,00362,00000,서현동,효자촌(럭키),308,70.686,2025,6,12,110000,14,1994,41135-107,None,None,중개거래,경기 성남시 분당구,25.10.13,605,개인,개인,N
41135,11500,1,0921,0000,판교원로,41135,3180052,02,0,00046,00000,운중동,산운마을12단지판교센트럴포레와이시티,921,55.44,2025,6,13,111700,8,2009,41135-457,None,None,중개거래,경기 성남시 분당구,25.10.28,1205,개인,개인,N
41135,10100,1,0038,0000,수내로,41135,3180039,01,0,00181,00000,분당동,샛별마을(우방),38,72.32,2025,6,9,125000,5,1994,41135-21,None,None,중개거래,경기 성남시 분당구,25.08.29,307,개인,개인,N
41135,10700,1,0535,0000,판교로,41135,3180051,02,0,00421,00000,야탑동,탑마을(대우),535,101.76,2025,6,12,132000,8,1992,41135-143,None,None,중개거래,경기 성남시 분당구,25.09.08,204,개인,개인,N
41135,11400,1,0110,0000,미금일로,41135,3180061,03,0,00021,00000,구미동,하얀마을(5단지)(주공),110,38.07,2025,6,7,63500,9,1995,41135-207,None,None,중개거래,경기 성남시 분당구,25.09.15,507,개인,개인,N
41135,10500,1,0292,0000,불정로,41135,3180030,04,0,00397,00000,서현동,효자촌(임광),292,84.99,2025,6,11,142000,9,1992,41135-110,O,25.06.17,중개거래,경기 성남시 분당구,None,None,개인,개인,N
41135,10900,1,0718,0000,동판교로,41135,3178016,01,0,00226,00000,삼평동,봇들마을4단지(주공),718,74.92,2025,6,10,161000,4,2009,41135-454,O,25.06.16,중개거래,경기 성남시 분당구,None,None,개인,개인,N
41135,10900,1,0718,0000,동판교로,41135,3178016,01,0,00226,00000,삼평동,봇들마을4단지(주공),718,74.92,2025,6,10,161000,4,2009,41135-454,None,None,중개거래,경기 성남시 분당구,25.12.22,402,개인,개인,N
41135,11100,1,0181,0000,정자일로,41135,3180021,02,0,00072,00000,금곡동,청솔마을(한라),181,69.12,2025,6,12,114000,1,1995,41135-159,None,None,중개거래,경기 성남시 분당구,25.09.30,303,개인,개인,N
41135,11100,1,0141,0000,미금로,41135,3180016,01,0,00215,00000,금곡동,청솔마을(대원),141,129.45,2025,6,2,163000,23,1994,41135-152,None,None,중개거래,경기 성남시 분당구,25.09.10,804,개인,개인,N
41135,11400,1,0211,0000,미금로,41135,3180016,02,0,00023,00000,구미동,무지개(1단지)(대림),211,60.72,2025,6,2,75000,13,1995,41135-180,None,None,중개거래,경기 성남시 분당구,25.08.08,105,개인,개인,N
41135,11100,1,0181,0000,정자일로,41135,3180021,02,0,00072,00000,금곡동,청솔마을(한라),181,84.39,2025,6,13,144000,12,1995,41135-159,None,None,중개거래,경기 성남시 분당구,25.10.15,301,개인,개인,N
41135,10900,1,0738,0000,동판교로,41135,3178016,01,0,00155,00000,삼평동,봇들마을7단지,738,84.5,2025,6,16,200000,2,2009,41135-453,O,25.06.24,중개거래,경기 성남시 분당구,None,None,개인,개인,N
41135,10100,1,0038,0000,수내로,41135,3180039,01,0,00181,00000,분당동,샛별마을(우방),38,72.32,2025,6,16,135000,7,1994,41135-21,None,None,중개거래,경기 성남시 분당구,25.09.15,302,개인,개인,N
41135,10900,1,0705,0000,동판교로,41135,3178016,01,0,00275,00000,삼평동,봇들마을1단지(판교신미주),705,82.794,2025,6,6,150000,12,2009,41135-440,None,None,중개거래,경기 성남시 분당구,25.12.05,106,개인,개인,N
41135,10800,1,0634,0000,판교원로,41135,3180052,01,0,00207,00000,판교동,판교원마을5단지(푸르지오),634,101.06,2025,6,11,171000,8,2009,41135-462,None,None,중개거래,경기 성남시 분당구,25.09.02,507,개인,개인,N
41135,10300,1,0009,0000,정자일로,41135,3180021,01,0,00239,00000,정자동,현대I-PARK1,9,160.83,2025,6,3,205000,11,2003,41135-242,None,None,중개거래,경기 성남시 분당구,25.10.01,103,개인,개인,N
41135,10500,1,0087,0000,중앙공원로,41135,3180049,01,0,00053,00000,서현동,시범한신,87,84.69,2025,6,8,175000,6,1991,41135-102,None,None,중개거래,경기 성남시 분당구,25.07.25,116,개인,개인,N
41135,10300,1,0117,0000,내정로,41135,3180003,02,0,00054,00000,정자동,한솔마을(6단지)(주공),117,39.87,2025,6,4,66500,3,1995,41135-224,None,None,중개거래,경기 성남시 분당구,25.07.18,606,개인,개인,N
41135,10200,1,0054,0000,내정로166번길,41135,4340035,01,0,00042,00000,수내동,파크타운(삼익),54,131.49,2025,6,6,202000,13,1993,41135-76,None,None,중개거래,경기 성남시 분당구,25.08.13,117,개인,개인,N
41135,11400,1,0088,0000,미금일로,41135,3180061,03,0,00022,00000,구미동,까치마을(2단지)(주공),88,49.36,2025,6,3,84500,5,1995,41135-167,None,None,중개거래,경기 성남시 분당구,25.09.22,208,개인,개인,N
41135,11000,1,0525,0000,판교역로,41135,3179025,02,0,00049,00000,백현동,백현마을9단지(e편한세상),525,117.8,2025,6,14,222000,8,2009,41135-463,None,None,직거래,None,25.10.02,909,개인,개인,N
41135,10500,1,0308,0000,불정로,41135,3180030,04,0,00362,00000,서현동,효자촌(럭키),308,53.82,2025,6,10,85000,2,1994,41135-107,None,None,중개거래,경기 성남시 분당구,25.09.15,624,개인,개인,N
41135,11100,1,0180,0000,정자일로,41135,3180021,02,0,00046,00000,금곡동,청솔마을(유천),180,40.5,2025,6,5,77700,12,1995,41135-157,None,None,중개거래,경기 성남시 분당구,25.09.29,201,개인,개인,N
41135,11000,1,0545,0000,동판교로,41135,3178016,02,0,00122,00000,백현동,백현마을2단지,545,101.83,2025,6,5,220000,17,2009,41135-473,None,None,중개거래,경기 성남시 분당구,25.09.08,205,개인,개인,N
41135,10500,1,0092,0000,중앙공원로,41135,3180049,01,0,00020,00000,서현동,시범현대,92,129.73,2025,6,16,207000,11,1991,41135-99,None,None,중개거래,경기 성남시 분당구,25.09.15,412,개인,개인,N
41135,10300,1,0181,0000,정자일로,41135,3180021,01,0,00080,00000,정자동,상록마을(임광),181,84.97,2025,6,1,146000,7,1995,41135-61,None,None,중개거래,경기 성남시 분당구,25.10.15,407,개인,개인,N
41135,10500,1,0308,0000,불정로,41135,3180030,04,0,00362,00000,서현동,효자촌(대우),308,70.686,2025,6,16,104000,17,1994,41135-104,None,None,중개거래,경기 성남시 분당구,25.08.26,610,개인,개인,N
41135,10300,1,0198,0000,불정로,41135,3180030,03,0,00195,00000,정자동,정든마을(6단지)(우성),198,69.055,2025,6,13,101000,1,1994,41135-227,None,None,중개거래,경기 성남시 분당구,25.09.30,613,개인,개인,N
41135,10300,1,0198,0000,불정로,41135,3180030,03,0,00195,00000,정자동,정든마을(6단지)(우성),198,48.84,2025,6,16,75000,15,1994,41135-227,None,None,중개거래,경기 성남시 분당구,25.10.15,614,개인,개인,N
41135,11100,1,0141,0000,미금로,41135,3180016,01,0,00215,00000,금곡동,청솔마을(대원),141,50.4,2025,6,16,84000,1,1994,41135-152,None,None,중개거래,"경기 구리시, 경기 성남시 분당구",25.09.18,801,개인,개인,N
41135,10200,1,0073,0000,수내로,41135,3180039,02,0,00206,00000,수내동,푸른마을(신성),73,84.72,2025,6,11,157000,19,1992,41135-79,None,None,중개거래,경기 성남시 분당구,25.09.15,303,개인,개인,N
41135,10200,1,0052,0000,수내로,41135,3180039,02,0,00148,00000,수내동,파크타운(서안),52,184.78,2025,6,10,220000,8,1993,41135-77,O,25.08.14,중개거래,경기 성남시 분당구,None,None,개인,개인,N
41135,10500,1,0091,0000,중앙공원로,41135,3180049,01,0,00017,00000,서현동,시범한양,91,35.1,2025,6,10,82500,5,1991,41135-103,None,None,중개거래,경기 성남시 분당구,25.10.01,329,개인,개인,N
41135,10300,1,0102,0000,백현로,41135,3180022,02,0,00206,00000,정자동,한솔마을(4단지)(주공),102,41.85,2025,6,2,61900,4,1994,41135-67,None,None,중개거래,경기 성남시 분당구,25.11.21,408,개인,개인,N
41135,10300,1,0107,0000,백현로,41135,3180022,02,0,00234,00000,정자동,한솔마을(3단지)(한일),107,84.92,2025,6,16,137500,14,1993,41135-69,None,None,중개거래,경기 성남시 분당구,25.08.29,307,개인,개인,N
41135,10100,1,0066,0000,장안로51번길,41135,4340382,01,0,00011,00000,분당동,장안타운(건영),66,70.68,2025,6,16,90500,12,1993,41135-32,O,25.06.18,중개거래,경기 성남시 분당구,None,None,개인,개인,N
41135,10600,1,0124,0000,서현로,41135,3180034,03,0,00181,00000,이매동,이매촌(한신),124,50.1,2025,6,10,100000,3,1992,41135-97,None,None,중개거래,경기 성남시 분당구,25.09.30,209,개인,개인,N
41135,11400,1,0063,0000,미금일로,41135,3180061,03,0,00058,00000,구미동,까치마을(4단지)(롯데),63,84.79,2025,6,8,142500,4,1995,41135-164,O,25.09.01,중개거래,경기 성남시 분당구,None,None,개인,개인,N
41135,10600,1,0122,0000,서현로,41135,3180034,03,0,00177,00000,이매동,이매촌(금강),122,84.42,2025,6,16,141000,21,1992,41135-89,None,None,중개거래,"경기 성남시 분당구, 경남 창원시 성산구",25.09.15,103,개인,개인,N
41135,10200,1,0034,0000,수내로,41135,3180039,02,0,00074,00000,수내동,양지마을(금호1),34,84.9,2025,6,6,181000,6,1992,41135-71,None,None,중개거래,"경기 성남시 분당구, 경기 성남시 중원구",25.08.29,103,개인,개인,N
41135,10900,1,0722,0000,동판교로,41135,3178016,01,0,00225,00000,삼평동,봇들마을3단지(주공),722,84.69,2025,6,14,157000,1,2009,41135-452,O,25.06.21,중개거래,경기 성남시 분당구,None,None,개인,개인,N
41135,11100,1,0141,0000,미금로,41135,3180016,01,0,00215,00000,금곡동,청솔마을(대원),141,84.97,2025,6,6,140000,12,1994,41135-152,None,None,중개거래,경기 성남시 분당구,25.09.29,810,개인,개인,N
41135,10200,1,0036,0000,내정로,41135,3180003,01,0,00185,00000,수내동,양지마을(2단지)(청구),36,173.965,2025,6,6,277000,17,1992,41135-72,None,None,중개거래,경기 성남시 분당구,25.09.17,202,개인,개인,N
41135,10300,1,0090,0000,느티로,41135,3180004,01,0,00070,00000,정자동,느티마을(4단지)(공무원),90,58.71,2025,6,7,145000,12,1994,41135-54,None,None,중개거래,경기 성남시 분당구,25.09.08,405,개인,개인,N
41135,10300,1,0197,0000,정자로,41135,3180058,01,0,00144,00000,정자동,정든마을(4단지)(우성),197,129.72,2025,6,6,149000,15,1995,41135-64,None,None,중개거래,경기 성남시 분당구,25.09.15,402,개인,개인,N
41135,10500,1,0092,0000,중앙공원로,41135,3180049,01,0,00020,00000,서현동,시범현대,92,49.41,2025,6,9,105000,4,1991,41135-99,None,None,중개거래,경기 성남시 분당구,25.08.11,405,개인,개인,N
41135,10300,1,0181,0000,정자일로,41135,3180021,01,0,00080,00000,정자동,상록마을(보성),181,67.435,2025,6,3,124000,3,1995,41135-59,None,None,중개거래,경기 성남시 분당구,25.08.29,401,개인,개인,N
41135,10300,1,0194,0000,내정로,41135,3180003,02,0,00010,00000,정자동,정든마을(7단지)(한진),194,84.69,2025,6,13,144000,11,1994,41135-228,None,None,중개거래,경기 성남시 분당구,25.09.05,702,개인,개인,N
41135,10300,1,0198,0000,불정로,41135,3180030,03,0,00195,00000,정자동,정든마을(6단지)(우성),198,48.84,2025,6,10,78200,5,1994,41135-227,None,None,중개거래,경기 성남시 분당구,25.12.31,614,개인,개인,N
41135,10700,1,0330,0000,장미로,41135,3180048,01,0,00055,00000,야탑동,장미마을(동부),330,101.41,2025,6,11,136000,8,1993,41135-137,None,None,중개거래,경기 성남시 분당구,25.10.22,113,개인,개인,N
41135,10300,1,0111,0000,정자로,41135,3180058,01,0,00143,00000,정자동,한솔마을(2단지)(LG),111,101.85,2025,6,6,140500,6,1995,41135-66,None,None,중개거래,경기 성남시 분당구,25.09.30,202,개인,개인,N
41135,10200,1,0055,0000,내정로,41135,3180003,01,0,00152,00000,수내동,파크타운(롯데),55,131.49,2025,6,6,205000,5,1993,41135-75,None,None,중개거래,경기 성남시 분당구,25.08.26,129,개인,개인,N
41135,10700,1,0201,0000,매화로,41135,3180012,01,0,00092,00000,야탑동,매화마을공무원1,201,58.92,2025,6,12,77750,9,1995,41135-119,None,None,중개거래,경기 성남시 분당구,25.09.30,106,개인,개인,N
41135,11100,1,0141,0000,미금로,41135,3180016,01,0,00215,00000,금곡동,청솔마을(대원),141,84.97,2025,6,3,134000,5,1994,41135-152,O,25.08.29,중개거래,경기 성남시 분당구,None,None,개인,개인,N
41135,11100,1,0181,0000,정자일로,41135,3180021,02,0,00072,00000,금곡동,청솔마을(한라),181,69.12,2025,6,4,120000,2,1995,41135-159,None,None,중개거래,경기 성남시 분당구,25.08.26,303,개인,개인,N
41135,10600,1,0143,0000,이매로,41135,3180047,01,0,00016,00000,이매동,아름마을(효성),143,101.76,2025,6,15,178000,7,1994,41135-88,O,25.09.01,중개거래,"경기 성남시 분당구, 경기 안양시 동안구",None,None,개인,개인,N
41135,11400,1,0211,0000,미금로,41135,3180016,02,0,00023,00000,구미동,무지개(1단지)(대림),211,60.72,2025,6,2,75000,13,1995,41135-180,O,25.06.16,중개거래,경기 성남시 분당구,None,None,개인,개인,N
41135,10200,1,0024,0000,내정로165번길,41135,4340034,01,0,00035,00000,수내동,양지마을(5단지)(한양501-514),24,35.1,2025,6,11,81000,3,1992,41135-73,O,25.06.19,중개거래,경기 성남시 분당구,None,None,개인,개인,N
41135,10200,1,0032,0000,내정로165번길,41135,4340034,01,0,00038,00000,수내동,"양지마을(6단지)(금호,청구)",32,55.44,2025,6,3,109000,13,1992,41135-562,None,None,중개거래,경기 성남시 분당구,25.11.10,601,개인,개인,N
41135,10500,1,0092,0000,중앙공원로,41135,3180049,01,0,00020,00000,서현동,시범현대,92,129.73,2025,6,10,209000,7,1991,41135-99,None,None,중개거래,경기 성남시 분당구,25.09.10,421,개인,개인,N
41135,10200,1,0051,0000,내정로166번길,41135,4340035,01,0,00007,00006,수내동,파크타운(대림),51,59.32,2025,6,11,109500,23,1993,41135-74,None,None,중개거래,경기 성남시 분당구,25.09.12,139,개인,개인,N
41135,10500,1,0308,0000,분당로263번길,41135,4340156,02,0,00013,00000,서현동,효자촌(대우),308,70.686,2025,6,10,107500,11,1994,41135-104,None,None,중개거래,경기 성남시 분당구,25.09.19,611,개인,개인,N
41135,10600,1,0124,0000,서현로,41135,3180034,03,0,00181,00000,이매동,이매촌(한신),124,66.27,2025,6,3,124900,22,1992,41135-97,None,None,중개거래,경기 성남시 분당구,25.07.29,212,개인,개인,N
41135,11400,1,0221,0000,무지개로,41135,3180014,01,0,00144,00000,구미동,무지개(5단지)(청구),221,58.49,2025,6,13,83000,10,1995,41135-188,None,None,중개거래,"경기 성남시 분당구, 경기 하남시",25.09.09,512,개인,개인,N
41135,10300,1,0197,0000,정자로,41135,3180058,01,0,00144,00000,정자동,정든마을(4단지)(우성),197,129.72,2025,6,6,155000,8,1995,41135-64,None,None,중개거래,경기 성남시 분당구,25.09.30,402,개인,개인,N
41135,10700,1,0525,0000,판교로,41135,3180051,02,0,00519,00000,야탑동,탑마을(경남)1,525,69.87,2025,6,13,53500,1,1994,41135-140,None,None,중개거래,경기 성남시 중원구,25.06.18,702,개인,개인,N
41135,10500,1,0292,0000,불정로,41135,3180030,04,0,00397,00000,서현동,효자촌(임광),292,165.33,2025,6,4,168000,14,1992,41135-110,None,None,중개거래,경기 성남시 분당구,25.10.31,305,개인,개인,N
41135,10700,1,0536,0000,야탑로,41135,3180041,01,0,00020,00000,야탑동,탑마을(선경)1,536,101.76,2025,6,4,118000,1,1992,41135-145,None,None,중개거래,경기 성남시 분당구,25.09.15,116,개인,개인,N
41135,11000,1,0542,0000,동판교로,41135,3178016,02,0,00123,00000,백현동,판교푸르지오그랑블,542,117.5193,2025,6,14,400000,19,2011,41135-497,None,None,중개거래,경기 성남시 분당구,25.11.28,102,개인,개인,N
41135,11000,1,0608,0000,판교백현로,41135,3352601,02,0,00038,00000,백현동,THESHARP판교퍼스트파크,608,84.9746,2025,6,15,138000,19,2021,41135-594,None,None,중개거래,경기 성남시 분당구,25.08.11,113동,개인,개인,N
41135,11400,1,0063,0000,미금일로,41135,3180061,03,0,00058,00000,구미동,까치마을(4단지)(롯데),63,84.79,2025,6,15,160000,20,1995,41135-164,None,None,중개거래,"경기 성남시 분당구, 서울 강남구",25.08.28,410,개인,개인,N
41135,10900,1,0717,0000,판교로,41135,3180051,04,0,00393,00000,삼평동,봇들마을2단지(이지더원),717,84.2822,2025,6,14,138500,1,2009,41135-441,None,None,중개거래,경기 성남시 분당구,25.09.30,209,개인,개인,N
41135,11400,1,0066,0000,미금로,41135,3180016,02,0,00177,00000,구미동,까치마을(3단지)(신원),66,84.8,2025,6,14,154000,3,1995,41135-165,None,None,중개거래,경기 성남시 분당구,25.08.22,307,개인,개인,N
41135,11400,1,0066,0000,미금로,41135,3180016,02,0,00177,00000,구미동,까치마을(3단지)(신원),66,130.83,2025,6,15,178000,3,1995,41135-165,None,None,중개거래,경기 성남시 분당구,25.11.14,302,개인,개인,N
41135,10900,1,0742,0000,동판교로,41135,3178016,01,0,00153,00000,삼평동,봇들마을8단지(주공),742,101.82,2025,6,15,255000,13,2009,41135-468,O,25.06.21,중개거래,경기 성남시 분당구,None,None,개인,개인,N
41135,10300,1,0169,0001,성남대로,41135,2000005,02,0,00275,00000,정자동,아데나팰리스,169-1,164.03,2025,6,11,192000,4,2003,41135-245,None,None,중개거래,경기 성남시 분당구,25.09.30,아데나팰리스A,개인,개인,N
41135,10900,1,0705,0000,동판교로,41135,3178016,01,0,00275,00000,삼평동,봇들마을1단지(판교신미주),705,83.698,2025,6,11,150000,11,2009,41135-440,None,None,중개거래,경기 성남시 분당구,25.10.20,114,개인,개인,N
41135,10100,1,0034,0000,분당로,41135,3180026,01,0,00190,00000,분당동,샛별마을(라이프),34,78.52,2025,6,13,134500,23,1992,41135-19,None,None,중개거래,경기 성남시 분당구,25.08.29,107,개인,개인,N
41135,10900,1,0722,0000,동판교로,41135,3178016,01,0,00225,00000,삼평동,봇들마을3단지(주공),722,59.95,2025,6,10,146000,2,2009,41135-452,None,None,중개거래,"경기 고양시 덕양구, 경기 성남시 분당구",25.10.02,308,개인,개인,N
41135,11000,1,0542,0000,동판교로,41135,3178016,02,0,00123,00000,백현동,판교푸르지오그랑블,542,117.5193,2025,6,9,368000,8,2011,41135-497,None,None,중개거래,경기 성남시 분당구,25.10.31,104,개인,개인,N
41135,10200,1,0054,0000,내정로166번길,41135,4340035,01,0,00042,00000,수내동,파크타운(삼익),54,131.49,2025,6,7,210000,7,1993,41135-76,None,None,중개거래,경기 성남시 분당구,25.10.15,117,개인,개인,N
41135,10300,1,0180,0000,정자일로,41135,3180021,01,0,00100,00000,정자동,미켈란쉐르빌,180,150.91,2025,6,5,190000,23,2003,41135-241,None,None,중개거래,"경기 성남시 분당구, 경기 용인시 수지구",25.10.31,A,개인,개인,N
41135,11400,1,0066,0000,미금로,41135,3180016,02,0,00177,00000,구미동,까치마을(3단지)(신원),66,167.4,2025,6,14,188000,19,1995,41135-165,None,None,중개거래,경기 성남시 분당구,25.09.15,309,개인,개인,N
41135,10600,1,0140,0000,탄천로,41135,3180050,01,0,00035,00000,이매동,아름마을(풍림),140,134.22,2025,6,9,192000,15,1993,41135-86,None,None,중개거래,경기 성남시 분당구,25.10.13,505,개인,개인,N
41135,10900,1,0722,0000,동판교로,41135,3178016,01,0,00225,00000,삼평동,봇들마을3단지(주공),722,59.84,2025,6,7,145000,7,2009,41135-452,None,None,중개거래,경기 성남시 분당구,25.09.10,312,개인,개인,N
41135,11000,1,0545,0000,동판교로,41135,3178016,02,0,00122,00000,백현동,백현마을2단지,545,84.5,2025,6,3,198000,1,2009,41135-473,None,None,중개거래,"경기 성남시 분당구, 경기 용인시 수지구",25.10.31,210,개인,개인,N
41135,10700,1,0535,0000,판교로,41135,3180051,02,0,00421,00000,야탑동,탑마을(대우),535,134.31,2025,6,7,144500,13,1992,41135-143,None,None,중개거래,"경기 성남시 분당구, 경기 용인시 수지구",25.10.30,208,개인,개인,N
41135,10800,1,0622,0000,판교로,41135,3180051,03,0,00050,00000,판교동,판교원마을1단지(파라곤),622,101.12,2025,6,5,155000,4,2009,41135-458,None,None,중개거래,경기 성남시 분당구,25.08.14,103,개인,개인,N
41135,11000,1,0542,0000,동판교로,41135,3178016,02,0,00123,00000,백현동,판교푸르지오그랑블,542,98.986,2025,6,9,282500,19,2011,41135-497,None,None,중개거래,경기 성남시 분당구,25.10.31,109,개인,개인,N
41135,11400,1,0066,0000,미금로,41135,3180016,02,0,00177,00000,구미동,까치마을(3단지)(신원),66,167.4,2025,6,14,188000,19,1995,41135-165,O,25.06.14,중개거래,경기 성남시 분당구,None,None,개인,개인,N
41135,10600,1,0140,0000,탄천로,41135,3180050,01,0,00035,00000,이매동,아름마을(풍림),140,75.15,2025,6,11,154500,13,1993,41135-86,None,None,중개거래,경기 성남시 분당구,25.09.15,502,개인,개인,N
41135,10300,1,0198,0000,불정로,41135,3180030,03,0,00195,00000,정자동,정든마을(6단지)(우성),198,48.84,2025,6,13,80000,9,1994,41135-227,None,None,중개거래,경기 성남시 분당구,25.12.26,612,개인,개인,N
41135,10600,1,0133,0000,탄천로,41135,3180050,01,0,00095,00000,이매동,아름마을(두산),133,59.79,2025,6,3,96500,1,1992,41135-82,None,None,중개거래,경기 성남시 분당구,25.08.29,414,개인,개인,N
41135,11600,1,0592,0000,판교대장로7길,41135,4859967,00,None,00069,00000,대장동,판교퍼스트힐푸르지오1단지,592,84.85,2025,6,13,111000,13,2021,41135-588,None,None,중개거래,경기 성남시 분당구,25.09.05,109,개인,개인,N
41135,11500,1,0921,0000,판교원로,41135,3180052,02,0,00046,00000,운중동,산운마을12단지판교센트럴포레와이시티,921,55.44,2025,6,3,107500,6,2009,41135-457,None,None,중개거래,경기 성남시 분당구,25.09.19,1208,개인,개인,N
41135,10300,1,0117,0000,내정로,41135,3180003,02,0,00054,00000,정자동,한솔마을(6단지)(주공),117,39.87,2025,6,7,68000,18,1995,41135-224,None,None,중개거래,경기 성남시 분당구,25.08.29,605,개인,개인,N
41135,11400,1,0202,0000,구미로,41135,3180001,01,0,00050,00000,구미동,무지개(2단지)(엘지),202,84.822,2025,6,13,119000,4,1995,41135-185,None,None,중개거래,경기 성남시 분당구,25.10.30,203,개인,개인,N
41135,10500,1,0091,0000,중앙공원로,41135,3180049,01,0,00017,00000,서현동,시범한양,91,164.18,2025,6,10,235000,22,1991,41135-103,None,None,중개거래,경기 성남시 분당구,26.01.07,317,개인,개인,N
41135,10600,1,0123,0000,양현로94번길,41135,4340315,01,0,00029,00000,이매동,이매촌(청구),123,59.92,2025,6,11,131000,5,1992,41135-96,None,None,중개거래,경기 성남시 분당구,25.11.24,609,개인,개인,N
41135,10800,1,0585,0000,서판교로,41135,3180044,01,0,00029,00000,판교동,판교원마을9단지(한림풀에버),585,84.9907,2025,6,13,138000,1,2009,41135-444,None,None,중개거래,경기 성남시 분당구,25.09.30,923,개인,개인,N
41135,10800,1,0585,0000,서판교로,41135,3180044,01,0,00029,00000,판교동,판교원마을9단지(한림풀에버),585,84.9907,2025,6,14,152000,16,2009,41135-444,None,None,중개거래,경기 성남시 분당구,25.08.28,923,개인,개인,N
41135,11100,1,0125,0000,금곡로,41135,3180054,02,0,00263,00000,금곡동,청솔마을(공무원),125,58.19,2025,6,9,90500,9,1994,41135-151,None,None,중개거래,경기 성남시 분당구,25.09.29,502,개인,개인,N
41135,10800,1,0635,0000,판교원로,41135,3180052,01,0,00209,00000,판교동,판교원마을6단지(판교대광로제비앙),635,83.33,2025,6,3,136500,3,2009,41135-446,None,None,중개거래,경기 성남시 분당구,25.09.15,606,개인,개인,N
41135,10300,1,0110,0000,불정로,41135,3180030,03,0,00219,00000,정자동,한솔마을(1단지)(청구),110,84.965,2025,6,13,140500,3,1994,41135-68,None,None,중개거래,경기 성남시 분당구,25.08.21,110,개인,개인,N
41135,10500,1,0292,0000,불정로,41135,3180030,04,0,00397,00000,서현동,효자촌(임광),292,101.34,2025,6,6,137000,4,1992,41135-110,None,None,중개거래,경기 성남시 분당구,25.08.29,312,개인,개인,N
41135,11100,1,0141,0000,미금로,41135,3180016,01,0,00215,00000,금곡동,청솔마을(대원),141,129.45,2025,6,7,160000,12,1994,41135-152,O,25.09.30,중개거래,경기 성남시 분당구,None,None,개인,개인,N
41135,11000,1,0554,0000,판교역로,41135,3179025,02,0,00102,00000,백현동,백현마을5단지(주공),554,74.92,2025,6,12,150000,11,2009,41135-469,None,None,직거래,None,25.06.27,511,개인,개인,N
41135,10600,1,0142,0000,이매로,41135,3180047,01,0,00011,00000,이매동,아름마을(선경),142,83.58,2025,6,11,162500,7,1993,41135-84,None,None,중개거래,경기 성남시 분당구,25.07.17,604,개인,개인,N
41135,11100,1,0133,0000,미금로,41135,3180016,01,0,00216,00000,금곡동,청솔마을(주공9단지),133,36.54,2025,6,11,57600,1,1995,41135-158,O,25.06.27,중개거래,경기 성남시 분당구,None,None,개인,개인,N
41135,11000,1,0545,0000,동판교로,41135,3178016,02,0,00122,00000,백현동,백현마을2단지,545,101.83,2025,6,5,220000,17,2009,41135-473,O,25.06.16,중개거래,경기 성남시 분당구,None,None,개인,개인,N
41135,10300,1,0174,0001,정자일로,41135,3180021,01,0,00121,00000,정자동,분당더샾스타파크,174-1,116.7905,2025,6,4,172000,11,2007,41135-422,None,None,중개거래,경기 성남시 분당구,25.09.24,101,개인,개인,N
41135,10300,1,0180,0000,정자일로,41135,3180021,01,0,00100,00000,정자동,미켈란쉐르빌,180,157.57,2025,6,13,186000,9,2003,41135-241,None,None,중개거래,경기 용인시 수지구,25.09.30,A,개인,개인,N
41135,10500,1,0308,0000,분당로263번길,41135,4340156,02,0,00013,00000,서현동,효자촌(대우),308,53.82,2025,6,9,79500,14,1994,41135-104,None,None,중개거래,경기 성남시 분당구,25.10.13,618,개인,개인,N
41135,10500,1,0292,0000,불정로,41135,3180030,04,0,00397,00000,서현동,효자촌(임광),292,101.34,2025,6,4,135500,4,1992,41135-110,None,None,중개거래,경기 성남시 분당구,25.10.31,312,개인,개인,N
41135,10100,1,0066,0000,장안로41번길,41135,4340380,01,0,00013,00000,분당동,장안타운(건영),66,162.85,2025,6,11,134000,12,1993,41135-32,None,None,중개거래,경기 성남시 분당구,25.09.30,109,개인,개인,N
41135,10500,1,0291,0000,돌마로486번길,41135,4340062,01,0,00007,00000,서현동,효자촌(동아),291,84.72,2025,6,11,146000,7,1992,41135-106,None,None,중개거래,경기 성남시 분당구,25.09.30,203,개인,개인,N
41135,10600,1,0124,0000,서현로,41135,3180034,03,0,00181,00000,이매동,이매촌(한신),124,50.1,2025,6,2,97000,9,1992,41135-97,None,None,중개거래,경기 성남시 분당구,25.06.25,203,개인,개인,N
41135,10200,1,0075,0000,백현로,41135,3180022,01,0,00227,00000,수내동,푸른마을(쌍용),75,84.72,2025,6,7,141000,1,1992,41135-80,None,None,중개거래,경기 성남시 분당구,25.09.17,507,개인,개인,N
41135,10500,1,0091,0000,중앙공원로,41135,3180049,01,0,00017,00000,서현동,시범한양,91,35.1,2025,6,12,79000,5,1991,41135-103,None,None,중개거래,"경기 성남시 분당구, 서울 동대문구",25.07.21,330,개인,개인,N
41135,10900,1,0741,0000,대왕판교로606번길,41135,4340053,01,0,00058,00000,삼평동,판교푸르지오월드마크,741,127.6,2025,6,9,255000,17,2013,41135-511,None,None,중개거래,경기 성남시 분당구,25.09.01,1동,개인,개인,N
41135,11600,1,0638,0000,판교대장로5길,41135,4859965,01,None,00058,00000,대장동,판교더샵포레스트11단지,638,84.995,2025,6,13,108000,11,2021,41135-591,None,None,중개거래,"경기 성남시 중원구, 경기 화성시",25.08.27,1103,개인,개인,N
41135,10700,1,0334,0000,장미로,41135,3180048,01,0,00101,00000,야탑동,장미마을(현대),334,75.188,2025,6,11,73500,3,1993,41135-139,None,None,중개거래,서울 강남구,25.06.18,808,개인,개인,N
41135,10300,1,0111,0000,정자로,41135,3180058,01,0,00143,00000,정자동,한솔마을(2단지)(LG),111,101.85,2025,6,13,140000,1,1995,41135-66,None,None,중개거래,경기 성남시 분당구,25.09.01,202,개인,개인,N
41135,11000,1,0545,0000,동판교로,41135,3178016,02,0,00122,00000,백현동,백현마을2단지,545,118.94,2025,6,7,235000,8,2009,41135-473,O,25.07.16,중개거래,경기 성남시 분당구,None,None,개인,개인,N
41135,11500,1,0956,0000,산운로,41135,3180031,01,0,00098,00000,운중동,산운마을8단지(부영사랑으로),956,59.524,2025,6,6,116600,6,2008,41135-434,None,None,중개거래,경기 성남시 분당구,25.08.27,802,개인,개인,N
41135,11500,1,0956,0000,산운로,41135,3180031,01,0,00098,00000,운중동,산운마을8단지(부영사랑으로),956,59.679,2025,6,9,117500,6,2008,41135-434,None,None,중개거래,경기 성남시 분당구,25.08.26,803,개인,개인,N
41135,10600,1,0132,0000,판교로,41135,3180051,01,0,00430,00000,이매동,아름마을(건영),132,101.85,2025,6,1,137000,15,1992,41135-81,None,None,직거래,None,25.06.30,103,개인,개인,N
41135,10600,1,0133,0000,탄천로,41135,3180050,01,0,00095,00000,이매동,아름마을(삼호),133,84.84,2025,6,4,128000,6,1992,41135-83,None,None,중개거래,경기 성남시 분당구,25.07.21,405,개인,개인,N
41135,10100,1,0038,0000,수내로,41135,3180039,01,0,00181,00000,분당동,샛별마을(우방),38,57.28,2025,6,12,114500,6,1994,41135-21,None,None,중개거래,경기 성남시 분당구,25.09.16,312,개인,개인,N
41135,10300,1,0121,0000,내정로,41135,3180003,00,None,00055,00000,정자동,상록마을(우성)1,121,69.12,2025,6,10,173000,14,1994,41135-60,None,None,중개거래,경기 성남시 분당구,25.08.20,322,개인,개인,N
41135,10500,1,0291,0000,돌마로486번길,41135,4340062,01,0,00012,00000,서현동,효자촌(동아),291,128.28,2025,6,6,160000,10,1992,41135-106,None,None,중개거래,경기 성남시 분당구,25.08.28,215,개인,개인,N
41135,10300,1,0112,0000,정자로,41135,3180058,01,0,00115,00000,정자동,한솔마을(5단지)(주공),112,42.75,2025,6,7,66400,13,1994,41135-223,None,None,중개거래,경기 성남시 분당구,25.08.27,503,개인,개인,N
41135,10500,1,0087,0000,중앙공원로,41135,3180049,01,0,00053,00000,서현동,시범삼성,87,133.295,2025,6,10,238000,13,1991,41135-98,None,None,중개거래,경기 성남시 분당구,25.09.30,129,개인,개인,N
41135,11400,1,0211,0000,미금로,41135,3180016,02,0,00023,00000,구미동,무지개(1단지)(대림),211,60.72,2025,6,5,78000,12,1995,41135-180,None,None,중개거래,경기 성남시 분당구,25.09.15,105,개인,개인,N
41135,10700,1,0334,0000,장미로,41135,3180048,01,0,00101,00000,야탑동,장미마을(현대),334,84.97,2025,6,7,119000,7,1993,41135-139,None,None,중개거래,"경기 성남시 분당구, 경기 용인시 수지구",25.09.30,821,개인,개인,N
41135,11400,1,0063,0000,미금일로,41135,3180061,03,0,00058,00000,구미동,까치마을(4단지)(선경),63,70.66,2025,6,12,125000,6,1995,41135-231,None,None,중개거래,경기 성남시 분당구,25.09.30,404,개인,개인,N
41135,10500,1,0087,0000,중앙공원로,41135,3180049,01,0,00053,00000,서현동,시범삼성,87,84.69,2025,6,10,185000,20,1991,41135-98,None,None,중개거래,경기 성남시 분당구,25.09.30,130,개인,개인,N
41135,10200,1,0024,0000,내정로165번길,41135,4340034,01,0,00035,00000,수내동,양지마을(5단지)(한양501-514),24,42.56,2025,6,6,103000,7,1992,41135-73,None,None,중개거래,경기 성남시 분당구,25.08.29,514,개인,개인,N
41135,10200,1,0055,0000,내정로,41135,3180003,01,0,00152,00000,수내동,파크타운(롯데),55,131.49,2025,6,3,205000,10,1993,41135-75,None,None,중개거래,경기 성남시 분당구,25.10.24,127,개인,개인,N
41135,11100,1,0176,0000,정자일로,41135,3180021,02,0,00030,00000,금곡동,청솔마을(계룡),176,55.44,2025,6,4,96000,12,1996,41135-150,None,None,중개거래,경기 성남시 분당구,25.09.26,111,개인,개인,N
41135,10800,1,0623,0000,판교로,41135,3180051,03,0,00030,00000,판교동,판교원마을2단지(푸르지오),623,115.09,2025,6,2,198000,11,2009,41135-459,None,None,중개거래,경기 성남시 분당구,25.09.01,202,개인,개인,N
41135,10500,1,0292,0000,불정로,41135,3180030,04,0,00397,00000,서현동,효자촌(임광),292,84.99,2025,6,4,134000,14,1992,41135-110,O,25.07.28,중개거래,경기 성남시 분당구,None,None,개인,개인,N
41135,10300,1,0117,0000,내정로,41135,3180003,02,0,00054,00000,정자동,한솔마을(6단지)(주공),117,37.67,2025,6,12,62000,2,1995,41135-224,None,None,중개거래,경기 성남시 분당구,25.09.12,607,개인,개인,N
41135,11400,1,0201,0000,미금로,41135,3180016,02,0,00063,00000,구미동,무지개(3단지)(신한),201,69.72,2025,6,11,96000,9,1996,41135-184,None,None,중개거래,경기 성남시 분당구,25.10.01,301,개인,개인,N
41135,11000,1,0558,0000,판교역로,41135,3179025,02,0,00072,00000,백현동,백현마을8단지(대림),558,117.39,2025,6,12,220000,3,2009,41135-464,None,None,중개거래,경기 성남시 분당구,25.07.31,801,개인,개인,N
41135,10300,1,0112,0000,정자로,41135,3180058,01,0,00115,00000,정자동,한솔마을(5단지)(주공),112,42.75,2025,6,7,67900,22,1994,41135-223,None,None,중개거래,경기 성남시 분당구,25.08.06,512,개인,개인,N
41135,10300,1,0198,0000,불정로,41135,3180030,03,0,00179,00000,정자동,정든마을(2단지)(동아),198,48.84,2025,6,10,79000,13,1995,41135-62,None,None,중개거래,경기 성남시 분당구,25.11.03,205,개인,개인,N
41135,10600,1,0133,0000,탄천로,41135,3180050,01,0,00095,00000,이매동,아름마을(삼호),133,59.79,2025,6,9,98500,1,1992,41135-83,None,None,중개거래,경기 성남시 분당구,25.10.30,413,개인,개인,N
41135,10500,1,0092,0000,중앙공원로,41135,3180049,01,0,00020,00000,서현동,시범현대,92,84.57,2025,6,7,165000,2,1991,41135-99,None,None,중개거래,경기 성남시 분당구,25.08.13,429,개인,개인,N
41135,10600,1,0124,0000,서현로,41135,3180034,03,0,00181,00000,이매동,이매촌(한신),124,66.27,2025,6,5,129800,15,1992,41135-97,None,None,중개거래,경기 성남시 분당구,25.09.10,211,개인,개인,N
41135,10800,1,0634,0000,판교원로,41135,3180052,01,0,00207,00000,판교동,판교원마을5단지(푸르지오),634,116.04,2025,6,12,202700,8,2009,41135-462,None,None,중개거래,경기 성남시 분당구,25.08.28,507,개인,개인,N
41135,10500,1,0291,0000,돌마로486번길,41135,4340062,01,0,00007,00000,서현동,효자촌(동아),291,59.78,2025,6,12,104500,4,1992,41135-106,None,None,중개거래,경기 성남시 분당구,25.08.28,214,개인,개인,N
41135,10800,1,0637,0000,판교원로,41135,3180052,01,0,00237,00000,판교동,판교원마을7단지(모아미래도),637,56.555,2025,6,6,119000,16,2009,41135-439,None,None,중개거래,경기 성남시 분당구,25.07.28,705,개인,개인,N
41135,10100,1,0066,0000,분당로263번길,41135,4340156,01,0,00024,00000,분당동,장안타운(건영),66,85.0,2025,6,7,105000,9,1993,41135-32,None,None,중개거래,경기 성남시 분당구,25.09.01,115,개인,개인,N
41135,10300,1,0125,0000,정자로76번길,41135,4340388,01,0,00010,00000,정자동,상록마을(라이프2차),125,49.14,2025,6,7,95700,3,1994,41135-226,None,None,중개거래,경기 성남시 분당구,25.06.30,201,개인,개인,N
41135,10300,1,0117,0000,내정로,41135,3180003,02,0,00054,00000,정자동,한솔마을(6단지)(주공),117,39.87,2025,6,7,67000,4,1995,41135-224,None,None,중개거래,경기 성남시 분당구,25.09.05,605,개인,개인,N
41135,11100,1,0133,0000,미금로,41135,3180016,01,0,00216,00000,금곡동,청솔마을(주공9단지),133,42.84,2025,6,12,77000,4,1995,41135-158,None,None,중개거래,경기 성남시 분당구,25.06.27,904,개인,개인,N
41135,10300,1,0174,0001,정자일로,41135,3180021,01,0,00121,00000,정자동,분당더샾스타파크,174-1,116.7905,2025,6,17,130000,4,2007,41135-422,None,None,중개거래,서울 서초구,25.06.27,103,개인,개인,N
41135,11400,1,0201,0000,미금로,41135,3180016,02,0,00063,00000,구미동,무지개(3단지)(건영),201,68.16,2025,6,12,93000,12,1996,41135-178,None,None,중개거래,경기 성남시 분당구,25.08.11,312,개인,개인,N
41135,10300,1,0192,0000,불정로,41135,3180030,03,0,00119,00000,정자동,정든마을(8단지)(한진),192,84.69,2025,6,11,120000,2,1995,41135-229,None,None,중개거래,경기 성남시 분당구,25.06.13,808,개인,개인,N
41135,10100,1,0038,0000,수내로,41135,3180039,01,0,00181,00000,분당동,샛별마을(우방),38,57.28,2025,6,7,111000,16,1994,41135-21,None,None,중개거래,경기 성남시 분당구,25.09.30,312,개인,개인,N
41135,11100,1,0133,0000,미금로,41135,3180016,01,0,00216,00000,금곡동,청솔마을(주공9단지),133,36.54,2025,6,2,63100,10,1995,41135-158,None,None,중개거래,경기 성남시 분당구,25.07.24,901,개인,개인,N
41135,11100,1,0141,0000,미금로,41135,3180016,01,0,00215,00000,금곡동,청솔마을(대원),141,129.45,2025,6,6,165000,15,1994,41135-152,None,None,중개거래,경기 성남시 분당구,25.08.20,813,개인,개인,N
41135,11500,1,0949,0000,판교원로81번길,41135,4340479,01,0,00015,00000,운중동,산운마을10단지(대광로제비앙),949,59.941,2025,6,1,125500,8,2009,41135-443,None,None,중개거래,경기 성남시 분당구,25.07.14,1004,개인,개인,N
41135,11400,1,0066,0000,미금로,41135,3180016,02,0,00177,00000,구미동,까치마을(3단지)(신원),66,167.4,2025,6,14,190000,16,1995,41135-165,None,None,중개거래,경기 성남시 분당구,25.09.17,309,개인,개인,N
41135,10100,1,0066,0000,장안로51번길,41135,4340382,01,0,00031,00000,분당동,장안타운(건영),66,67.73,2025,6,11,85000,14,1993,41135-32,None,None,중개거래,경기 성남시 분당구,25.08.05,103,개인,개인,N
41135,10700,1,0330,0000,장미로,41135,3180048,01,0,00055,00000,야탑동,장미마을(코오롱)1,330,74.14,2025,6,11,106500,5,1993,41135-138,O,25.07.04,중개거래,경기 성남시 분당구,None,None,개인,개인,N
41135,11400,1,0212,0000,미금로22번길,41135,4340093,01,0,00010,00000,구미동,무지개(12단지)(주공),212,58.14,2025,6,7,65000,11,1995,41135-187,None,None,중개거래,경기 성남시 분당구,25.07.07,1205,개인,개인,N
41135,10700,1,0330,0000,장미로,41135,3180048,01,0,00055,00000,야탑동,장미마을(동부),330,70.56,2025,6,6,108000,9,1993,41135-137,None,None,중개거래,"경기 성남시 분당구, 경기 성남시 중원구",25.09.12,133,개인,개인,N
41135,10500,1,0310,0000,분당로263번길,41135,4340156,02,0,00013,00000,서현동,효자촌(대창),310,70.686,2025,6,7,95000,2,1994,41135-105,O,25.06.24,중개거래,경기 성남시 분당구,None,None,개인,개인,N
41135,11400,1,0201,0000,미금로,41135,3180016,02,0,00063,00000,구미동,무지개(3단지)(건영),201,68.16,2025,6,11,95000,13,1996,41135-178,None,None,중개거래,경기 성남시 분당구,26.01.23,311,개인,개인,N
41135,10700,1,0215,0000,장미로,41135,3180048,01,0,00139,00000,야탑동,매화마을공무원2,215,58.71,2025,6,6,71000,9,1995,41135-120,None,None,중개거래,경기 성남시 분당구,25.11.27,208,개인,개인,N
41135,10100,1,0034,0000,분당로,41135,3180026,01,0,00190,00000,분당동,샛별마을(라이프),34,85.0,2025,6,11,140000,13,1992,41135-19,None,None,중개거래,경기 성남시 분당구,25.10.01,110,개인,개인,N
41135,10100,1,0066,0000,장안로25번길,41135,4340378,01,0,00028,00000,분당동,장안타운(건영),66,131.55,2025,6,11,131000,12,1993,41135-32,None,None,중개거래,경기 성남시 분당구,25.07.22,113,개인,개인,N
41135,11500,1,0956,0000,산운로,41135,3180031,01,0,00098,00000,운중동,산운마을8단지(부영사랑으로),956,59.679,2025,6,11,114000,2,2008,41135-434,None,None,중개거래,경기 성남시 분당구,25.07.11,801,개인,개인,N
41135,10700,1,0334,0000,장미로,41135,3180048,01,0,00101,00000,야탑동,장미마을(현대),334,84.79,2025,6,6,108000,1,1993,41135-139,O,25.06.30,중개거래,경기 성남시 분당구,None,None,개인,개인,N
41135,10200,1,0027,0000,내정로,41135,3180003,01,0,00151,00000,수내동,양지마을(3단지)(금호),27,101.91,2025,6,4,189000,2,1992,41135-247,O,25.06.17,중개거래,"경기 성남시 분당구, 서울 강남구",None,None,개인,개인,N
41135,10600,1,0140,0000,탄천로,41135,3180050,01,0,00059,00000,이매동,아름마을(풍림),140,134.22,2025,6,8,170000,1,1993,41135-86,O,25.06.25,중개거래,경기 성남시 분당구,None,None,개인,개인,N
41135,11000,1,0530,0000,판교역로,41135,3179025,02,None,00145,00000,백현동,판교알파리움2단지,530,129.253,2025,6,11,230000,6,2015,41135-528,None,None,중개거래,경기 성남시 분당구,25.06.20,205,개인,개인,N
41135,10300,1,0006,0000,정자일로,41135,3180021,01,0,00248,00000,정자동,파크뷰,6,162.869,2025,6,9,270000,3,2004,41135-250,None,None,중개거래,경기 성남시 분당구,25.08.29,607,개인,개인,N
41135,10500,1,0096,0000,중앙공원로,41135,3180049,01,0,00054,00000,서현동,시범우성,96,84.6,2025,6,2,167000,14,1991,41135-100,None,None,중개거래,경기 성남시 분당구,25.09.19,220,개인,개인,N
41135,11400,1,0063,0000,미금일로,41135,3180061,03,0,00058,00000,구미동,까치마을(4단지)(선경),63,70.66,2025,6,6,124000,14,1995,41135-231,None,None,중개거래,경기 성남시 분당구,25.09.19,406,개인,개인,N
41135,10200,1,0034,0000,수내로,41135,3180039,02,0,00074,00000,수내동,양지마을(금호1),34,84.9,2025,6,4,183000,2,1992,41135-71,None,None,중개거래,"경기 성남시 분당구, 경기 수원시 영통구",25.08.06,103,개인,개인,N
41135,10800,1,0634,0000,판교원로,41135,3180052,01,0,00207,00000,판교동,판교원마을5단지(푸르지오),634,116.04,2025,6,11,189500,1,2009,41135-462,None,None,중개거래,경기 성남시 분당구,25.09.30,506,개인,개인,N
41135,11400,1,0211,0000,미금로,41135,3180016,02,0,00023,00000,구미동,무지개(1단지)(대림),211,60.72,2025,6,10,75000,10,1995,41135-180,None,None,중개거래,경기 성남시 분당구,25.09.30,105,개인,개인,N
41135,10300,1,0174,0001,정자일로,41135,3180021,01,0,00121,00000,정자동,분당더샾스타파크,174-1,116.7905,2025,6,5,167000,13,2007,41135-422,None,None,중개거래,경기 성남시 분당구,25.10.28,102,개인,개인,N
41135,10900,1,0718,0000,동판교로,41135,3178016,01,0,00226,00000,삼평동,봇들마을4단지(주공),718,84.69,2025,6,3,163000,5,2009,41135-454,None,None,중개거래,경기 성남시 분당구,25.09.10,405,개인,개인,N
41135,10500,1,0091,0000,중앙공원로,41135,3180049,01,0,00017,00000,서현동,시범한양,91,59.13,2025,6,3,129500,1,1991,41135-103,None,None,중개거래,경기 성남시 분당구,25.08.29,326,개인,개인,N
41135,10600,1,0110,0000,양현로166번길,41135,4340310,01,0,00020,00000,이매동,이매촌(동신9),110,59.49,2025,6,11,128000,9,1992,41135-91,None,None,중개거래,"경기 성남시 분당구, 경기 용인시 수지구",25.09.08,902,개인,개인,N
41135,10900,1,0718,0000,동판교로,41135,3178016,01,0,00226,00000,삼평동,봇들마을4단지(주공),718,59.84,2025,6,1,130000,2,2009,41135-454,None,None,중개거래,경기 성남시 분당구,25.07.25,409,개인,개인,N
41135,10300,1,0198,0000,불정로,41135,3180030,03,0,00179,00000,정자동,정든마을(2단지)(동아),198,48.84,2025,6,3,74000,12,1995,41135-62,None,None,중개거래,경기 성남시 분당구,25.08.28,204,개인,개인,N
41135,10900,1,0722,0000,동판교로,41135,3178016,01,0,00225,00000,삼평동,봇들마을3단지(주공),722,59.85,2025,6,9,135000,1,2009,41135-452,None,None,중개거래,경기 성남시 분당구,25.08.28,303,개인,개인,N
41135,10900,1,0705,0000,동판교로,41135,3178016,01,0,00275,00000,삼평동,봇들마을1단지(판교신미주),705,83.698,2025,6,11,152000,12,2009,41135-440,None,None,중개거래,"경기 성남시 분당구, 충남 홍성군",25.08.28,101,개인,개인,N
41135,11100,1,0125,0000,금곡로,41135,3180054,02,0,00263,00000,금곡동,청솔마을(공무원),125,58.71,2025,6,11,89300,13,1994,41135-151,None,None,중개거래,경기 성남시 분당구,25.08.11,507,개인,개인,N
41135,10700,1,0334,0000,장미로,41135,3180048,01,0,00101,00000,야탑동,장미마을(현대),334,84.79,2025,6,10,85000,4,1993,41135-139,None,None,직거래,None,25.06.12,807,개인,개인,N
41135,11400,1,0077,0000,미금로,41135,3180016,02,0,00184,00000,구미동,까치마을(1단지)(대우롯데선경),77,70.66,2025,6,8,125000,15,1995,41135-232,None,None,중개거래,경기 성남시 분당구,None,None,개인,개인,N
41135,10900,1,0718,0000,동판교로,41135,3178016,01,0,00226,00000,삼평동,봇들마을4단지(주공),718,74.45,2025,6,4,158000,17,2009,41135-454,O,25.08.26,중개거래,경기 성남시 분당구,None,None,개인,개인,N
41135,10300,1,0198,0000,불정로,41135,3180030,03,0,00195,00000,정자동,정든마을(6단지)(우성),198,48.84,2025,6,10,78200,5,1994,41135-227,O,25.06.16,중개거래,경기 성남시 분당구,None,None,개인,개인,N
41135,11100,1,0141,0000,미금로,41135,3180016,01,0,00215,00000,금곡동,청솔마을(대원),141,101.67,2025,6,6,152500,12,1994,41135-152,None,None,중개거래,경기 성남시 분당구,25.09.30,813,개인,개인,N
41135,10300,1,0112,0000,정자로,41135,3180058,01,0,00115,00000,정자동,한솔마을(5단지)(주공),112,74.91,2025,6,6,112700,5,1994,41135-223,None,None,중개거래,경기 성남시 분당구,25.09.01,507,개인,개인,N
41135,10900,1,0722,0000,동판교로,41135,3178016,01,0,00225,00000,삼평동,봇들마을3단지(주공),722,59.85,2025,6,2,145000,8,2009,41135-452,None,None,중개거래,경기 성남시 분당구,25.09.30,308,개인,개인,N
41135,10200,1,0075,0000,백현로,41135,3180022,01,0,00265,00000,수내동,푸른마을(쌍용),75,59.78,2025,6,4,100000,5,1992,41135-80,None,None,중개거래,경기 성남시 분당구,25.08.21,609,개인,개인,N
41135,10200,1,0024,0000,내정로165번길,41135,4340034,01,0,00035,00000,수내동,양지마을(5단지)(한양515-529),24,164.4,2025,6,4,267000,20,1992,41135-248,None,None,중개거래,경기 성남시 분당구,25.10.13,528,개인,개인,N
41135,10300,1,0192,0000,정자로,41135,3180058,01,0,00112,00000,정자동,정든마을(5단지)(신화),192,115.77,2025,6,11,155000,15,1995,41135-63,None,None,중개거래,경기 성남시 분당구,25.09.02,501,개인,개인,N
41135,10300,1,0181,0000,정자일로,41135,3180021,01,0,00080,00000,정자동,상록마을(임광),181,84.97,2025,6,10,145000,2,1995,41135-61,None,None,중개거래,경기 성남시 분당구,25.09.30,407,개인,개인,N
41135,11000,1,0545,0000,동판교로,41135,3178016,02,0,00122,00000,백현동,백현마을2단지,545,118.41,2025,6,1,250000,15,2009,41135-473,None,None,중개거래,"경기 성남시 분당구, 경기 용인시 수지구",25.10.23,212,개인,개인,N
41135,10100,1,0034,0000,분당로,41135,3180026,01,0,00190,00000,분당동,샛별마을(라이프),34,58.17,2025,6,4,98000,2,1992,41135-19,None,None,중개거래,경기 성남시 분당구,25.08.08,105,개인,개인,N
41135,10200,1,0073,0000,수내로,41135,3180039,02,0,00206,00000,수내동,푸른마을(신성),73,59.78,2025,6,6,103500,4,1992,41135-79,None,None,중개거래,경기 성남시 분당구,25.09.26,311,개인,개인,N
41135,10500,1,0301,0000,돌마로476번길,41135,4340061,01,0,00031,00000,서현동,효자촌(삼환),301,94.487,2025,6,9,140000,17,1992,41135-109,None,None,중개거래,경기 성남시 분당구,25.07.04,514,개인,개인,N
41135,10100,1,0038,0000,수내로,41135,3180039,01,0,00181,00000,분당동,샛별마을(우방),38,133.86,2025,6,9,182000,9,1994,41135-21,None,None,중개거래,경기 성남시 분당구,25.09.29,303,개인,개인,N
41135,10100,1,0066,0000,장안로51번길,41135,4340382,01,0,00031,00000,분당동,장안타운(건영),66,53.72,2025,6,3,72000,3,1993,41135-32,None,None,중개거래,경기 성남시 분당구,25.08.29,102,개인,개인,N
41135,10300,1,0117,0000,내정로,41135,3180003,02,0,00054,00000,정자동,한솔마을(6단지)(주공),117,58.19,2025,6,7,97000,7,1995,41135-224,O,25.06.19,중개거래,경기 성남시 분당구,None,None,개인,개인,N
41135,11100,1,0181,0000,정자일로,41135,3180021,02,0,00072,00000,금곡동,청솔마을(한라),181,58.8,2025,6,2,115000,6,1995,41135-159,O,25.09.01,중개거래,경기 성남시 분당구,None,None,개인,개인,N
41135,11100,1,0141,0000,미금로,41135,3180016,01,0,00215,00000,금곡동,청솔마을(대원),141,101.67,2025,6,2,141500,2,1994,41135-152,None,None,중개거래,"경기 성남시 분당구, 경기 용인시 수지구",25.07.31,803,개인,개인,N
41135,10600,1,0100,0000,양현로,41135,3180042,02,0,00220,00000,이매동,이매촌(삼성),100,174.67,2025,6,2,173000,4,1994,41135-92,None,None,중개거래,경기 성남시 분당구,25.09.22,1009,개인,개인,N
41135,11400,1,0077,0000,미금로,41135,3180016,02,0,00184,00000,구미동,까치마을(1단지)(대우롯데선경),77,84.79,2025,6,7,145000,6,1995,41135-232,O,25.08.07,중개거래,경기 성남시 분당구,None,None,개인,개인,N
41135,11100,1,0141,0000,미금로,41135,3180016,01,0,00215,00000,금곡동,청솔마을(대원),141,129.45,2025,6,4,160000,3,1994,41135-152,None,None,중개거래,경기 성남시 분당구,25.09.30,804,개인,개인,N
41135,10800,1,0585,0000,서판교로,41135,3180044,01,0,00029,00000,판교동,판교원마을9단지(한림풀에버),585,84.9907,2025,6,10,148500,10,2009,41135-444,None,None,중개거래,"경기 성남시 분당구, 경기 용인시 수지구",25.08.29,923,개인,개인,N
41135,10300,1,0194,0000,내정로,41135,3180003,02,0,00010,00000,정자동,정든마을(7단지)(한진),194,68.04,2025,6,6,118000,9,1994,41135-228,None,None,중개거래,경기 성남시 분당구,25.08.29,701,개인,개인,N
41135,10500,1,0091,0000,중앙공원로,41135,3180049,01,0,00017,00000,서현동,시범한양,91,134.87,2025,6,7,183000,5,1991,41135-103,None,None,중개거래,경기 성남시 분당구,25.10.17,303,개인,개인,N
41135,10200,1,0024,0000,내정로165번길,41135,4340034,01,0,00035,00000,수내동,양지마을(5단지)(한양501-514),24,35.1,2025,6,6,79500,11,1992,41135-73,None,None,중개거래,경기 성남시 분당구,25.08.25,510,개인,개인,N
41135,11000,1,0545,0000,동판교로,41135,3178016,02,0,00122,00000,백현동,백현마을2단지,545,118.94,2025,6,7,244000,22,2009,41135-473,None,None,중개거래,경기 성남시 분당구,25.10.15,203,개인,개인,N
41135,10700,1,0205,0000,양현로,41135,3180042,03,0,00537,00000,야탑동,매화마을(주공3),205,41.85,2025,6,3,54800,7,1993,41135-117,None,None,중개거래,경기 성남시 분당구,25.09.11,314,개인,개인,N
41135,10600,1,0122,0000,서현로,41135,3180034,03,0,00177,00000,이매동,이매촌(금강),122,50.82,2025,6,7,100000,15,1992,41135-89,None,None,중개거래,경기 성남시 분당구,25.07.22,107,개인,개인,N
41135,11400,1,0088,0000,미금일로,41135,3180061,03,0,00022,00000,구미동,까치마을(2단지)(주공),88,58.14,2025,6,3,96000,6,1995,41135-167,None,None,중개거래,경기 성남시 분당구,25.07.30,204,개인,개인,N
41135,10100,1,0034,0000,분당로,41135,3180026,01,0,00190,00000,분당동,샛별마을(라이프),34,58.17,2025,6,4,105000,11,1992,41135-19,None,None,중개거래,"경기 성남시 분당구, 경기 용인시 기흥구",25.08.29,105,개인,개인,N
41135,10900,1,0717,0000,판교로,41135,3180051,04,0,00393,00000,삼평동,봇들마을2단지(이지더원),717,83.392,2025,6,9,145000,8,2009,41135-441,None,None,중개거래,경기 성남시 분당구,25.08.28,212,개인,개인,N
41135,11100,1,0141,0000,미금로,41135,3180016,01,0,00215,00000,금곡동,청솔마을(대원),141,129.45,2025,6,6,169000,19,1994,41135-152,None,None,중개거래,경기 성남시 분당구,25.08.27,808,개인,개인,N
41135,10500,1,0091,0000,중앙공원로,41135,3180049,01,0,00017,00000,서현동,시범한양,91,28.71,2025,6,4,69800,12,1991,41135-103,None,None,중개거래,경기 성남시 분당구,25.08.28,328,개인,개인,N
41135,11400,1,0063,0000,미금일로,41135,3180061,03,0,00058,00000,구미동,까치마을(4단지)(롯데),63,70.66,2025,6,9,126000,4,1995,41135-164,None,None,중개거래,경기 성남시 분당구,25.09.30,415,개인,개인,N
41135,11400,1,0222,0000,구미로,41135,3180001,01,0,00100,00000,구미동,무지개(10단지)(삼성),222,101.82,2025,6,2,105000,1,1996,41135-183,None,None,중개거래,"경기 성남시 분당구, 서울 강남구",25.08.21,제1008,개인,개인,N
41135,10100,1,0034,0000,분당로,41135,3180026,01,0,00190,00000,분당동,샛별마을(라이프),34,85.0,2025,6,3,143000,13,1992,41135-19,None,None,중개거래,경기 성남시 분당구,25.11.13,110,개인,개인,N
41135,10300,1,0181,0000,정자일로,41135,3180021,01,0,00080,00000,정자동,상록마을(보성),181,48.84,2025,6,7,97000,9,1995,41135-59,O,25.06.30,중개거래,경기 성남시 분당구,None,None,개인,개인,N
41135,10200,1,0073,0000,수내로,41135,3180039,02,0,00206,00000,수내동,푸른마을(신성),73,131.4,2025,6,2,177000,4,1992,41135-79,None,None,중개거래,경기 성남시 분당구,25.10.13,301,개인,개인,N
41135,10100,1,0039,0000,수내로,41135,3180039,01,0,00201,00000,분당동,샛별마을(삼부),39,59.82,2025,6,3,104500,1,1992,41135-20,None,None,중개거래,경기 성남시 분당구,None,None,개인,개인,N
41135,10700,1,0510,0000,양현로,41135,3180042,03,0,00272,00000,야탑동,탑마을(경향),510,131.4,2025,6,9,87000,5,1993,41135-141,None,None,직거래,None,25.06.12,301,개인,개인,N
41135,10200,1,0024,0000,내정로165번길,41135,4340034,01,0,00035,00000,수내동,양지마을(5단지)(한양501-514),24,42.56,2025,6,3,102000,5,1992,41135-73,None,None,중개거래,경기 성남시 분당구,25.07.21,513,개인,개인,N
41135,11100,1,0181,0000,정자일로,41135,3180021,02,0,00072,00000,금곡동,청솔마을(한라),181,69.12,2025,6,6,125000,17,1995,41135-159,None,None,중개거래,경기 성남시 분당구,26.01.30,305,개인,개인,N
41135,10200,1,0054,0000,내정로166번길,41135,4340035,01,0,00042,00000,수내동,파크타운(삼익),54,101.835,2025,6,9,165000,2,1993,41135-76,None,None,중개거래,경기 성남시 분당구,25.09.30,118,개인,개인,N
41135,10700,1,0334,0000,장미로,41135,3180048,01,0,00101,00000,야탑동,장미마을(현대),334,59.4,2025,6,3,87500,7,1993,41135-139,None,None,중개거래,경기 성남시 분당구,25.10.31,802,개인,개인,N
41135,10600,1,0099,0000,양현로,41135,3180042,02,0,00220,00000,이매동,이매촌(삼환),99,84.93,2025,6,4,134000,7,1994,41135-93,None,None,중개거래,"경기 성남시 분당구, 경기 성남시 중원구",25.10.31,1108,개인,개인,N
41135,11100,1,0181,0000,정자일로,41135,3180021,02,0,00072,00000,금곡동,청솔마을(한라),181,58.8,2025,6,3,114400,8,1995,41135-159,O,25.09.22,중개거래,경기 성남시 분당구,None,None,개인,개인,N
41135,10600,1,0121,0000,양현로,41135,3180042,02,0,00088,00000,이매동,이매촌(동부코오롱),121,164.04,2025,6,2,200000,15,1993,41135-90,None,None,중개거래,경기 성남시 분당구,25.09.30,503,개인,개인,N
41135,11600,1,0591,0000,판교대장로7길,41135,4859967,01,None,00057,00000,대장동,판교퍼스트힐푸르지오A2,591,84.97,2025,6,3,118000,14,2021,41135-589,None,None,중개거래,"경기 성남시 분당구, 경기 용인시 기흥구",25.09.30,207,개인,개인,N
41135,11400,1,0240,0000,구미로144번길,41135,4340006,01,0,00008,00000,구미동,무지개(9단지)(동아),240,101.97,2025,6,3,100000,7,1995,41135-181,None,None,중개거래,경기 성남시 분당구,25.06.17,902,개인,개인,N
41135,11400,1,0063,0000,미금일로,41135,3180061,03,0,00058,00000,구미동,까치마을(4단지)(롯데),63,84.79,2025,6,8,144000,5,1995,41135-164,None,None,중개거래,경기 성남시 분당구,25.08.08,410,개인,개인,N
41135,11400,1,0213,0000,미금로22번길,41135,4340093,01,0,00009,00000,구미동,무지개(11단지)(금강센테리움),213,84.99,2025,6,8,90000,1,1995,41135-179,O,25.06.27,중개거래,경기 성남시 분당구,None,None,개인,개인,N
41135,10200,1,0024,0000,내정로165번길,41135,4340034,01,0,00035,00000,수내동,양지마을(5단지)(한양515-529),24,84.9,2025,6,4,181000,3,1992,41135-248,None,None,중개거래,경기 성남시 분당구,25.06.20,515,개인,개인,N
41135,10700,1,0205,0000,양현로,41135,3180042,03,0,00507,00000,야탑동,매화마을(주공3),205,38.34,2025,6,9,49500,4,1993,41135-117,None,None,중개거래,경기 성남시 분당구,25.06.09,308,개인,개인,N
41135,11100,1,0141,0000,미금로,41135,3180016,01,0,00215,00000,금곡동,청솔마을(대원),141,129.45,2025,6,9,162000,4,1994,41135-152,None,None,중개거래,경기 성남시 분당구,25.09.30,804,개인,개인,N
41135,10300,1,0112,0000,정자로,41135,3180058,01,0,00115,00000,정자동,한솔마을(5단지)(주공),112,42.75,2025,6,3,78500,4,1994,41135-223,None,None,중개거래,경기 성남시 분당구,25.07.01,503,개인,개인,N
41135,10300,1,0121,0000,내정로,41135,3180003,00,None,00055,00000,정자동,상록마을(우성)1,121,69.12,2025,6,7,170000,15,1994,41135-60,O,25.07.04,중개거래,경기 성남시 분당구,None,None,개인,개인,N
41135,10900,1,0722,0000,동판교로,41135,3178016,01,0,00225,00000,삼평동,봇들마을3단지(주공),722,59.84,2025,6,8,144800,5,2009,41135-452,None,None,중개거래,경기 성남시 분당구,25.10.20,307,개인,개인,N
41135,10900,1,0722,0000,동판교로,41135,3178016,01,0,00225,00000,삼평동,봇들마을3단지(주공),722,59.84,2025,6,8,144000,6,2009,41135-452,None,None,중개거래,경기 성남시 분당구,25.09.30,308,개인,개인,N
41135,10600,1,0124,0000,서현로,41135,3180034,03,0,00181,00000,이매동,이매촌(한신),124,66.27,2025,6,8,130000,10,1992,41135-97,None,None,중개거래,경기 성남시 분당구,25.11.03,208,개인,개인,N
41135,11400,1,0213,0000,미금로22번길,41135,4340093,01,0,00009,00000,구미동,무지개(11단지)(금강센테리움),213,84.99,2025,6,8,90000,1,1995,41135-179,O,25.06.09,중개거래,경기 성남시 분당구,None,None,개인,개인,N
41135,10800,1,0637,0000,판교원로,41135,3180052,01,0,00237,00000,판교동,판교원마을7단지(모아미래도),637,56.555,2025,6,1,117000,14,2009,41135-439,O,25.07.21,중개거래,경기 성남시 분당구,None,None,개인,개인,N
41135,10800,1,0635,0000,판교원로,41135,3180052,01,0,00209,00000,판교동,판교원마을6단지(판교대광로제비앙),635,58.14,2025,6,7,112000,17,2009,41135-446,None,None,중개거래,"경기 성남시 분당구, 경기 성남시 수정구",25.11.24,602,개인,개인,N
41135,11400,1,0088,0000,미금일로,41135,3180061,03,0,00022,00000,구미동,까치마을(2단지)(주공),88,59.98,2025,6,3,87700,1,1995,41135-167,None,None,중개거래,"경기 성남시 분당구, 경기 용인시 수지구",25.07.29,201,개인,개인,N
41135,10300,1,0111,0000,정자로,41135,3180058,01,0,00143,00000,정자동,한솔마을(2단지)(LG),111,101.85,2025,6,7,148500,10,1995,41135-66,None,None,중개거래,경기 성남시 분당구,25.08.22,202,개인,개인,N
41135,10200,1,0034,0000,수내로,41135,3180039,02,0,00074,00000,수내동,양지마을(금호1),34,84.9,2025,6,4,183000,2,1992,41135-71,O,25.06.10,중개거래,"경기 성남시 분당구, 경기 수원시 영통구",None,None,개인,개인,N
41135,11000,1,0545,0000,동판교로,41135,3178016,02,0,00122,00000,백현동,백현마을2단지,545,118.94,2025,6,7,244000,22,2009,41135-473,O,25.06.09,중개거래,경기 성남시 분당구,None,None,개인,개인,N
41135,10300,1,0197,0000,정자로,41135,3180058,01,0,00144,00000,정자동,정든마을(4단지)(우성),197,129.72,2025,6,5,149500,12,1995,41135-64,None,None,중개거래,경기 성남시 분당구,25.09.01,403,개인,개인,N
41135,11100,1,0181,0000,정자일로,41135,3180021,02,0,00072,00000,금곡동,청솔마을(한라),181,58.8,2025,6,2,112700,8,1995,41135-159,None,None,중개거래,경기 성남시 분당구,25.08.29,307,개인,개인,N
41135,10500,1,0308,0000,불정로,41135,3180030,04,0,00362,00000,서현동,효자촌(럭키),308,70.686,2025,6,7,104700,15,1994,41135-107,None,None,중개거래,경기 성남시 분당구,25.09.04,605,개인,개인,N
41135,11000,1,0545,0000,동판교로,41135,3178016,02,0,00122,00000,백현동,백현마을2단지,545,84.5,2025,6,5,215000,11,2009,41135-473,None,None,중개거래,경기 성남시 분당구,25.10.02,211,개인,개인,N
41135,10600,1,0124,0000,서현로,41135,3180034,03,0,00181,00000,이매동,이매촌(한신),124,50.1,2025,6,7,96500,11,1992,41135-97,None,None,중개거래,경기 성남시 분당구,25.08.08,203,개인,개인,N
41135,10600,1,0124,0000,서현로,41135,3180034,03,0,00181,00000,이매동,이매촌(한신),124,66.27,2025,6,5,128500,23,1992,41135-97,None,None,중개거래,경기 성남시 분당구,25.08.11,212,개인,개인,N
41135,10600,1,0124,0000,서현로,41135,3180034,03,0,00181,00000,이매동,이매촌(한신),124,50.1,2025,6,7,92500,2,1992,41135-97,O,25.06.20,중개거래,경기 성남시 분당구,None,None,개인,개인,N
41135,11000,1,0545,0000,동판교로,41135,3178016,02,0,00122,00000,백현동,백현마을2단지,545,101.91,2025,6,2,230000,6,2009,41135-473,None,None,중개거래,경기 성남시 분당구,25.09.26,211,개인,개인,N
41135,10100,1,0066,0000,장안로51번길,41135,4340382,01,0,00031,00000,분당동,장안타운(건영),66,70.68,2025,6,7,93000,6,1993,41135-32,None,None,중개거래,경기 성남시 분당구,25.09.26,101,개인,개인,N
41135,10700,1,0190,0000,돌마로,41135,3180007,04,0,00908,00000,야탑동,동원로얄듀크,190,96.59,2025,6,3,90000,4,2003,41135-237,None,None,중개거래,경기 성남시 분당구,25.08.22,102,개인,개인,N
41135,10600,1,0124,0000,서현로,41135,3180034,03,0,00181,00000,이매동,이매촌(한신),124,50.1,2025,6,7,95000,4,1992,41135-97,None,None,중개거래,경기 성남시 분당구,25.07.03,209,개인,개인,N
41135,10800,1,0637,0000,판교원로,41135,3180052,01,0,00237,00000,판교동,판교원마을7단지(모아미래도),637,80.21,2025,6,7,142000,16,2009,41135-439,None,None,중개거래,경기 성남시 분당구,25.08.19,703,개인,개인,N
41135,10300,1,0170,0001,정자일로,41135,3180021,01,0,00120,00000,정자동,삼성아데나루체,170-1,84.96,2025,6,4,154800,6,2004,41135-264,None,None,중개거래,"경기 성남시 분당구, 경기 용인시 수지구",25.09.26,C,개인,개인,N
41135,10600,1,0133,0000,탄천로,41135,3180050,01,0,00095,00000,이매동,아름마을(삼호),133,132.72,2025,6,2,163500,15,1992,41135-83,None,None,중개거래,경기 성남시 분당구,25.09.30,409,개인,개인,N
41135,11100,1,0177,0000,성남대로171번길,41135,4340260,01,0,00008,00000,금곡동,청솔마을(영남),177,84.96,2025,6,4,142000,21,1995,41135-156,None,None,중개거래,경기 성남시 분당구,26.02.02,102,개인,개인,N
41135,10300,1,0112,0000,정자로,41135,3180058,01,0,00115,00000,정자동,한솔마을(5단지)(주공),112,74.91,2025,6,6,112700,5,1994,41135-223,O,25.06.10,중개거래,경기 성남시 분당구,None,None,개인,개인,N
41135,11500,1,0921,0000,판교원로,41135,3180052,02,0,00046,00000,운중동,산운마을12단지판교센트럴포레와이시티,921,59.84,2025,6,4,120000,8,2009,41135-457,None,None,중개거래,경기 성남시 분당구,25.08.27,1202,개인,개인,N
41135,10100,1,0038,0000,수내로,41135,3180039,01,0,00181,00000,분당동,샛별마을(우방),38,57.28,2025,6,4,100000,4,1994,41135-21,None,None,중개거래,경기 성남시 분당구,25.07.21,301,개인,개인,N
41135,10300,1,0198,0000,불정로,41135,3180030,03,0,00179,00000,정자동,정든마을(2단지)(동아),198,48.84,2025,6,6,71000,8,1995,41135-62,None,None,중개거래,경기 성남시 분당구,25.07.09,201,개인,개인,N
41135,11400,1,0110,0000,미금일로,41135,3180061,03,0,00021,00000,구미동,하얀마을(5단지)(주공),110,38.07,2025,6,6,60000,4,1995,41135-207,None,None,중개거래,경기 성남시 분당구,25.07.23,505,개인,개인,N
41135,10800,1,0623,0000,판교로,41135,3180051,03,0,00030,00000,판교동,판교원마을2단지(푸르지오),623,115.09,2025,6,6,196000,6,2009,41135-459,None,None,중개거래,경기 성남시 분당구,25.09.15,203,개인,개인,N
41135,10500,1,0092,0000,중앙공원로,41135,3180049,01,0,00020,00000,서현동,시범현대,92,84.95,2025,6,3,167000,25,1991,41135-99,None,None,중개거래,"경기 성남시 분당구, 경기 용인시 수지구",25.09.26,427,개인,개인,N
41135,10700,1,0330,0000,장미로,41135,3180048,01,0,00055,00000,야탑동,장미마을(코오롱)1,330,84.6,2025,6,4,130000,6,1993,41135-138,None,None,중개거래,"경기 성남시 분당구, 서울 성동구",25.09.26,117,개인,개인,N
41135,10600,1,0142,0000,이매로,41135,3180047,01,0,00011,00000,이매동,아름마을(선경),142,83.58,2025,6,6,153000,14,1993,41135-84,None,None,중개거래,경기 성남시 수정구,25.07.29,601,개인,개인,N
41135,10300,1,0011,0000,정자일로213번길,41135,4340130,01,0,00005,00000,정자동,현대I-PARK3,11,84.92,2025,6,4,164000,23,2003,41135-240,None,None,중개거래,경기 성남시 분당구,25.10.31,301,개인,개인,N
41135,10600,1,0124,0000,서현로,41135,3180034,03,0,00181,00000,이매동,이매촌(한신),124,50.1,2025,6,6,102000,14,1992,41135-97,None,None,중개거래,경기 성남시 분당구,25.09.22,209,개인,개인,N
41135,10300,1,0102,0000,백현로,41135,3180022,02,0,00206,00000,정자동,한솔마을(4단지)(주공),102,35.28,2025,6,3,60000,12,1994,41135-67,None,None,중개거래,경기 성남시 분당구,25.08.26,417,개인,개인,N
41135,10900,1,0705,0000,동판교로,41135,3178016,01,0,00275,00000,삼평동,봇들마을1단지(판교신미주),705,83.698,2025,6,4,149000,9,2009,41135-440,O,25.09.02,중개거래,"경기 성남시 분당구, 경기 수원시 영통구",None,None,개인,개인,N
41135,10600,1,0124,0000,서현로,41135,3180034,03,0,00181,00000,이매동,이매촌(한신),124,50.1,2025,6,3,96000,4,1992,41135-97,None,None,중개거래,경기 성남시 분당구,25.10.23,210,개인,개인,N
41135,10700,1,0334,0000,장미로,41135,3180048,01,0,00101,00000,야탑동,장미마을(현대),334,75.188,2025,6,6,103000,6,1993,41135-139,None,None,중개거래,경기 성남시 분당구,25.07.18,808,개인,개인,N
41135,10500,1,0091,0000,중앙공원로,41135,3180049,01,0,00017,00000,서현동,시범한양,91,59.13,2025,6,6,133000,5,1991,41135-103,None,None,중개거래,경기 성남시 분당구,25.08.28,326,개인,개인,N
41135,10300,1,0112,0000,정자로,41135,3180058,01,0,00115,00000,정자동,한솔마을(5단지)(주공),112,41.85,2025,6,6,59900,3,1994,41135-223,None,None,중개거래,경기 성남시 분당구,25.09.05,504,개인,개인,N
41135,10900,1,0718,0000,동판교로,41135,3178016,01,0,00226,00000,삼평동,봇들마을4단지(주공),718,59.84,2025,6,6,137000,16,2009,41135-454,None,None,중개거래,경기 성남시 분당구,25.08.19,410,개인,개인,N
41135,10900,1,0722,0000,동판교로,41135,3178016,01,0,00225,00000,삼평동,봇들마을3단지(주공),722,59.84,2025,6,1,144000,9,2009,41135-452,None,None,중개거래,경기 성남시 분당구,25.08.29,301,개인,개인,N
41135,11400,1,0077,0000,미금로,41135,3180016,02,0,00184,00000,구미동,까치마을(1단지)(대우롯데선경),77,70.66,2025,6,6,121500,1,1995,41135-232,None,None,중개거래,경기 성남시 분당구,25.10.20,111,개인,개인,N
41135,11500,1,0949,0000,판교원로81번길,41135,4340479,01,0,00015,00000,운중동,산운마을10단지(대광로제비앙),949,59.941,2025,6,1,125500,8,2009,41135-443,O,25.06.11,중개거래,경기 성남시 분당구,None,None,개인,개인,N
41135,11500,1,0921,0000,판교원로,41135,3180052,02,0,00046,00000,운중동,산운마을12단지판교센트럴포레와이시티,921,59.84,2025,6,4,120000,8,2009,41135-457,O,25.06.06,중개거래,경기 성남시 분당구,None,None,개인,개인,N
41135,10700,1,0147,0000,판교로743번길,41135,4340541,01,0,00007,00000,야탑동,목련마을SK,147,59.93,2025,6,5,60000,13,1998,41135-130,None,None,중개거래,경기 성남시 분당구,25.10.15,605,개인,개인,N
41135,10700,1,0215,0000,장미로,41135,3180048,01,0,00139,00000,야탑동,매화마을공무원2,215,58.71,2025,6,3,64500,1,1995,41135-120,None,None,중개거래,경기 성남시 분당구,25.08.25,209,개인,개인,N
41135,10900,1,0742,0000,동판교로,41135,3178016,01,0,00153,00000,삼평동,봇들마을8단지(주공),742,84.61,2025,6,3,228000,8,2009,41135-468,None,None,중개거래,경기 성남시 분당구,25.08.29,804,개인,개인,N
41135,10300,1,0102,0000,백현로,41135,3180022,02,0,00206,00000,정자동,한솔마을(4단지)(주공),102,36.0,2025,6,5,58800,9,1994,41135-67,None,None,중개거래,경기 성남시 분당구,25.08.08,413,개인,개인,N
41135,11500,1,0958,0000,산운로,41135,3180031,01,0,00126,00000,운중동,산운마을9단지(대방노블랜드),958,59.93,2025,6,2,124500,7,2008,41135-435,None,None,중개거래,경기 성남시 분당구,25.07.15,903,개인,개인,N
41135,10300,1,0181,0000,정자일로,41135,3180021,01,0,00080,00000,정자동,상록마을(임광),181,84.97,2025,6,3,146800,10,1995,41135-61,None,None,중개거래,경기 화성시,25.11.24,405,개인,개인,N
41135,11400,1,0211,0000,미금로,41135,3180016,02,0,00023,00000,구미동,무지개(1단지)(대림),211,60.72,2025,6,5,76000,13,1995,41135-180,None,None,중개거래,경기 성남시 분당구,25.11.24,106,개인,개인,N
41135,11400,1,0077,0000,미금로,41135,3180016,02,0,00184,00000,구미동,까치마을(1단지)(대우롯데선경),77,70.66,2025,6,3,123000,3,1995,41135-232,None,None,중개거래,경기 성남시 분당구,25.09.19,110,개인,개인,N
41135,11400,1,0077,0000,미금로,41135,3180016,02,0,00184,00000,구미동,까치마을(1단지)(대우롯데선경),77,70.66,2025,6,2,118750,18,1995,41135-232,None,None,중개거래,경기 성남시 분당구,25.08.18,109,개인,개인,N
41135,10700,1,0201,0000,매화로,41135,3180012,01,0,00092,00000,야탑동,매화마을공무원1,201,49.67,2025,6,2,68000,10,1995,41135-119,None,None,중개거래,경기 성남시 분당구,25.10.31,105,개인,개인,N
41135,11400,1,0202,0000,구미로,41135,3180001,01,0,00050,00000,구미동,무지개(2단지)(엘지),202,101.85,2025,6,3,126000,9,1995,41135-185,None,None,중개거래,경기 성남시 분당구,25.10.01,206,개인,개인,N
41135,11000,1,0545,0000,동판교로,41135,3178016,02,0,00122,00000,백현동,백현마을2단지,545,84.5,2025,6,2,210000,7,2009,41135-473,None,None,중개거래,경기 성남시 분당구,25.09.01,201,개인,개인,N
41135,10300,1,0110,0000,불정로,41135,3180030,03,0,00219,00000,정자동,한솔마을(1단지)(청구),110,49.35,2025,6,2,82000,12,1994,41135-68,None,None,중개거래,경기 성남시 분당구,25.09.04,105,개인,개인,N
41135,10500,1,0301,0000,불정로,41135,3180030,04,0,00361,00000,서현동,효자촌(삼환),301,46.065,2025,6,2,72500,2,1992,41135-109,O,25.06.10,중개거래,경기 성남시 분당구,None,None,개인,개인,N
41135,10300,1,0198,0000,불정로,41135,3180030,03,0,00195,00000,정자동,정든마을(6단지)(우성),198,48.84,2025,6,3,75000,4,1994,41135-227,None,None,중개거래,경기 성남시 분당구,25.07.30,614,개인,개인,N
41135,10300,1,0169,0001,성남대로,41135,2000005,02,0,00275,00000,정자동,아데나팰리스,169-1,139.13,2025,6,3,189000,19,2003,41135-245,None,None,중개거래,경기 성남시 분당구,25.09.30,아데나팰리스C,개인,개인,N
41135,11400,1,0063,0000,미금일로,41135,3180061,03,0,00058,00000,구미동,까치마을(4단지)(선경),63,51.32,2025,6,3,90000,7,1995,41135-231,None,None,중개거래,경기 성남시 분당구,25.12.31,402,개인,개인,N
41135,10700,1,0525,0000,판교로,41135,3180051,02,0,00519,00000,야탑동,탑마을(경남)1,525,84.91,2025,6,3,111000,4,1994,41135-140,None,None,중개거래,경기 성남시 분당구,25.06.30,706,개인,개인,N
41135,10900,1,0718,0000,동판교로,41135,3178016,01,0,00226,00000,삼평동,봇들마을4단지(주공),718,84.69,2025,6,3,163000,11,2009,41135-454,None,None,중개거래,"경기 성남시 분당구, 경기 용인시 수지구",25.09.04,407,개인,개인,N
41135,11400,1,0211,0000,미금로,41135,3180016,02,0,00023,00000,구미동,무지개(1단지)(대림),211,84.97,2025,6,2,99700,6,1995,41135-180,None,None,중개거래,경기 성남시 분당구,25.09.10,107,개인,개인,N
41135,10500,1,0308,0000,불정로,41135,3180030,04,0,00362,00000,서현동,효자촌(화성),308,70.686,2025,6,2,110000,4,1994,41135-112,None,None,중개거래,"경기 성남시 분당구, 서울 강서구",25.11.20,609,개인,개인,N
41135,10500,1,0301,0000,불정로,41135,3180030,04,0,00361,00000,서현동,효자촌(삼환),301,46.065,2025,6,3,72800,1,1992,41135-109,O,25.06.09,중개거래,경기 성남시 분당구,None,None,개인,개인,N
41135,11400,1,0063,0000,미금일로,41135,3180061,03,0,00058,00000,구미동,까치마을(4단지)(롯데),63,84.79,2025,6,3,132000,1,1995,41135-164,O,25.06.24,중개거래,경기 성남시 분당구,None,None,개인,개인,N
41135,10300,1,0181,0000,정자일로,41135,3180021,01,0,00080,00000,정자동,상록마을(임광),181,84.97,2025,6,2,143000,6,1995,41135-61,None,None,중개거래,경기 성남시 분당구,25.09.04,405,개인,개인,N
41135,11400,1,0063,0000,미금일로,41135,3180061,03,0,00058,00000,구미동,까치마을(4단지)(롯데),63,84.79,2025,6,3,145000,15,1995,41135-164,None,None,중개거래,경기 성남시 분당구,25.09.26,414,개인,개인,N
41135,11000,1,0545,0000,동판교로,41135,3178016,02,0,00122,00000,백현동,백현마을2단지,545,84.67,2025,6,3,190000,2,2009,41135-473,None,None,중개거래,경기 성남시 분당구,25.07.01,203,개인,개인,N
41135,10600,1,0121,0000,양현로,41135,3180042,02,0,00088,00000,이매동,이매촌(동부코오롱),121,164.04,2025,6,2,200000,15,1993,41135-90,O,25.06.09,중개거래,경기 성남시 분당구,None,None,개인,개인,N
41135,10600,1,0123,0000,양현로94번길,41135,4340315,01,0,00029,00000,이매동,이매촌(청구),123,84.99,2025,6,2,165000,4,1992,41135-96,None,None,중개거래,"경기 성남시 분당구, 서울 강서구",25.11.20,610,개인,개인,N
41135,11100,1,0143,0000,미금로,41135,3180016,01,0,00251,00000,금곡동,청솔마을(성원),143,134.67,2025,6,2,160000,3,1994,41135-155,None,None,중개거래,경기 성남시 분당구,25.09.04,709,개인,개인,N
41135,10900,1,0744,0000,동판교로,41135,3178016,01,0,00156,00000,삼평동,봇들마을9단지(금호어울림),744,101.09,2025,6,2,232000,9,2009,41135-455,None,None,중개거래,경기 성남시 분당구,25.07.10,902,개인,개인,N
41135,11400,1,0077,0000,미금로,41135,3180016,02,0,00184,00000,구미동,까치마을(1단지)(대우롯데선경),77,134.83,2025,6,1,167000,16,1995,41135-232,None,None,중개거래,경기 성남시 분당구,25.09.26,114,개인,개인,N
41135,11000,1,0531,0000,대왕판교로606번길,41135,4340053,00,None,00010,00000,백현동,판교알파리움1단지,531,123.339,2025,6,1,258000,9,2015,41135-529,None,None,중개거래,경기 성남시 분당구,25.08.29,104,개인,개인,N
41135,11000,1,0542,0000,동판교로,41135,3178016,02,0,00123,00000,백현동,판교푸르지오그랑블,542,98.986,2025,6,1,264000,10,2011,41135-497,None,None,중개거래,경기 성남시 분당구,25.09.10,108,개인,개인,N
41135,11400,1,0063,0000,미금일로,41135,3180061,03,0,00058,00000,구미동,까치마을(4단지)(롯데),63,51.32,2025,6,1,87000,2,1995,41135-164,None,None,중개거래,경기 성남시 분당구,25.09.12,401,개인,개인,N
41135,10900,1,0742,0000,동판교로,41135,3178016,01,0,00153,00000,삼평동,봇들마을8단지(주공),742,84.5,2025,6,1,229000,4,2009,41135-468,None,None,중개거래,"경기 성남시 분당구, 서울 강서구",25.09.10,806,개인,개인,N
