rnum,platPlc,sigunguCd,bjdongCd,platGbCd,bun,ji,mgmPmsrgstPk,bldNm,splotNm,block,lot,jimokCdNm,jiyukCdNm,jiguCdNm,guyukCd,guyukCdNm,jimokCd,jiyukCd,jiguCd,archGbCd,archGbCdNm,platArea,archArea,bcRat,totArea,vlRatEstmTotArea,vlRat,mainBldCnt,atchBldDongCnt,mainPurpsCd,mainPurpsCdNm,hhldCnt,hoCnt,fmlyCnt,totPkngCnt,stcnsSchedDay,stcnsDelayDay,realStcnsDay,archPmsDay,useAprDay,crtnDay
1,경기도 성남시 분당구 백현동 132-190번지,41135,11000,0,0132,0190,1089100059345, , , , ,답, , , , ,02, , , , ,1682.0,45.0,0.0,45.0,0.0,0.0,0,0, , ,0,0,0,0, , , ,20190716, ,20220909
2,경기도 성남시 분당구 백현동 144번지,41135,11000,0,0144,0000,108915616, ,외 3필지,144, , , , , , , , , , , ,3042.217,901.44,0.0,901.44,0.0,0.0,0,0, , ,0,0,0,0, , , ,20060612, ,20220909
3,경기도 성남시 분당구 백현동 144번지,41135,11000,0,0144,0000,108915617, ,외 3필지, , , , , , , , , , , , ,3042.217,72.0,0.0,72.0,0.0,0.0,0,0, , ,0,0,0,0, , , ,20060612, ,20220909
4,경기도 성남시 분당구 백현동 165번지,41135,11000,0,0165,0000,108915596, , , , , , , , , , , , , , ,1679.0,757.44,0.0,757.44,0.0,0.0,0,0, , ,0,0,0,0, , , ,20060329, ,20220909
5,경기도 성남시 분당구 백현동 165번지,41135,11000,0,0165,0000,108915618, , , , , , , , , , , , , , ,1862.0,705.48,0.0,705.48,0.0,0.0,0,0, , ,0,0,0,0, , , ,20060620, ,20220909
6,경기도 성남시 분당구 백현동 165번지,41135,11000,0,0165,0000,108915615, , , , , , , , , , , , , , ,1000.0,411.76,0.0,411.76,0.0,0.0,0,0, , ,0,0,0,0, , , ,20060612, ,20220909
7,경기도 성남시 분당구 백현동 168-10번지,41135,11000,0,0168,0010,1089100011309, , , , ,대,제1종일반주거지역, ,301,제1종지구단위계획구역,08,1021, , , ,271.0,18.0,0.0,18.0,0.0,0.0,0,0, , ,0,0,0,0, , , ,20091001, ,20220909
8,경기도 성남시 분당구 백현동 172-2번지,41135,11000,0,0172,0002,108915619, ,외 3필지, , , , , , , , , , , , ,500.0,197.28,0.0,197.28,0.0,0.0,0,0, , ,0,0,0,0, , , ,20060620, ,20220909
9,경기도 성남시 분당구 백현동 173-16번지,41135,11000,0,0173,0016,108915595, ,경기도 성남시 분당구 백현동,173,16, , , , , , , , , , ,3000.0,584.64,0.0,584.64,0.0,0.0,0,0, , ,0,0,0,0, , , ,20060329, ,20220909
10,경기도 성남시 분당구 백현동 173-16번지,41135,11000,0,0173,0016,1089100005881, , , , ,대, , , , ,08, , , , ,20.0,18.0,0.0,36.0,0.0,0.0,0,0, , ,0,0,0,0, , , ,20080620, ,20220909
11,경기도 성남시 분당구 백현동 173-16번지,41135,11000,0,0173,0016,1089100006507, , , , ,대, , , , ,08, , , , ,600.0,135.0,0.0,135.0,0.0,0.0,0,0, , ,0,0,0,0, , , ,20081015, ,20220909
12,경기도 성남시 분당구 백현동 173-16번지,41135,11000,0,0173,0016,108915661, , , , , , , , , , , , , , ,3000.0,45.0,0.0,45.0,0.0,0.0,0,0, , ,0,0,0,0, , , ,20061127, ,20220909
13,경기도 성남시 분당구 백현동 194-1번지,41135,11000,0,0194,0001,108915650, ,외 5필지, , , , , , , , , , , , ,3819.06,580.01,0.0,580.01,0.0,0.0,0,0, , ,0,0,0,0, , , ,20060907, ,20220909
14,경기도 성남시 분당구 백현동 196-2번지,41135,11000,0,0196,0002,108915664, , , , , , , , , , , , , , ,5007.31,132.0,0.0,132.0,0.0,0.0,0,0, , ,0,0,0,0, , , ,20061207, ,20220909
15,경기도 성남시 분당구 백현동 196-5번지,41135,11000,0,0196,0005,1089100005836, , , , ,창고용지, , , , ,13, , , , ,2847.3,144.0,0.0,144.0,0.0,0.0,0,0, , ,0,0,0,0, , , ,20080618, ,20220909
16,경기도 성남시 분당구 백현동 198-1번지,41135,11000,0,0198,0001,108915665, , , , , , , , , , , , , , ,2456.0,45.3,0.0,45.3,0.0,0.0,0,0, , ,0,0,0,0, , , ,20061208, ,20220909
17,경기도 성남시 분당구 백현동 236-4번지,41135,11000,0,0236,0004,108915766,판교신도시사업단현장사무소, , , ,전,보전녹지지역,택지개발예정지구, , ,01,1310,280,3000,가설건축물축조허가,8499.21,2147.74,25.27,5133.19,5133.19,60.4,1,0,14000,업무시설,0,0,0,105,20070803, ,20070813,20070430,20070928,20220909
18,경기도 성남시 분당구 백현동 245번지,41135,11000,0,0245,0000,108915668, , , , , , , , , , , , , , ,1653.0,414.0,0.0,711.0,0.0,0.0,0,0, , ,0,0,0,0, , , ,20061220, ,20220909
19,경기도 성남시 분당구 백현동 278-1번지,41135,11000,0,0278,0001,108915647, , , , , , , , , , , , , , ,5445.0,926.0,0.0,926.0,0.0,0.0,0,0, , ,0,0,0,0, , , ,20060904, ,20220909
20,경기도 성남시 분당구 백현동 359-1번지,41135,11000,0,0359,0001,1089100072555, , , , ,전,보전녹지지역, ,UQQ300,지구단위계획구역,01,UQA410, ,0100,신축,1173.0,176.0,15.0,176.0,176.0,15.0,0,0,03000,제1종근린생활시설,0,0,0,0,20220103, ,20220104,20211028,20220929,20220929
21,경기도 성남시 분당구 백현동 359-1번지,41135,11000,0,0359,0001,1000000000000000302611, , , , ,대,보전녹지지역, ,UQQ300,지구단위계획구역,08,UQA410, ,0200,증축,2641.0,422.4,16.0,352.0,352.0,13.33,2,0,03000,제1종근린생활시설,0,2,0,0,20230719, ,20230731,20230525,20231205,20231205
22,경기도 성남시 분당구 백현동 366-1번지,41135,11000,0,0366,0001,108913791,1, , , ,전,자연녹지지역, , , ,01,1330, ,0100,신축,103.0,20.4,19.81,40.8,40.8,39.61,1,0,04000,제2종근린생활시설,0,0,0,0,20020709, ,20020709,20020626,20021025,20220909
23,경기도 성남시 분당구 백현동 366-1번지,41135,11000,0,0366,0001,1089100024080, , , , ,주유소용지, , , , ,12, , , , ,0.0,0.0,0.0,0.0,0.0,0.0,0,0, , ,0,0,0,0, , , ,20120216, ,20220909
24,경기도 성남시 분당구 백현동 366-2번지,41135,11000,0,0366,0002,1089100011925, , , , ,대, , , , ,08, , , , ,0.0,0.0,0.0,0.0,0.0,0.0,0,0, , ,0,0,0,0, , , ,20091124, ,20220909
25,경기도 성남시 분당구 백현동 366-2번지,41135,11000,0,0366,0002,1089100004874,백현동 366-2 제1종근린생활시설 (김경희), , , ,전,자연녹지지역, , , ,01,1330, ,0100,신축,46.0,8.28,18.0,8.28,8.28,18.0,1,0,03000,제1종근린생활시설,0,0,0,0,20080315, ,20080313,20080228,20080516,20220909
26,경기도 성남시 분당구 백현동 366-2번지,41135,11000,0,0366,0002,1089100013044, , , , ,대, , , , ,08, , , , ,0.0,0.0,0.0,0.0,0.0,0.0,0,0, , ,0,0,0,0, , , ,20100211, ,20220909
27,경기도 성남시 분당구 백현동 366-7번지,41135,11000,0,0366,0007,108912959,백현동다가구, , , ,답,도시지역, , , ,02,0100, ,0100,신축,562.0,112.13,19.95,531.02,422.05,75.1,1,0,01000,단독주택,0,0,19,8,20030704,20020930,20030704,20010727,20071217,20220909
28,경기도 성남시 분당구 백현동 366-8번지,41135,11000,0,0366,0008,1089100010919, , , , ,대, , , , ,08, , , , ,0.0,0.0,0.0,0.0,0.0,0.0,0,0, , ,0,0,0,0, , , ,20090904, ,20220909
29,경기도 성남시 분당구 백현동 366-8번지,41135,11000,0,0366,0008,108911554,k.J빌딩, , , ,전,자연녹지지역, , , ,01,1330, ,0100,신축,419.0,68.33,16.31,400.56,272.82,65.11,1,0,03000,제1종근린생활시설,0,0,0,2,20041203, , ,20041008,20050531,20220909
30,경기도 성남시 분당구 백현동 366-10번지,41135,11000,0,0366,0010,1089100011014, , , , ,주유소용지, , , , ,12, , , , ,0.0,0.0,0.0,0.0,0.0,0.0,0,0, , ,0,0,0,0, , , ,20090911, ,20220909
31,경기도 성남시 분당구 백현동 366-10번지,41135,11000,0,0366,0010,1089100024173,분당로  주유소, , , ,대,자연녹지지역, , , ,08,UQA430, ,0200,증축,1811.0,361.59,19.97,727.636,618.806,34.17,2,0,19000,위험물저장및처리시설,0,0,0,0,20120305, ,20120305,20120220,20120605,20220909
32,경기도 성남시 분당구 백현동 366-10번지,41135,11000,0,0366,0010,108913251,분당로 주유소, , , ,잡종지,자연녹지지역, , , ,28,1330, ,0600,대수선,1353.0,269.88,19.95,524.58,389.83,28.81,2,0,19000,위험물저장및처리시설,0,0,0,2,20011202, ,20011130,20011128,20020209,20220909
33,경기도 성남시 분당구 백현동 366-10번지,41135,11000,0,0366,0010,1089100010758,백현동 366-10 위험물저장및처리시설 ((주)한미석유), , , ,주유소용지,자연녹지지역, , , ,12,1330, ,0200,증축,1708.0,326.33,19.1,632.12,523.29,30.63,2,0,19000,위험물저장및처리시설,0,0,0,0,20090904, ,20090904,20090825,20100118,20220909
34,경기도 성남시 분당구 백현동 366-10번지,41135,11000,0,0366,0010,1089100024690, , , , ,주유소용지, , , , ,12, , , , ,1811.0,18.0,0.0,18.0,0.0,0.0,0,0, , ,0,0,0,0, , , ,20120320, ,20220909
35,경기도 성남시 분당구 백현동 366-11번지,41135,11000,0,0366,0011,1089100064472,백현동 366-11, , , ,답,도시지역,비행안전제2구역(전술),ZQ0001,중점경관관리구역,02,UQA001,UNE412,0100,신축,658.0,131.04,19.92,255.78,255.78,38.87,1,0,03000,제1종근린생활시설,0,0,1,0,20200731, ,20200731,20200624,20210106,20220909
36,경기도 성남시 분당구 백현동 367-1번지,41135,11000,0,0367,0001,108912885,., , , ,임야,보전녹지지역, , , ,05,1310, ,0100,신축,1510.0,299.88,19.86,899.64,899.64,59.58,1,0,03000,제1종근린생활시설,0,0,0,6,20020401, ,20020401,20010704,20030217,20220909
37,경기도 성남시 분당구 백현동 367-1번지,41135,11000,0,0367,0001,1089100072636, , , , ,대, , , , ,08, , , , ,1326.0,3.75,0.0,3.75,0.0,0.0,0,0, , ,0,0,0,0, , , ,20211101, ,20241105
38,경기도 성남시 분당구 백현동 367-1번지,41135,11000,0,0367,0001,1089100054439, , , , ,대,도시지역,비행안전제2구역(전술),UQQ300,지구단위계획구역,08,UQA001,UNE412, , ,1326.0,3.75,0.0,3.75,0.0,0.0,0,0, , ,0,0,0,0, , , ,20180919, ,20220909
39,경기도 성남시 분당구 백현동 367-1번지,41135,11000,0,0367,0001,1089100053740, , , , ,대,보전녹지지역, , , ,08,UQA410, ,0700,용도변경,1326.0,299.88,22.62,899.64,899.64,67.85,1,0,04000,제2종근린생활시설,0,0,0,0, , , ,20180801,20180813,20220909
40,경기도 성남시 분당구 백현동 367-2번지,41135,11000,0,0367,0002,108912930,., , , ,임야,보전녹지지역, , , ,05,1310, ,0100,신축,871.0,164.98,18.94,659.92,659.92,75.77,1,0,03000,제1종근린생활시설,0,0,0,3,20020401, ,20020401,20010704,20030617,20220909
41,경기도 성남시 분당구 백현동 367-2번지,41135,11000,0,0367,0002,1089100053741, , , , ,대,자연녹지지역, ,UQQ300,지구단위계획구역,08,UQA430, ,0700,용도변경,819.0,164.98,20.14,659.92,659.92,80.58,1,0,04000,제2종근린생활시설,0,0,0,0, , , ,20180801, ,20220909
42,경기도 성남시 분당구 백현동 367-8번지,41135,11000,0,0367,0008,1000000000000000658924, , , , ,임야,자연녹지지역, , , ,05,UQA430, , , ,0.0,0.0,0.0,0.0,0.0,0.0,0,0, , ,0,0,0,0, , , ,20250203, ,20250203
43,경기도 성남시 분당구 백현동 367-9번지,41135,11000,0,0367,0009,1000000000000000658923,백현동 367-9  단독주택, , , ,임야,자연녹지지역, , , ,05,UQA430, ,0100,신축,453.0,87.73,19.37,157.25,157.25,34.71,1,0,01000,단독주택,0,0,1,0, , , ,20250203, ,20260210
44,경기도 성남시 분당구 백현동 367-9번지,41135,11000,0,0367,0009,1000000000000000887666, , , , ,임야,자연녹지지역, , , ,05,UQA430, , , ,0.0,0.0,0.0,0.0,0.0,0.0,0,0, , ,0,0,0,0, , , ,20260210, ,20260210
45,경기도 성남시 분당구 백현동 368번지,41135,11000,0,0368,0000,108915049,분당월드모터스, , , ,대,자연녹지지역,자연취락지구, , ,08,1330,011,0200,증축,3448.0,807.78,23.43,1619.87,1619.87,46.98,2,0,20000,자동차관련시설,0,0,0,7,20050608, ,20050620,20050531,20050921,20220909
46,경기도 성남시 분당구 백현동 368번지,41135,11000,0,0368,0000,1089100005549,한성자동차 백현동 정비공장, , , ,대, ,자연취락지구, , ,08, ,011,0200,증축,3448.0,818.54,23.74,2189.48,2189.48,63.5,2,0,20000,자동차관련시설,0,0,0,0,20080519, ,20080516,20080513,20081127,20220909
47,경기도 성남시 분당구 백현동 368번지,41135,11000,0,0368,0000,108914566,백현동정비공장, , , ,전,자연녹지지역,자연취락지구, , ,01,1330,011,0100,신축,2902.0,708.42,24.41,930.06,930.06,32.05,3,0,04000,제2종근린생활시설,0,0,0,0,20040501, ,20040430,20040216,20041028,20220909
48,경기도 성남시 분당구 백현동 370번지,41135,11000,0,0370,0000,1089100065255,isola, , , ,대,도시지역,자연취락지구,UNE412, ,08,UQA001,UQM110,0100,신축,344.0,118.72,34.51,331.75,331.75,96.44,1,0,02000,공동주택,4,0,0,0,20200921, ,20200924,20200819,20220630,20220909
49,경기도 성남시 분당구 백현동 370-2번지,41135,11000,0,0370,0002,1089100060973,판교테라스힐1, , , ,대,자연녹지지역,자연취락지구, , ,08,UQA430,UQM110,0100,신축,556.0,199.66,35.91,955.72,555.92,99.99,1,0,02000,공동주택,8,0,0,0,20200204, ,20200206,20191022,20201120,20220909
50,경기도 성남시 분당구 백현동 370-2번지,41135,11000,0,0370,0002,1089100059705, , , , ,대, , , , ,08, , , , ,0.0,0.0,0.0,0.0,0.0,0.0,0,0, , ,0,0,0,0, , , ,20190802, ,20220909
51,경기도 성남시 분당구 백현동 370-3번지,41135,11000,0,0370,0003,1089100059706, , , , ,대, , , , ,08, , , , ,0.0,0.0,0.0,0.0,0.0,0.0,0,0, , ,0,0,0,0, , , ,20190802, ,20220909
52,경기도 성남시 분당구 백현동 370-5번지,41135,11000,0,0370,0005,108915728,., , , ,대,자연녹지지역,자연취락지구, , ,08,1330,011,0100,신축,268.0,107.03,39.94,307.73,203.71,76.01,1,0,01000,단독주택,0,0,5,5,20070825, ,20070822,20070813,20080103,20220909
53,경기도 성남시 분당구 백현동 373번지,41135,11000,0,0373,0000,1089100006018, , , , ,전,보전녹지지역, , , ,01,1310, ,0100,신축,202.0,39.99,19.8,39.69,39.69,19.65,1,0,03000,제1종근린생활시설,0,0,0,0, , ,20080805,20080710,20101215,20220909
54,경기도 성남시 분당구 백현동 373-1번지,41135,11000,0,0373,0001,1089693,동양 라샹스, , , ,전,자연녹지지역,자연취락지구, , ,01,1330,011,0100,신축,3375.0,983.3,29.13,4902.58,2680.6,79.42,2,1,02000,공동주택,17,0,0,41,20070731, ,20070731,20070604,20081114,20220909
55,경기도 성남시 분당구 백현동 373-5번지,41135,11000,0,0373,0005,1000000000000000591283, , , , ,대,도시지역,자연취락지구, , ,08,UQA001,UQM110, , ,0.0,0.0,0.0,0.0,0.0,0.0,0,0, , ,0,0,0,0, , , ,20240926, ,20240926
56,경기도 성남시 분당구 백현동 373-5번지,41135,11000,0,0373,0005,1000000000000000591282, , , , ,임야,도시지역,자연취락지구, , ,05,UQA001,UQM110,0100,신축,1675.0,226.52,13.52,496.28,496.28,29.63,1,0,04000,제2종근린생활시설,0,0,0,0, ,20270831, ,20240926, ,20260413
57,경기도 성남시 분당구 백현동 373-6번지,41135,11000,0,0373,0006,1089100005930,한국외국인학교, , , ,학교용지,보전녹지지역, , , ,10,1310, ,0200,증축,29589.0,5023.11,16.9763,38626.34,20676.49,69.879,1,3,10000,교육연구시설,0,0,0,0,20080708, ,20080709,20080626,20090629,20220909
58,경기도 성남시 분당구 백현동 373-6번지,41135,11000,0,0373,0006,1089100059126,외국인학교, , , ,대,자연녹지지역, , , ,08,UQA430, ,0600,대수선,29589.0,5023.11,19.68,38626.34,21060.19,69.88,1,3,10000,교육연구시설,0,0,0,0,20210601,20210703,20210527,20190704,20210820,20220909
59,경기도 성남시 분당구 백현동 374번지,41135,11000,0,0374,0000,1089100039350,백현동 374 (우리들교회), , , ,대, , , , ,08, , ,0200,증축,2632.0,489.06,18.5813,489.06,489.06,18.5813,1,0,03000,제1종근린생활시설,0,0,0,0,20141216, ,20141215,20141204,20150116,20220909
60,경기도 성남시 분당구 백현동 374번지,41135,11000,0,0374,0000,1000000000000000048574,백현동 374 제1종근린생활시설 (우리들교회), , , ,대,보전녹지지역, , , ,08,UQA410, ,0100,신축,875.0,164.96,18.85,494.88,494.88,56.56,1,0,03000,제1종근린생활시설,0,0,0,0,20230810, ,20230817,20220929,20250311,20250311
61,경기도 성남시 분당구 백현동 374번지,41135,11000,0,0374,0000,108915020,., , , ,답,보전녹지지역,자연취락지구, , ,02,1310,011,0100,신축,2775.0,460.8,16.61,460.8,460.8,16.61,1,0,03000,제1종근린생활시설,0,0,0,3,20060311, ,20060310,20051223,20090911,20220909
62,경기도 성남시 분당구 백현동 374번지,41135,11000,0,0374,0000,108914900, , , , , , , , , , , , , , ,2187.0,216.0,0.0,216.0,0.0,0.0,0,0, , ,0,0,0,0, , , ,20041123, ,20220909
63,경기도 성남시 분당구 백현동 374-2번지,41135,11000,0,0374,0002,1089100009071, , , , ,답,자연녹지지역,자연취락지구, , ,02,1330,011,0100,신축,76.0,29.7,39.08,49.4,49.4,65.0,1,0,01000,단독주택,0,0,1,0,20091016, ,20091016,20090519,20171206,20220909
64,경기도 성남시 분당구 백현동 374-5번지,41135,11000,0,0374,0005,108914996,., , , ,답,보전녹지지역,자연취락지구, , ,02,1310,011,0100,신축,629.0,101.2,16.09,101.2,101.2,16.09,1,0,03000,제1종근린생활시설,0,0,0,4,20050903, ,20050905,20050803,20090911,20220909
65,경기도 성남시 분당구 백현동 374-6번지,41135,11000,0,0374,0006,1089100077856,백현동 374-6 제1종근린생활시설 (우리들교회), , , ,대,보전녹지지역,자연취락지구, , ,08,UQA410,UQM110,0100,신축,768.0,153.36,19.97,453.91,453.91,59.1,1,0,03000,제1종근린생활시설,0,0,0,0,20230810, ,20230817,20220908,20250311,20250311
66,경기도 성남시 분당구 백현동 374-6번지,41135,11000,0,0374,0006,1089100039349, , , , ,대, , , , ,08, , ,0200,증축,772.0,116.39,15.0764,116.39,116.39,15.0764,1,0,03000,제1종근린생활시설,0,0,0,0,20141216, ,20141215,20141204,20150116,20220909
67,경기도 성남시 분당구 백현동 374-11번지,41135,11000,0,0374,0011,1000000000000000340543, , , , ,대,도시지역,비행안전제2구역(전술),UOA120,상대보호구역,08,UQA001,UNE412, , ,1676.0,27.0,0.0,27.0,0.0,0.0,0,0, , ,0,0,0,0, , , ,20230720, ,20250922
68,경기도 성남시 분당구 백현동 374-11번지,41135,11000,0,0374,0011,1000000000000000048572,백현동 374 제1종근린생활시설 (재단법인 큐티선교회), , , ,대,보전녹지지역, , , ,08,UQA410, ,0100,신축,1676.0,321.92,19.2076,955.12,805.23,48.0447,2,0,03000,제1종근린생활시설,0,0,1,0,20230810, ,20230817,20220929,20250311,20250311
69,경기도 성남시 분당구 백현동 375-12번지,41135,11000,0,0375,0012,1089100052820,., , , ,답,보전녹지지역, , , ,02,UQA410, ,0100,신축,882.0,170.64,19.35,495.02,495.02,56.12,1,0,03000,제1종근린생활시설,0,0,0,0,20191008,20200220,20191106,20180525,20200717,20220909
70,경기도 성남시 분당구 백현동 376-6번지,41135,11000,0,0376,0006,108914958, , , , , , , , , , , , , , ,27837.0,126.0,0.0,252.0,0.0,0.0,0,0, , ,0,0,0,0, , , ,20050216, ,20220909
71,경기도 성남시 분당구 백현동 392-8번지,41135,11000,0,0392,0008,1089100045829, , , , ,답, , , , ,02, , , , ,1992.0,18.0,0.0,18.0,0.0,0.0,0,0, , ,0,0,0,0, , , ,20160721, ,20220909
72,경기도 성남시 분당구 백현동 393번지,41135,11000,0,0393,0000,1000000000000000257679, , , , ,전,보전녹지지역, , , ,01,UQA410, , , ,417.0,12.0,0.0,12.0,0.0,0.0,0,0, , ,0,0,0,0, , , ,20230327, ,20260625
73,경기도 성남시 분당구 백현동 397번지,41135,11000,0,0397,0000,1089100030959, , , , ,대, , , , ,08, , , , ,0.0,0.0,0.0,0.0,0.0,0.0,0,0, , ,0,0,0,0, , , ,20130304, ,20220909
74,경기도 성남시 분당구 백현동 397번지,41135,11000,0,0397,0000,1089100032915, , , , ,대,도시지역,자연취락지구, , ,08,UQA001,UQM110, , ,0.0,0.0,0.0,0.0,0.0,0.0,0,0, , ,0,0,0,0, , , ,20130717, ,20220909
75,경기도 성남시 분당구 백현동 397번지,41135,11000,0,0397,0000,1089100031060,분당사랑의교회, , , ,대,도시지역,자연취락지구, , ,08,UQA001,UQM110,0100,신축,1303.0,389.66,29.9,1136.69,1110.17,85.2,2,0,06000,종교시설,0,0,0,0,20130417, ,20130426,20130311,20140904,20220909
76,경기도 성남시 분당구 백현동 399번지,41135,11000,0,0399,0000,108914187,., , , ,답,자연녹지지역,자연취락지구, , ,02,1330,011,0100,신축,714.0,198.18,27.76,396.36,396.36,55.51,1,0,04000,제2종근린생활시설,0,0,0,3,20050601,20050615,20050601,20030620,20071126,20220909
77,경기도 성남시 분당구 백현동 400번지,41135,11000,0,0400,0000,1000000000000000199226,백현동 400, , , ,답,도시지역,비행안전제2구역(전술),ZQ0001,중점경관관리구역,02,UQA001,UNE412,0100,신축,783.0,154.0,19.67,154.0,154.0,19.67,1,0,04000,제2종근린생활시설,0,1,0,0,20230220, ,20230217,20221220,20230807,20230807
78,경기도 성남시 분당구 백현동 400번지,41135,11000,0,0400,0000,1000000000000000375769,백현동 400, , , ,대,도시지역,비행안전제2구역(전술),ZQ0001,중점경관관리구역,08,UQA001,UNE412,0700,용도변경,783.0,154.0,19.67,154.0,154.0,19.67,1,0,04000,제2종근린생활시설,0,2,0,0, , , ,20230919, ,20230919
79,경기도 성남시 분당구 백현동 402번지,41135,11000,0,0402,0000,108914687,1, , , ,전,자연녹지지역,자연취락지구, , ,01,1330,011,0100,신축,89.0,34.8,39.1,69.6,69.6,78.2,1,0,04000,제2종근린생활시설,0,0,0,0,20040524, ,20040524,20040430,20041008,20220909
80,경기도 성남시 분당구 백현동 403번지,41135,11000,0,0403,0000,108916339, , , , , , , , , , , , , , ,0.0,0.0,0.0,0.0,0.0,0.0,0,0, , ,0,0,0,0, , , ,20030214, ,20220909
81,경기도 성남시 분당구 백현동 403-1번지,41135,11000,0,0403,0001,1089100005630,., , , ,대,자연녹지지역,자연취락지구, , ,08,1330,011,0100,신축,795.0,212.76,26.76,592.36,592.36,74.51,1,0,03000,제1종근린생활시설,0,0,1,0,20080627, ,20080627,20080520,20081218,20220909
82,경기도 성남시 분당구 백현동 403-1번지,41135,11000,0,0403,0001,108914559,., , , ,대,자연녹지지역,자연취락지구, , ,08,1330,011,0100,신축,795.0,226.08,28.44,593.5,593.5,74.65,1,0,04000,제2종근린생활시설,1,0,0,11, ,20060115, ,20040203, ,20220909
83,경기도 성남시 분당구 백현동 403-2번지,41135,11000,0,0403,0002,1089100005837, , , , ,대, , , , ,08, , , , ,0.0,0.0,0.0,0.0,0.0,0.0,0,0, , ,0,0,0,0, , , ,20080618, ,20220909
84,경기도 성남시 분당구 백현동 403-3번지,41135,11000,0,0403,0003,108914969,., , , ,대,자연녹지지역,자연취락지구, , ,08,1330,011,0100,신축,713.0,204.84,28.73,204.84,204.84,28.73,1,0,04000,제2종근린생활시설,0,0,0,2,20050507, ,20050507,20050503,20050620,20220909
85,경기도 성남시 분당구 백현동 403-3번지,41135,11000,0,0403,0003,108915907,., , , ,대,자연녹지지역,자연취락지구, , ,08,1330,011,0200,증축,713.0,204.84,28.73,242.89,242.89,34.07,1,0,04000,제2종근린생활시설,0,0,0,2,20070108, ,20070118,20070108, ,20220909
86,경기도 성남시 분당구 백현동 403-4번지,41135,11000,0,0403,0004,1089100028819, , , , ,대, , , , ,08, , , , ,0.0,0.0,0.0,0.0,0.0,0.0,0,0, , ,0,0,0,0, , , ,20121106, ,20220909
87,경기도 성남시 분당구 백현동 403-4번지,41135,11000,0,0403,0004,1089100028761,백현동 403-4 공동주택, , , ,대,도시지역,자연취락지구, , ,08,UQA001,UQM110,0100,신축,562.0,193.29,34.39,654.73,555.92,98.92,1,0,02000,공동주택,8,0,0,0,20121116, ,20121120,20121101,20130806,20220909
88,경기도 성남시 분당구 백현동 403-6번지,41135,11000,0,0403,0006,108911873, , , , ,대,자연녹지지역,자연취락지구, , ,08,1330,011,0100,신축,477.0,130.41,27.34,590.67,471.24,98.79,1,0,02000,공동주택,8,0,8,5,200012, ,20001227,19991228,20010921,20220909
89,경기도 성남시 분당구 백현동 403-15번지,41135,11000,0,0403,0015,108916186, , , , , , , , , , , , , , ,158.0,45.0,0.0,45.0,0.0,0.0,0,0, , ,0,0,0,0, , , ,20070719, ,20220909
90,경기도 성남시 분당구 백현동 403-15번지,41135,11000,0,0403,0015,1089100011417,., , , ,대,자연녹지지역,자연취락지구, , ,08,1330,011,0100,신축,322.0,127.98,39.75,255.96,255.96,79.49,0,0,04000,제2종근린생활시설,0,0,0,0,20100224, ,20100223,20091013,20100615,20220909
91,경기도 성남시 분당구 백현동 403-18번지,41135,11000,0,0403,0018,108914275,., , , ,대,자연녹지지역,자연취락지구, , ,08,1330,011,0100,신축,264.0,98.3,37.23,98.3,98.3,37.23,1,0,01000,단독주택,0,0,1,0,20030624, ,20030624,20030401,20061218,20220909
92,경기도 성남시 분당구 백현동 403-19번지,41135,11000,0,0403,0019,108915705,백현동 근린시설, , , ,대,자연녹지지역,자연취락지구, , ,08,1330,011,0100,신축,330.0,131.3,39.79,201.5,201.5,61.06,1,0,04000,제2종근린생활시설,0,0,0,1,20070423, ,20070425,20070419,20070703,20220909
93,경기도 성남시 분당구 백현동 404번지,41135,11000,0,0404,0000,1089100005573, , , , ,대, , , , ,08, , , , ,0.0,0.0,0.0,0.0,0.0,0.0,0,0, , ,0,0,0,0, , , ,20080514, ,20220909
94,경기도 성남시 분당구 백현동 404번지,41135,11000,0,0404,0000,1089100005572, , , , ,대, , , , ,08, , , , ,0.0,0.0,0.0,0.0,0.0,0.0,0,0, , ,0,0,0,0, , , ,20080514, ,20220909
95,경기도 성남시 분당구 백현동 404-1번지,41135,11000,0,0404,0001,108913340, ,성남시분당구백현동,404,1, , , , , , , , , , ,5056.0,5.76,0.0,5.76,0.0,0.0,0,0, , ,0,0,0,0, , , ,20010406, ,20220909
96,경기도 성남시 분당구 백현동 404-6번지,41135,11000,0,0404,0006,108916414, , , , , ,자연녹지지역, , , , ,1330, , , ,0.0,0.0,0.0,0.0,0.0,0.0,0,0, , ,0,0,0,0, , , ,20050219, ,20220909
97,경기도 성남시 분당구 백현동 404-6번지,41135,11000,0,0404,0006,108914668,., , , ,공장용지,자연녹지지역,자연취락지구, , ,09,1330,011,0200,증축,9373.0,1549.89,16.54,10496.1,6793.96,72.48,2,1,17000,공장,0,0,0,190,20040302, ,20040308,20040224,20040803,20220909
98,경기도 성남시 분당구 백현동 405-1번지,41135,11000,0,0405,0001,108912653,백현동1종근생, , , ,전,자연녹지지역,자연취락지구, , ,01,1330,011,0100,신축,399.0,63.0,15.78,63.0,63.0,15.78,1,0,03000,제1종근린생활시설,0,0,0,0,200008, ,20000814,20000814,20011024,20220909
99,경기도 성남시 분당구 백현동 406-4번지,41135,11000,0,0406,0004,1089100020091,정우빌딩, , , ,대,자연녹지지역,자연취락지구, , ,08,UQA430,UQM110,0100,신축,471.0,167.39,35.54,531.5,373.25,79.25,1,0,01000,단독주택,0,0,5,0,20110614, ,20110614,20110610,20111202,20220909
100,경기도 성남시 분당구 백현동 406-10번지,41135,11000,0,0406,0010,108916357, , , , , , , , , , , , , , ,0.0,0.0,0.0,0.0,0.0,0.0,0,0, , ,0,0,0,0, , ,20030418,20030418, ,20220909
101,경기도 성남시 분당구 백현동 406-10번지,41135,11000,0,0406,0010,108914164,., , , ,대,자연녹지지역,자연취락지구, , ,08,1330,011,0100,신축,378.0,150.0,39.68,447.21,298.14,78.87,1,0,04000,제2종근린생활시설,0,0,2,3,20030417, ,20030417,20030407,20030825,20220909
102,경기도 성남시 분당구 백현동 406-14번지,41135,11000,0,0406,0014,1089100018605, , , , ,대, , , , ,08, , , , ,0.0,0.0,0.0,0.0,0.0,0.0,0,0, , ,0,0,0,0, , , ,20110316, ,20220909
103,경기도 성남시 분당구 백현동 406-14번지,41135,11000,0,0406,0014,1089100018592,., , , ,대,자연녹지지역,자연취락지구, , ,08,UQA430,UQM110,0100,신축,162.0,63.28,39.06,126.56,126.56,78.12,1,0,04000,제2종근린생활시설,0,0,0,0,20110324, ,20110323,20110315,20110608,20220909
104,경기도 성남시 분당구 백현동 406-15번지,41135,11000,0,0406,0015,108916335, , , , , , , , , , , , , , ,0.0,0.0,0.0,0.0,0.0,0.0,0,0, , ,0,0,0,0, , ,20030127,20030127, ,20220909
105,경기도 성남시 분당구 백현동 406-15번지,41135,11000,0,0406,0015,108912794,1, , , ,대,자연녹지지역,자연취락지구, , ,08,1330,011,0100,신축,253.0,98.67,34.0,197.34,197.34,78.0,1,0,04000,제2종근린생활시설,0,0,0,1,20030122,20030208,20030122,20010209,20030902,20220909
106,경기도 성남시 분당구 백현동 407-2번지,41135,11000,0,0407,0002,1089100019405, , , , ,대, , , , ,08, , , , ,0.0,0.0,0.0,0.0,0.0,0.0,0,0, , ,0,0,0,0, , , ,20110429, ,20220909
107,경기도 성남시 분당구 백현동 407-2번지,41135,11000,0,0407,0002,1000000000000000767831, , , , ,대,도시지역,자연취락지구, , ,08,UQA001,UQM110,0100,신축,523.0,208.8,39.92,417.0,417.0,79.73,1,0,04000,제2종근린생활시설,0,0,0,0, , , ,20250718, ,20250718
108,경기도 성남시 분당구 백현동 407-3번지,41135,11000,0,0407,0003,1089100018266,제1종근린생활시설 (김영석), , , ,대,자연녹지지역,자연취락지구, , ,08,UQA430,UQM110,0200,증축,419.0,153.03,36.52,186.0,186.0,44.39,2,0,03000,제1종근린생활시설,0,0,0,0,20110223, ,20110222,20110214,20110408,20220909
109,경기도 성남시 분당구 백현동 407-22번지,41135,11000,0,0407,0022,1000000000000000586522,신성이앤지, , , ,대,자연녹지지역,자연취락지구, , ,08,UQA430,UQM110,0700,용도변경,289.0,113.0,39.1,212.6,212.6,73.56,1,0,04000,제2종근린생활시설,0,0,0,0, , , ,20240912, ,20240912
110,경기도 성남시 분당구 백현동 407-22번지,41135,11000,0,0407,0022,108915704,., , , ,대,자연녹지지역,자연취락지구, , ,08,1330,011,0100,신축,289.0,113.0,39.1,212.6,212.6,73.56,1,0,01000,단독주택,0,0,3,0,20070407, ,20070406,20070404,20070625,20220909
111,경기도 성남시 분당구 백현동 409번지,41135,11000,0,0409,0000,1089100045299, , , , ,대,자연녹지지역,자연취락지구, , ,08,UQA430,UQM110,0700,용도변경,620.0,238.76,38.51,716.28,477.52,77.02,1,0,04000,제2종근린생활시설,0,0,0,0, , , ,20160531,20160608,20220909
112,경기도 성남시 분당구 백현동 409번지,41135,11000,0,0409,0000,108915363, , , , ,대,자연녹지지역,자연취락지구, , ,08,1330,011,0700,용도변경,604.0,238.76,39.53,716.28,477.52,79.06,1,0,06000,종교시설,0,0,0,6, , , ,20060724,20060726,20220909
113,경기도 성남시 분당구 백현동 409-5번지,41135,11000,0,0409,0005,1089100047673, , , , ,대, , , , ,08, , , , ,0.0,0.0,0.0,0.0,0.0,0.0,0,0, , ,0,0,0,0, , , ,20170117, ,20220909
114,경기도 성남시 분당구 백현동 409-5번지,41135,11000,0,0409,0005,1089100047719, , , , ,대,계획관리지역,자연취락지구, , ,08,UQB100,UQM110, , ,0.0,0.0,0.0,0.0,0.0,0.0,0,0, , ,0,0,0,0, , , ,20170124, ,20220909
115,경기도 성남시 분당구 백현동 409-5번지,41135,11000,0,0409,0005,1089100047718,라비앙스빌(Revien-s Ville), , , ,대,자연녹지지역,자연취락지구, , ,08,UQA430,UQM110,0100,신축,1344.0,532.04,39.59,1601.66,1293.06,96.21,3,0,02000,공동주택,19,0,0,0,20170208, ,20170203,20170124,20171123,20220909
116,경기도 성남시 분당구 백현동 409-10번지,41135,11000,0,0409,0010,108914652,., , , ,대,자연녹지지역,자연취락지구, , ,08,1330,011,0100,신축,604.0,238.76,39.53,716.28,477.52,79.06,1,0,04000,제2종근린생활시설,0,0,0,4,20041211, ,20041210,20041206,20050526,20220909
117,경기도 성남시 분당구 백현동 466-5번지,41135,11000,0,0466,0005,1000000000000000623472, , , , ,대,도시지역,비행안전제2구역(전술), , ,08,UQA001,UNE412,0600,대수선,8630.0,1665.9,19.3036,5893.06,4894.06,56.7098,1,0,10000,교육연구시설,0,0,0,0,20241221, ,20241223,20241121,20250218,20250218
118,경기도 성남시 분당구 백현동 466-5번지,41135,11000,0,0466,0005,108915753,1, , , ,대,자연녹지지역, , , ,08,1330, ,0200,증축,8347.0,1566.94,18.77,5452.18,4452.58,53.34,4,0,10000,교육연구시설,0,0,0,27,20071017, ,20071017,20070803,20071212,20220909
119,경기도 성남시 분당구 백현동 466-5번지,41135,11000,0,0466,0005,1089100032146,백현동 466-5 교육연구시설 (한국석유관리원), , , ,대,자연녹지지역, ,UNB112,전술항공작전기지의비행안전제2구역,08,UQA430, ,0200,증축,8347.0,1665.9,19.9581,5893.06,4894.06,58.6326,4,0,10000,교육연구시설,0,0,0,0,20130521, ,20130527,20130510,20130927,20220909
120,경기도 성남시 분당구 백현동 466-14번지,41135,11000,0,0466,0014,1089100055649, , , , ,임야,보전녹지지역, ,UNE412, ,05,UQA410, ,0100,신축,2806.0,497.76,17.74,497.76,497.76,17.74,1,0,03000,제1종근린생활시설,0,0,0,0,20200701, ,20200707,20181221,20211216,20220909
121,경기도 성남시 분당구 백현동 472-64번지,41135,11000,0,0472,0064,1089100073398, , , , ,전, , , , ,01, , , , ,1092.0,18.0,0.0,18.0,0.0,0.0,0,0, , ,0,0,0,0, , , ,20211208, ,20241129
122,경기도 성남시 분당구 백현동 472-70번지,41135,11000,0,0472,0070,1089100071835, , , , ,답,보전녹지지역, ,UQQ300,지구단위계획구역,02,UQA410, ,0100,신축,987.0,176.0,17.83,176.0,176.0,17.83,1,0,03000,제1종근린생활시설,0,0,0,0,20220103, ,20220104,20210909,20220929,20220929
123,경기도 성남시 분당구 백현동 472-73번지,41135,11000,0,0472,0073,1089100062253, , , , ,답,도시지역, ,UQQ300,지구단위계획구역,02,UQA001, ,0100,신축,642.0,98.76,15.3832,98.76,98.76,15.3832,2,0,20000,자동차관련시설,0,0,0,0,20200128, ,20200206,20200120,20200513,20220909
124,경기도 성남시 분당구 백현동 472-74번지,41135,11000,0,0472,0074,1089100021790,백현동 472-74 제1종근린생활시설, , , ,답,보전녹지지역,비행안전제2구역(전술),UML100,배수구역,02,UQA410,UNE412,0100,신축,760.0,150.67,19.83,452.01,452.01,59.48,0,0,03000,제1종근린생활시설,0,0,0,0,20111017, ,20111017,20110930,20120918,20220909
125,경기도 성남시 분당구 백현동 472-78번지,41135,11000,0,0472,0078,1089100056507,백현동 472-78 자동차 정비공장, , , ,답,보전녹지지역, ,UQQ300,지구단위계획구역,02,UQA410, ,0100,신축,1206.0,240.0,19.9005,1739.74,720.0,59.7015,1,0,20000,자동차관련시설,0,0,0,0,20190501, ,20190422,20190207, ,20220909
126,경기도 성남시 분당구 백현동 472-80번지,41135,11000,0,0472,0080,1089100065416,백현동 472-80 자동차관련시설 (윤돈영), , , ,대,도시지역,비행안전제2구역(전술),ZQ0001,중점경관관리구역,08,UQA001,UNE412,0100,신축,1758.0,312.56,17.7793,1976.74,925.32,52.6348,1,0,20000,자동차관련시설,0,0,0,0,20200911, ,20200911,20200831, ,20220909
127,경기도 성남시 분당구 백현동 472-80번지,41135,11000,0,0472,0080,108912559,백현동 상가 신축 공사, , , ,답,보전녹지지역, , , ,02,1310, ,0100,신축,784.0,154.0,19.64,462.0,308.0,39.29,1,0,03000,제1종근린생활시설,0,0,0,3, , ,20010727,20001118,20011229,20220909
128,경기도 성남시 분당구 백현동 472-80번지,41135,11000,0,0472,0080,1089100066014, , , , ,대,도시지역, ,UQQ300,지구단위계획구역,08,UQA001, , , ,639.0,36.0,0.0,36.0,0.0,0.0,0,0, , ,0,0,0,0, , , ,20201015, ,20220909
129,경기도 성남시 분당구 백현동 472-80번지,41135,11000,0,0472,0080,1089100066816,백현동 472-80 자동차관련시설 (윤돈영), , , ,대,도시지역,비행안전제2구역(전술),ZQ0001,중점경관관리구역,08,UQA001,UNE412,0100,신축,1758.0,347.81,19.78,2053.99,1031.31,58.66,1,0,20000,자동차관련시설,0,0,0,0,20200911, , ,20200831,20210504,20220909
130,경기도 성남시 분당구 백현동 472-83번지,41135,11000,0,0472,0083,108912050,백현동 근생, , , ,답,보전녹지지역, ,070,개발제한구역,02,1310, ,0100,신축,312.0,62.22,19.94,124.44,124.44,39.88,1,0,03000,제1종근린생활시설,0,0,0,0,20020521,20020615,20020521,20000619,20021019,20220909
131,경기도 성남시 분당구 백현동 472-87번지,41135,11000,0,0472,0087,1000000000000000643442,백현동, , , ,답,도시지역,비행안전제2구역(전술),ZQ0001,중점경관관리구역,02,UQA001,UNE412,0100,신축,857.0,167.21,19.51,334.42,334.42,39.02,1,0,03000,제1종근린생활시설,0,0,0,0,20250327, ,20250320,20241227,20260105,20260105
132,경기도 성남시 분당구 백현동 472-90번지,41135,11000,0,0472,0090,1089100063174,백현동 472-90번지 근린생활시설, , , ,답,보전녹지지역, ,UQQ300,지구단위계획구역,02,UQA410, ,0100,신축,886.0,174.96,19.7472,174.96,174.96,19.7472,1,0,03000,제1종근린생활시설,0,1,0,0, , , ,20200320, ,20220909
133,경기도 성남시 분당구 백현동 472-91번지,41135,11000,0,0472,0091,1000000000000000224297,백현동 472-91, , , ,대,도시지역,비행안전제2구역(전술),ZQ0001,중점경관관리구역,08,UQA001,UNE412,0100,신축,885.0,170.08,19.22,975.3,340.16,38.44,1,0,03000,제1종근린생활시설,0,0,0,0,20230227, ,20230215,20230203,20231013,20231013
134,경기도 성남시 분당구 백현동 472-91번지,41135,11000,0,0472,0091,1089100066818,백현동 472-91 제1종근린생활시설 (메이슨인터내셔날(주)), , , ,대,도시지역,비행안전제2구역(전술),ZQ0001,중점경관관리구역,08,UQA001,UNE412,0200,증축,885.0,140.03,15.82,288.09,288.09,32.55,2,0,04000,제2종근린생활시설,0,1,0,0,20201210, ,20201204,20201201,20210108,20220909
135,경기도 성남시 분당구 백현동 472-91번지,41135,11000,0,0472,0091,108912546,., , , ,답,보전녹지지역, , , ,02,1310, ,0100,신축,371.0,74.03,19.95,222.09,222.09,59.86,1,0,03000,제1종근린생활시설,0,0,0,3,20020426, ,20020426,20001114,20030227,20220909
136,경기도 성남시 분당구 백현동 472-91번지,41135,11000,0,0472,0091,1000000000000000228180, , , , ,대,보전녹지지역, ,UQQ300,지구단위계획구역,08,UQA410, , , ,885.0,18.0,0.0,18.0,0.0,0.0,0,0, , ,0,0,0,0, , , ,20230210, ,20251028
137,경기도 성남시 분당구 백현동 472-91번지,41135,11000,0,0472,0091,1000000000000000224296,백현동 472-91, , , ,대,도시지역,비행안전제2구역(전술),ZQ0001,중점경관관리구역,08,UQA001,UNE412,0100,신축,885.0,170.08,19.22,975.3,340.16,38.44,1,0,03000,제1종근린생활시설,0,0,0,0, , , ,20230203, ,20230223
138,경기도 성남시 분당구 백현동 472-92번지,41135,11000,0,0472,0092,1000000000000000226525,백현동 472-92  제1종 근린생활시설, , , ,답,도시지역,비행안전제2구역(전술),ZQ0001,중점경관관리구역,02,UQA001,UNE412,0100,신축,238.0,34.77,14.61,34.77,34.77,14.61,1,0,03000,제1종근린생활시설,0,0,0,0,20250120, ,20250121,20230208,20260402,20260402
139,경기도 성남시 분당구 백현동 472-97번지,41135,11000,0,0472,0097,108912119,백현동근생,경기도성남시 분당구 백현동,472,97,답,보전녹지지역, , , ,02,1310, ,0100,신축,529.0,105.0,19.8488,420.0,315.0,59.5463,1,0,03000,제1종근린생활시설,0,0,0,3, , ,20010214,20000718,20010612,20220909
140,경기도 성남시 분당구 백현동 472-99번지,41135,11000,0,0472,0099,1089100056465, , , , ,대, , , , ,08, , , , ,0.0,0.0,0.0,0.0,0.0,0.0,0,0, , ,0,0,0,0, , , ,20190201, ,20220909
141,경기도 성남시 분당구 백현동 472-99번지,41135,11000,0,0472,0099,1089100059309, , , , ,대,도시지역, ,UQQ300,지구단위계획구역,08,UQA001, ,0100,신축,1166.0,232.55,19.94,1459.42,674.16,57.82,1,0,04000,제2종근린생활시설,0,0,0,0,20190729, ,20190802,20190712,20200416,20220909
142,경기도 성남시 분당구 백현동 472-100번지,41135,11000,0,0472,0100,108912655, , , , , , , , , , , , ,0100,신축,428.0,83.78,19.5748,83.78,83.78,19.5748,1,0,03000,제1종근린생활시설,0,0,0,0, ,20021115, ,20001116, ,20220909
143,경기도 성남시 분당구 백현동 472-100번지,41135,11000,0,0472,0100,1089100056466, , , , ,대, , , , ,08, , , , ,0.0,0.0,0.0,0.0,0.0,0.0,0,0, , ,0,0,0,0, , , ,20190201, ,20220909
144,경기도 성남시 분당구 백현동 472-100번지,41135,11000,0,0472,0100,108913512, , , , ,답,보전녹지지역, , , ,02,1310, ,0100,신축,431.0,83.96,19.48,251.88,251.88,58.44,1,0,03000,제1종근린생활시설,0,0,0,3,20020403, ,20020403,20020204,20020809,20220909
145,경기도 성남시 분당구 백현동 472-107번지,41135,11000,0,0472,0107,108912438,백현동근생, , , ,답,보전녹지지역, , , ,02,1310, ,0100,신축,915.0,180.0,19.67,852.39,540.0,59.02,1,0,04000,제2종근린생활시설,0,0,0,6, , ,20010321,20000907,20010801,20220909
146,경기도 성남시 분당구 백현동 472-109번지,41135,11000,0,0472,0109,1000000000000000616975, , , , ,답,도시지역,비행안전제2구역(전술),ZQ0001,중점경관관리구역,02,UQA001,UNE412,0100,신축,1587.0,317.14,19.9836,951.42,951.42,59.9509,1,0,13000,운동시설,0,0,0,0,20250210, ,20250226,20241112,20251031,20251031
147,경기도 성남시 분당구 백현동 472-109번지,41135,11000,0,0472,0109,1000000000000000867528,현산빌딩, , , ,대,도시지역,비행안전제2구역(전술),ZQ0001,중점경관관리구역,08,UQA001,UNE412,0700,용도변경,1587.0,317.14,19.9836,951.42,951.42,59.9509,1,0,13000,운동시설,0,0,0,0, , , ,20251230, ,20251230
148,경기도 성남시 분당구 백현동 472-110번지,41135,11000,0,0472,0110,1089100076364, , , , ,대,도시지역,비행안전제2구역(전술),ZQ0001,중점경관관리구역,08,UQA001,UNE412, , ,643.0,0.0,0.0,0.0,0.0,0.0,0,0, , ,0,0,0,0, , , ,20220530, ,20220909
149,경기도 성남시 분당구 백현동 472-110번지,41135,11000,0,0472,0110,1089100074396, , , , ,대,도시지역,비행안전제2구역(전술),ZQ0001,중점경관관리구역,08,UQA001,UNE412,0100,신축,3551.0,709.02,19.97,7569.43,2112.24,59.483,1,0,20000,자동차관련시설,0,0,0,0,20220415, ,20220516,20220207,20240112,20240112
150,경기도 성남시 분당구 백현동 472-247번지,41135,11000,0,0472,0247,108912439,백현동근생주택, , , ,대,보전녹지지역, , , ,08,1310, ,0100,신축,987.0,192.64,19.52,954.77,770.56,78.07,1,0,04000,제2종근린생활시설,0,0,1,0,20011114,20020906,20011114,20000907,20020924,20220909
151,경기도 성남시 분당구 백현동 472-247번지,41135,11000,0,0472,0247,1089100046202, , , , ,대,도시지역,비행안전제2구역(전술), , ,08,UQA001,UNE412, , ,0.0,0.0,0.0,0.0,0.0,0.0,0,0, , ,0,0,0,0, , , ,20160830, ,20220909
152,경기도 성남시 분당구 백현동 472-323번지,41135,11000,0,0472,0323,1000000000000000237034, , , , ,대,보전녹지지역, ,UQQ300,지구단위계획구역,08,UQA410, , , ,272.0,18.0,0.0,18.0,0.0,0.0,0,0, , ,0,0,0,0, , , ,20230224, ,20240124
153,경기도 성남시 분당구 백현동 472-323번지,41135,11000,0,0472,0323,1000000000000000188172, , , , ,대,도시지역, ,UQQ300,지구단위계획구역,08,UQA001, , , ,350.47,18.0,0.0,36.0,0.0,0.0,0,0, , ,0,0,0,0, , , ,20221206, ,20231103
154,경기도 성남시 분당구 백현동 472-323번지,41135,11000,0,0472,0323,1089100077140, , , , ,대,도시지역,비행안전제2구역(전술),ZQ0001,중점경관관리구역,08,UQA001,UNE412, , ,272.0,36.0,0.0,72.0,0.0,0.0,0,0, , ,0,0,0,0, , , ,20220719, ,20240124
155,경기도 성남시 분당구 백현동 472-323번지,41135,11000,0,0472,0323,1000000000000000237005, , , , ,대,보전녹지지역, ,UQQ300,지구단위계획구역,08,UQA410, , , ,272.0,18.0,0.0,18.0,0.0,0.0,0,0, , ,0,0,0,0, , , ,20230224, ,20240418
156,경기도 성남시 분당구 백현동 475-5번지,41135,11000,0,0475,0005,108914669,백현근생, , , ,대,보전녹지지역, , , ,08,1310, ,0200,증축,2291.0,454.23,19.83,493.87,493.87,21.56,2,0,03000,제1종근린생활시설,0,0,0,21, ,20060226, ,20040227, ,20220909
157,경기도 성남시 분당구 백현동 475-5번지,41135,11000,0,0475,0005,108911788,., , , ,답,보전녹지지역, , , ,02,1310, ,0100,신축,2291.0,381.22,16.64,381.22,381.22,16.64,1,0,03000,제1종근린생활시설,0,0,0,21,20010630,20000625,20010707,19990701,20021231,20220909
158,경기도 성남시 분당구 백현동 479-1번지,41135,11000,0,0479,0001,108915588, ,외 55필지,479,1, , , , , , , , , , ,99898.0,5231.35,0.0,80.0,0.0,0.0,0,0, , ,0,0,0,0, , , ,20060222, ,20220909
159,경기도 성남시 분당구 백현동 482-2번지,41135,11000,0,0482,0002,1089100067955, , , , ,전,보전녹지지역,비행안전제2구역(전술),UJC100,소하천구역,01,UQA410,UNE412,0100,신축,2826.0,492.23,17.42,1644.08,706.7,25.01,5,0,01000,단독주택,0,0,5,0,20211220, ,20211223,20210215, ,20250131
160,경기도 성남시 분당구 백현동 485-1번지,41135,11000,0,0485,0001,108914568,., , , ,전,보전녹지지역, , , ,01,1310, ,0100,신축,1370.0,240.0,17.52,240.0,240.0,17.52,1,0,03000,제1종근린생활시설,0,0,0,2,20040604, ,20040602,20040225,20050219,20220909
161,경기도 성남시 분당구 백현동 485-1번지,41135,11000,0,0485,0001,1089100045328, , , , ,대,도시지역, , , ,08,UQA001, , , ,1011.0,27.0,0.0,27.0,0.0,0.0,0,0, , ,0,0,0,0, , , ,20160602, ,20220909
162,경기도 성남시 분당구 백현동 486번지,41135,11000,0,0486,0000,1089100048493,., , , ,대,보전녹지지역, , , ,08,UQA410, ,0200,증축,970.0,193.26,19.92,376.91,376.91,38.86,1,0,01000,단독주택,0,1,1,0,20170428, ,20170501,20170425,20170713,20220909
163,경기도 성남시 분당구 백현동 486번지,41135,11000,0,0486,0000,108913710,고진규씨 건물, , , ,전,보전녹지지역, , , ,01,1310, ,0100,신축,970.0,190.0,19.59,190.0,190.0,19.59,1,0,03000,제1종근린생활시설,0,0,0,3,20041101,20040901,20041020,20021126, ,20220909
164,경기도 성남시 분당구 백현동 486번지,41135,11000,0,0486,0000,108914651,., , , ,전,보전녹지지역, , , ,01,1310, ,0100,신축,970.0,187.86,19.37,187.86,187.86,19.37,1,0,03000,제1종근린생활시설,0,0,0,5,20060831,20061124,20060830,20041125,20070402,20220909
165,경기도 성남시 분당구 백현동 486번지,41135,11000,0,0486,0000,1089100017087,백현동 486 제1종근린생활시설 (최규훈), , , ,대,보전녹지지역, , , ,08,UQA410, ,0200,증축,970.0,193.26,19.92,372.35,372.35,38.39,1,0,03000,제1종근린생활시설,0,0,0,0,20121129,20120506,20121129,20101130,20141126,20220909
166,경기도 성남시 분당구 백현동 486-1번지,41135,11000,0,0486,0001,1089100010763,백현동 486-1 제1종근린생활시설 (이국진), , , ,전,보전녹지지역, , , ,01,1310, ,0100,신축,811.0,161.17,19.873,483.51,483.51,59.619,1,0,03000,제1종근린생활시설,0,0,0,0,20090902, ,20090902,20090825,20100126,20220909
167,경기도 성남시 분당구 백현동 486-1번지,41135,11000,0,0486,0001,108914650,., , , ,전,보전녹지지역, , , ,01,1310, ,0100,신축,1182.0,233.12,19.72,233.12,233.12,19.72,1,0,03000,제1종근린생활시설,0,0,0,1,20050418, ,20050418,20041125, ,20220909
168,경기도 성남시 분당구 백현동 486-1번지,41135,11000,0,0486,0001,108913711,정재송씨 건물, , , ,전,보전녹지지역, , , ,01,1310, ,0100,신축,1182.0,231.0,19.54,231.0,231.0,19.54,1,0,03000,제1종근린생활시설,0,0,0,3,20041101,20041101,20041020,20021126, ,20220909
169,경기도 성남시 분당구 백현동 489-1번지,41135,11000,0,0489,0001,108914631,백현동489-1근린생활시설, , , ,답,보전녹지지역, , , ,02,1310, ,0100,신축,863.0,166.82,19.33,327.6,327.6,37.96,1,0,03000,제1종근린생활시설,0,0,0,2,20041020, ,20041020,20040916,20050617,20220909
170,경기도 성남시 분당구 백현동 489-2번지,41135,11000,0,0489,0002,108911908,김용권씨근생건물, , , ,대,보전녹지지역, , , ,08,1310, ,0200,증축,1564.0,109.37,6.99,208.77,208.77,13.34,1,0,04000,제2종근린생활시설,0,0,0,2,20011218,20001123, ,19991123,20020412,20220909
171,경기도 성남시 분당구 백현동 489-2번지,41135,11000,0,0489,0002,1000000000000000512091, , , , ,대,보전녹지지역, ,UQQ300,지구단위계획구역,08,UQA410, , , ,1538.0,18.0,0.0,18.0,0.0,0.0,0,0, , ,0,0,0,0, , , ,20240508, ,20241029
172,경기도 성남시 분당구 백현동 489-2번지,41135,11000,0,0489,0002,108911830,김용권씨 근생, , , ,대,보전녹지지역, , , ,08,1310, ,0100,신축,1564.0,278.2,17.79,398.2,398.2,25.46,1,0,04000,제2종근린생활시설,0,0,0,0,20011218,20001123,20011218,19991123,20020412,20220909
173,경기도 성남시 분당구 백현동 489-2번지,41135,11000,0,0489,0002,1000000000000000497245,골프존파크 판교 남서울cc, , , ,대,보전녹지지역, ,UQQ300,지구단위계획구역,08,UQA410, ,0200,증축,1538.0,303.5,19.73,494.17,494.17,32.13,2,0,04000,제2종근린생활시설,0,0,0,0,20240502, ,20240503,20240415,20241017,20241017
174,경기도 성남시 분당구 백현동 489-4번지,41135,11000,0,0489,0004,1089100007244, , , , ,대, , , , ,08, , , , ,0.0,0.0,0.0,0.0,0.0,0.0,0,0, , ,0,0,0,0, , , ,20090121, ,20220909
175,경기도 성남시 분당구 백현동 489-4번지,41135,11000,0,0489,0004,108911761,., , , ,전,보전녹지지역, , , ,01,1310, ,0100,신축,1696.0,338.4,19.95,338.4,338.4,19.95,2,0,03000,제1종근린생활시설,0,0,0,6,200008, ,19980731,19980731,20030625,20220909
176,경기도 성남시 분당구 백현동 489-4번지,41135,11000,0,0489,0004,1089100007105,., , , ,대,보전녹지지역, , , ,08,1310, ,0100,신축,977.0,192.76,19.73,385.52,385.52,39.46,1,0,03000,제1종근린생활시설,0,0,0,0,20090123, ,20090128,20090109,20090520,20220909
177,경기도 성남시 분당구 백현동 489-9번지,41135,11000,0,0489,0009,1089100007225,., , , ,대,보전녹지지역, , , ,08,1310, ,0100,신축,789.0,149.28,18.92,298.56,298.56,37.84,1,0,03000,제1종근린생활시설,0,0,0,0,20090123, ,20090123,20090119,20090521,20220909
178,경기도 성남시 분당구 백현동 489-11번지,41135,11000,0,0489,0011,108914632,., , , ,답,보전녹지지역, , , ,02,1310, ,0100,신축,869.0,166.82,19.2,327.6,327.6,37.7,1,0,03000,제1종근린생활시설,0,0,0,2,20041020, ,20041020,20040916,20050617,20220909
179,경기도 성남시 분당구 백현동 490-4번지,41135,11000,0,0490,0004,1089100016748,백현동 490-4 제2종근린생활시설 (강석순), , , ,답,보전녹지지역, , , ,02,UQA410, ,0700,용도변경,739.0,146.12,19.7727,485.83,311.23,42.115,1,0,04000,제2종근린생활시설,0,0,0,0, , , ,20101110, ,20220909
180,경기도 성남시 분당구 백현동 490-9번지,41135,11000,0,0490,0009,1089100049413, , , , ,대,보전녹지지역, , , ,08,UQA410, ,0200,증축,1100.0,202.11,18.37,527.15,527.15,47.92,1,0,03000,제1종근린생활시설,0,0,1,0,20170811, ,20170811,20170721,20170829,20220909
181,경기도 성남시 분당구 백현동 490-9번지,41135,11000,0,0490,0009,1089100069574, , , , ,대,보전녹지지역, , , ,08,UQA410, ,0700,용도변경,1100.0,202.11,18.3736,527.15,527.15,47.9227,1,0,03000,제1종근린생활시설,0,0,0,0, , , ,20210512, ,20220909
182,경기도 성남시 분당구 백현동 490-9번지,41135,11000,0,0490,0009,108912149,., , , ,답,보전녹지지역, , , ,02,1310, ,0100,신축,958.0,178.2,18.6,496.04,496.04,51.78,1,0,03000,제1종근린생활시설,0,0,1,0,20021203,20020723,20021203,20000724,20030317,20220909
183,경기도 성남시 분당구 백현동 492-25번지,41135,11000,0,0492,0025,1089100059245, , , , ,잡종지,보전녹지지역,비행안전제2구역(전술),UML200,하수처리구역,28,UQA410,UNE412, , ,21490.0,0.0,0.0,0.0,0.0,0.0,0,0, , ,0,0,0,0, , , ,20190710, ,20220909
184,경기도 성남시 분당구 백현동 496번지,41135,11000,0,0496,0000,1089100060573, , , , ,대, , , , ,08, , , , ,0.0,0.0,0.0,0.0,0.0,0.0,0,0, , ,0,0,0,0, , , ,20190926, ,20220909
185,경기도 성남시 분당구 백현동 496번지,41135,11000,0,0496,0000,108913039,., , , ,잡종지,보전녹지지역, , , ,28,1310, ,0100,신축,1335.0,261.62,19.6,261.62,261.62,19.6,1,0,03000,제1종근린생활시설,0,0,0,2,20020809, ,20020809,20010915,20050512,20220909
186,경기도 성남시 분당구 백현동 496번지,41135,11000,0,0496,0000,1089100060572,꽃달임, , , ,대,보전녹지지역, , , ,08,UQA410, ,0200,증축,1794.0,357.145,19.91,357.145,357.145,19.91,1,0,03000,제1종근린생활시설,0,0,0,0,20191005, ,20191018,20190926,20200313,20220909
187,경기도 성남시 분당구 백현동 496-1번지,41135,11000,0,0496,0001,1089100049299, , , , ,전,보전녹지지역, , , ,01,UQA410, , , ,1407.0,18.0,0.0,18.0,0.0,0.0,0,0, , ,0,0,0,0, , , ,20170714, ,20260609
188,경기도 성남시 분당구 백현동 496-3번지,41135,11000,0,0496,0003,1089100061453,백현동 496-3 제1종근린생활시설 (김남훈), , , ,잡종지,도시지역,비행안전제2구역(전술),UML200,하수처리구역,28,UQA001,UNE412,0100,신축,1183.0,232.16,19.62,498.89,281.15,23.77,1,0,03000,제1종근린생활시설,0,0,0,0, ,20221122, ,20191122, ,20220909
189,경기도 성남시 분당구 백현동 496-3번지,41135,11000,0,0496,0003,1089100076137, , , , ,잡종지,도시지역,비행안전제2구역(전술), , ,28,UQA001,UNE412, , ,1106.0,30.0,0.0,30.0,0.0,0.0,0,0, , ,0,0,0,0, , , ,20220513, ,20221017
190,경기도 성남시 분당구 백현동 496-7번지,41135,11000,0,0496,0007,1000000000000000505477, , , , ,대,도시지역, , , ,08,UQA001, , , ,477.0,48.0,0.0,0.0,0.0,0.0,0,0, , ,0,0,0,0, , , ,20240426, ,20240426
191,경기도 성남시 분당구 백현동 500번지,41135,11000,0,0500,0000,108912037, , , , ,잡종지,보전녹지지역, , , ,28,1310, ,0100,신축,477.0,94.08,19.72,188.16,94.08,19.72,1,0,04000,제2종근린생활시설,0,0,0,0,20020607,20020607,20020607,20000608, ,20220909
192,경기도 성남시 분당구 백현동 500-6번지,41135,11000,0,0500,0006,108913012,00 빌딩, , , ,잡종지,보전녹지지역, , , ,28,1310, ,0100,신축,890.0,164.64,18.5,493.02,493.02,55.4,1,0,03000,제1종근린생활시설,0,0,0,5,20020502, ,20020502,20010829, ,20220909
193,경기도 성남시 분당구 백현동 500-7번지,41135,11000,0,0500,0007,108912259,., , , ,잡종지,보전녹지지역, , , ,28,1310, ,0100,신축,985.0,185.55,18.84,493.58,461.4,46.84,1,0,04000,제2종근린생활시설,0,0,1,18,20020726,20020822,20020726,20000823,20040506,20220909
194,경기도 성남시 분당구 백현동 500-7번지,41135,11000,0,0500,0007,1089100065877,럭스카페빌딩, , , ,대,도시지역, ,UNE412, ,08,UQA001, ,0100,신축,1052.0,202.74,19.27,497.01,497.01,47.24,1,0,03000,제1종근린생활시설,0,3,0,0,20201023, ,20201021,20201007,20210818,20220909
195,경기도 성남시 분당구 백현동 500-8번지,41135,11000,0,0500,0008,108912102,백현음식점, , , ,잡종지,도시지역, , , ,28,0100, ,0100,신축,845.0,166.34,19.68,173.89,173.89,20.58,1,0,04000,제2종근린생활시설,0,0,0,2, ,20020713, ,20000714, ,20220909
196,경기도 성남시 분당구 백현동 500-8번지,41135,11000,0,0500,0008,108914610,백현동500-8근린생활시설, , , ,잡종지,보전녹지지역, , , ,28,1310, ,0100,신축,988.0,163.95,16.59,161.6,161.6,16.36,1,0,03000,제1종근린생활시설,0,0,0,3,20040824, ,20040824,20040630,20060511,20220909
197,경기도 성남시 분당구 백현동 500-9번지,41135,11000,0,0500,0009,1089100041168,백현동 500-9 제1종근린생활시설 (오명자), , , ,대,보전녹지지역, , , ,08,UQA410, ,0200,증축,1202.0,238.88,19.8735,625.53,625.53,52.0408,1,0,03000,제1종근린생활시설,0,0,0,0,20150428, ,20150429,20150408, ,20220909
198,경기도 성남시 분당구 백현동 500-9번지,41135,11000,0,0500,0009,108912011,., , , ,대,보전녹지지역, , , ,08,1310, ,0100,신축,1042.0,199.5,19.15,494.16,494.16,47.42,1,0,03000,제1종근린생활시설,0,0,0,3,20020513,20020511,20020513,20000512,20070110,20220909
199,경기도 성남시 분당구 백현동 500-9번지,41135,11000,0,0500,0009,108912103,., , , ,잡종지,보전녹지지역, , , ,28,1310, ,0100,신축,521.0,104.0,19.96,104.0,104.0,19.96,1,0,04000,제2종근린생활시설,0,0,0,0,20020713,20020713,20020713,20000714,20030701,20220909
200,경기도 성남시 분당구 백현동 500-13번지,41135,11000,0,0500,0013,108913011,., , , ,잡종지,보전녹지지역,기타지구,990,기타구역,28,1310,990,0100,신축,955.0,183.97,19.26,497.58,358.07,37.49,1,0,03000,제1종근린생활시설,0,0,0,0,20030827,20030828,20030827,20010829,20041129,20220909
201,경기도 성남시 분당구 백현동 500-14번지,41135,11000,0,0500,0014,1089100008666,., , , ,잡종지,보전녹지지역, , , ,28,1310, ,0100,신축,1447.0,289.24,19.98,765.24,544.95,37.66,1,0,03000,제1종근린생활시설,0,0,1,0,20090522, ,20090519,20090420,20131226,20220909
202,경기도 성남시 분당구 백현동 500-14번지,41135,11000,0,0500,0014,108911875,백현동근린생활시설, , , ,잡종지,도시지역, , , ,28,0100, ,0100,신축,1447.0,276.66,19.12,992.49,715.47,49.45,1,0,04000,제2종근린생활시설,1,0,0,19, ,20011228, ,19991229, ,20220909
203,경기도 성남시 분당구 백현동 500-14번지,41135,11000,0,0500,0014,1000000000000000599011,백현동 500-14, , , ,대,보전녹지지역, ,UQQ300,지구단위계획구역,08,UQA410, ,0700,용도변경,1447.0,289.24,19.99,765.24,544.95,37.66,1,0,03000,제1종근린생활시설,0,0,0,0, , , ,20241014, ,20241014
204,경기도 성남시 분당구 백현동 500-15번지,41135,11000,0,0500,0015,108914485, , , , , , , , , , , , , , ,802.0,39.0,0.0,39.0,0.0,0.0,0,0, , ,0,0,0,0, , , ,20030604, ,20220909
205,경기도 성남시 분당구 백현동 500-15번지,41135,11000,0,0500,0015,1089100013868, , , , ,대,보전녹지지역, , , ,08,1310, ,0700,용도변경,802.0,160.14,19.9676,494.51,424.57,52.9389,1,0,03000,제1종근린생활시설,0,0,0,0, , , ,20100414,20100520,20220909
206,경기도 성남시 분당구 백현동 500-15번지,41135,11000,0,0500,0015,108912260,., , , ,잡종지,보전녹지지역, , , ,28,1310, ,0100,신축,802.0,160.14,19.97,494.51,424.57,52.94,1,0,03000,제1종근린생활시설,0,0,1,10,20020502,20020822,20020502,20000823,20031229,20220909
207,경기도 성남시 분당구 백현동 500-15번지,41135,11000,0,0500,0015,1089100054203,백현동 500-15 제1종근린생활시설 (김홍석), , , ,대,도시지역,비행안전제2구역(전술),UJC100,소하천구역,08,UQA001,UNE412,0200,증축,1131.0,225.44,19.93,555.55,485.61,42.94,1,1,03000,제1종근린생활시설,0,0,0,0,20181019, ,20181023,20180904,20190222,20220909
208,경기도 성남시 분당구 백현동 501번지,41135,11000,0,0501,0000,108912462,백현동주택신축공사, , , ,대,보전녹지지역, , , ,08,1310, ,0100,신축,480.0,94.23,19.63,280.41,179.16,37.33,1,0,01000,단독주택,0,0,3,0, , ,20010309,20000919,20030807,20220909
209,경기도 성남시 분당구 백현동 501-1번지,41135,11000,0,0501,0001,108912463,가동, , , ,대,보전녹지지역, , , ,08,1310, ,0100,신축,479.0,94.23,19.67,280.41,179.16,37.4,1,0,01000,단독주택,0,0,3,0, , ,20010309,20000919,20030807,20220909
210,경기도 성남시 분당구 백현동 501-3번지,41135,11000,0,0501,0003,108912475,백현동주택신축공사, , , ,대,보전녹지지역, , , ,08,1310, ,0100,신축,344.0,67.74,19.69,212.99,129.51,37.65,1,0,01000,단독주택,0,0,3,0, , ,20010309,20000927,20030807,20220909
211,경기도 성남시 분당구 백현동 502번지,41135,11000,0,0502,0000,1000000000000000872034, , , , ,대,보전녹지지역, , , ,08,UQA410, , , ,4467.0,18.0,0.0,18.0,0.0,0.0,0,0, , ,0,0,0,0, , , ,20260108, ,20260609
212,경기도 성남시 분당구 백현동 502번지,41135,11000,0,0502,0000,1000000000000000840090, , , , ,대,도시지역, ,UML100,배수구역,08,UQA001, , , ,4467.0,69.6,0.0,69.6,0.0,0.0,0,0, , ,0,0,0,0, , , ,20251112, ,20260609
213,경기도 성남시 분당구 백현동 502번지,41135,11000,0,0502,0000,108911842, , , , ,잡종지,보전녹지지역, , , ,28,1310, ,0100,신축,660.0,115.92,17.5636,258.48,189.54,28.7182,1,0,01000,단독주택,0,0,1,2,20000525, ,19991214,19991214, ,20220909
214,경기도 성남시 분당구 백현동 502번지,41135,11000,0,0502,0000,1089100043266,백현동단독주택 (정용진), , , ,대,보전녹지지역, ,UML100,배수구역,08,UQA410, ,0200,증축,4467.0,882.79,19.76,3049.1,1254.08,28.07,1,2,01000,단독주택,1,0,0,0,20151116, ,20151117,20151029,20180102,20220909
215,경기도 성남시 분당구 백현동 502번지,41135,11000,0,0502,0000,1000000000000000957446, , , , ,대,도시지역, , , ,08,UQA001, , , ,0.0,0.0,0.0,0.0,0.0,0.0,0,0, , ,0,0,0,0, , , ,20260527, ,20260527
216,경기도 성남시 분당구 백현동 502번지,41135,11000,0,0502,0000,1089100066854, , , , ,대,도시지역,비행안전제2구역(전술),UQQ600,토지거래계약에관한허가구역,08,UQA001,UNE412, , ,0.0,0.0,0.0,0.0,0.0,0.0,0,0, , ,0,0,0,0, , , ,20201202, ,20220909
217,경기도 성남시 분당구 백현동 502번지,41135,11000,0,0502,0000,1000000000000000761146,백현동단독주택, , , ,대,도시지역, ,UNB001,비행안전구역,08,UQA001, ,0200,증축,4467.0,822.79,18.4193,4859.34,1254.08,28.0743,1,2,01000,단독주택,1,0,0,0,20251117, ,20251113,20250708, ,20251113
218,경기도 성남시 분당구 백현동 502번지,41135,11000,0,0502,0000,1089100032046,백현동 502 (정용진), , , ,대,도시지역,비행안전제2구역(전술),UML100,배수구역,08,UQA001,UNE412,0200,증축,4467.0,818.77,18.3293,2981.89,1186.87,26.5697,1,1,01000,단독주택,0,0,1,0,20130502, ,20130502,20130501,20130705,20220909
219,경기도 성남시 분당구 백현동 502-1번지,41135,11000,0,0502,0001,108912452, , , , ,잡종지,보전녹지지역, , , ,28,1310, ,0100,신축,602.0,116.91,19.42,115.29,115.29,19.15,1,0,01000,단독주택,1,0,0,1,20021214,20020918,20021214,20000919, ,20220909
220,경기도 성남시 분당구 백현동 502-2번지,41135,11000,0,0502,0002,1089100007251,백현동주택, , , ,잡종지,보전녹지지역, , , ,28,1310, ,0100,신축,490.0,95.17,19.42,315.32,184.07,37.57,1,0,01000,단독주택,1,0,0,0,20040527, ,20040531,20040524,20090908,20220909
221,경기도 성남시 분당구 백현동 502-2번지,41135,11000,0,0502,0002,108912464, , , , ,잡종지,보전녹지지역, , , ,28,1310, ,0100,신축,490.0,96.71,19.74,262.85,176.07,35.93,1,0,01000,단독주택,0,0,0,2, ,20020918, ,20000919, ,20220909
222,경기도 성남시 분당구 백현동 502-2번지,41135,11000,0,0502,0002,108914692,백현동주택, , , ,잡종지,보전녹지지역, , , ,28,1310, ,0100,신축,490.0,96.34,19.66,292.62,159.78,32.61,1,0,01000,단독주택,1,0,0,2,20040527, ,20040531,20040524, ,20220909
223,경기도 성남시 분당구 백현동 502-3번지,41135,11000,0,0502,0003,108912453,백현동 주택, , , ,잡종지,보전녹지지역, , , ,28,1310, ,0100,신축,810.0,137.7,17.0,135.54,135.54,16.73,1,0,01000,단독주택,1,0,0,2,20021214,20020918,20021214,20000919, ,20220909
224,경기도 성남시 분당구 백현동 502-6번지,41135,11000,0,0502,0006,1089100045474,백현동 502-6 단독주택 (이기운), , , ,대,도시지역, , , ,08,UQA001, ,0700,용도변경,681.0,135.65,19.92,346.83,257.45,37.8,1,0,01000,단독주택,0,1,1,0, , , ,20160622, ,20220909
225,경기도 성남시 분당구 백현동 502-6번지,41135,11000,0,0502,0006,108912454,백현동주택, , , ,잡종지,보전녹지지역, , , ,28,1310, ,0100,신축,681.0,135.65,19.92,346.83,257.45,37.8,1,0,01000,단독주택,1,0,0,2,20030811,20020918,20030811,20000919,20041228,20220909
226,경기도 성남시 분당구 백현동 502-7번지,41135,11000,0,0502,0007,108912455,백현동 502-7 단독주택, , , ,대,보전녹지지역, , , ,08,1310, ,0100,신축,660.0,131.28,19.89,373.59,254.64,38.58,1,0,01000,단독주택,0,0,1,2,20050418, ,20050503,20000919,20091216,20220909
227,경기도 성남시 분당구 백현동 502-8번지,41135,11000,0,0502,0008,1089100009094,분당 백현동 단독주택, , , ,잡종지,보전녹지지역, , , ,28,1310, ,0100,신축,660.0,131.85,19.98,321.63,256.94,38.93,1,0,01000,단독주택,0,0,1,0,20090728, ,20090731,20090519,20101230,20220909
228,경기도 성남시 분당구 백현동 502-8번지,41135,11000,0,0502,0008,1089100010377, , , , ,잡종지,보전녹지지역, , , ,28,1310, , , ,660.0,27.0,0.0,27.0,0.0,0.0,0,0, , ,0,0,0,0, , , ,20090724, ,20220909
229,경기도 성남시 분당구 백현동 502-8번지,41135,11000,0,0502,0008,108912456,., , , ,잡종지,보전녹지지역, , , ,28,1310, ,0100,신축,660.0,116.91,17.71,115.29,115.29,17.47,1,0,03000,제1종근린생활시설,0,0,0,2,20050418, ,20050503,20000919, ,20220909
230,경기도 성남시 분당구 백현동 502-9번지,41135,11000,0,0502,0009,1089100041237, , , , ,잡종지,보전녹지지역,비행안전제2구역(전술),UML200,하수처리구역,28,UQA410,UNE412,0100,신축,490.0,97.92,19.9837,329.59,187.92,38.351,1,0,01000,단독주택,1,0,0,0,20150907, ,20150903,20150415,20160909,20220909
231,경기도 성남시 분당구 백현동 502-9번지,41135,11000,0,0502,0009,108914053, , , , , , , , , , , , , , ,0.0,27.0,0.0,27.0,0.0,0.0,0,0, , ,0,0,0,0, , , ,20020723, ,20220909
232,경기도 성남시 분당구 백현동 503-1번지,41135,11000,0,0503,0001,108912457,., , , ,잡종지,보전녹지지역, , , ,28,1310, ,0100,신축,662.0,116.91,18.62,115.29,115.29,17.42,1,0,01000,단독주택,1,0,0,2,20021214,20020918,20021214,20000919, ,20220909
233,경기도 성남시 분당구 백현동 503-1번지,41135,11000,0,0503,0001,1089100012326, , , , ,잡종지, , , , ,28, , , , ,4465.0,243.0,0.0,378.0,0.0,0.0,0,0, , ,0,0,0,0, , , ,20091221, ,20220909
234,경기도 성남시 분당구 백현동 503-1번지,41135,11000,0,0503,0001,1089100011075,단독주택 (백현동주택), , , ,잡종지,도시지역, ,990,기타구역,28,0100, ,0100,신축,4467.0,788.24,17.65,2952.03,1157.01,25.9,1,0,01000,단독주택,0,0,1,0,20091123, ,20091120,20090915,20100907,20220909
235,경기도 성남시 분당구 백현동 503-3번지,41135,11000,0,0503,0003,108912458,백현동 주택, , , ,잡종지,보전녹지지역, , , ,28,1310, ,0100,신축,746.0,116.91,15.67,115.29,115.29,15.45,1,0,01000,단독주택,1,0,0,2,20021214,20020918,20021214,20000919, ,20220909
236,경기도 성남시 분당구 백현동 503-4번지,41135,11000,0,0503,0004,108912459,., , , ,잡종지,보전녹지지역, , , ,28,1310, ,0100,신축,660.0,116.91,17.71,115.29,115.29,17.47,1,0,01000,단독주택,1,0,0,2,20021214,20020918,20021214,20000919, ,20220909
237,경기도 성남시 분당구 백현동 504번지,41135,11000,0,0504,0000,108911944,백현동 단독주택, , , ,대,보전녹지지역, , , ,08,1310, ,0100,신축,660.0,131.79,19.97,304.05,251.49,38.1,1,0,01000,단독주택,0,0,1,2, , ,20000526,20000308,20030808,20220909
238,경기도 성남시 분당구 백현동 504-3번지,41135,11000,0,0504,0003,1000000000000000339669,BH-1, , , ,대,도시지역, , , ,08,UQA01X, ,0100,신축,1799.0,350.92,19.51,1963.87,923.4,51.33,1,0,09000,의료시설,0,0,0,0,20240201, ,20240311,20230719, ,20240828
239,경기도 성남시 분당구 백현동 504-3번지,41135,11000,0,0504,0003,108912580,정인환 다가구주택, , , ,잡종지,보전녹지지역, , , ,28,1310, ,0100,신축,1662.0,223.56,13.45,372.24,372.24,22.4,2,0,01000,단독주택,0,0,0,4, ,20021204, ,20001205, ,20220909
240,경기도 성남시 분당구 백현동 504-3번지,41135,11000,0,0504,0003,108914605,., , , ,잡종지,보전녹지지역, , , ,28,1310, ,0100,신축,1719.0,342.54,19.93,342.54,342.54,19.93,1,0,03000,제1종근린생활시설,0,0,0,2,20041005, ,20041005,20040618,20090302,20220909
241,경기도 성남시 분당구 백현동 504-4번지,41135,11000,0,0504,0004,108912100,분당주택, , , ,잡종지,보전녹지지역, , , ,28,1310, ,0100,신축,917.0,182.06,19.85,658.67,531.36,57.95,1,0,01000,단독주택,0,0,3,6,20010402, ,20010410,20000714,20021115,20220909
242,경기도 성남시 분당구 백현동 504-5번지,41135,11000,0,0504,0005,108912583,강동화 다가구주택, , , ,잡종지,보전녹지지역, , , ,28,1310, ,0100,신축,1781.0,223.56,12.55,372.24,372.24,20.9,2,0,01000,단독주택,0,0,0,4, ,20021211, ,20001212, ,20220909
243,경기도 성남시 분당구 백현동 504-7번지,41135,11000,0,0504,0007,1089100031343,"1동(본건물), 2동(한식정자)", , , ,잡종지,도시지역, ,UOC999,보호구역기타,28,UQA001, ,0100,신축,1947.0,365.36,18.77,824.68,584.02,30.0,2,0,01000,단독주택,0,1,0,0,20130410, ,20130411,20130322,20140527,20220909
244,경기도 성남시 분당구 백현동 504-7번지,41135,11000,0,0504,0007,1089100031344, , , , ,잡종지,도시지역, ,UOC999,보호구역기타,28,UQA001, , , ,0.0,0.0,0.0,0.0,0.0,0.0,0,0, , ,0,0,0,0, , , ,20130322, ,20220909
245,경기도 성남시 분당구 백현동 504-7번지,41135,11000,0,0504,0007,1089100034796, , , , ,잡종지,도시지역, ,UOC999,보호구역기타,28,UQA001, , , ,0.0,0.0,0.0,0.0,0.0,0.0,0,0, , ,0,0,0,0, , , ,20140109, ,20220909
246,경기도 성남시 분당구 백현동 504-8번지,41135,11000,0,0504,0008,1000000000000000330093, , , , ,잡종지,보전녹지지역, , , ,28,UQA410, , , ,965.0,18.0,0.0,18.0,0.0,0.0,0,0, , ,0,0,0,0, , , ,20230704, ,20250513
247,경기도 성남시 분당구 백현동 504-10번지,41135,11000,0,0504,0010,1089100031342,백현동 504-10 제1종근린생활시설 (박종호), , , ,잡종지,보전녹지지역, , , ,28,UQA410, ,0100,신축,943.0,161.79,17.16,222.96,222.96,23.64,1,0,03000,제1종근린생활시설,0,0,0,0, ,20150321, ,20130322, ,20220909
248,경기도 성남시 분당구 백현동 504-10번지,41135,11000,0,0504,0010,1089100031341, , , , ,잡종지,도시지역, ,UOC999,보호구역기타,28,UQA001, ,0100,신축,1682.0,335.94,19.97,1228.09,530.72,31.55,1,0,01000,단독주택,0,0,1,0,20150521,20150321,20150601,20130322,20161011,20220909
249,경기도 성남시 분당구 백현동 504-17번지,41135,11000,0,0504,0017,1089100047117, , , , ,대, , , , ,08, , , , ,0.0,0.0,0.0,0.0,0.0,0.0,0,0, , ,0,0,0,0, , , ,20161125, ,20220909
250,경기도 성남시 분당구 백현동 504-17번지,41135,11000,0,0504,0017,108912460,., , , ,잡종지,보전녹지지역, , , ,28,1310, ,0100,신축,526.0,104.88,19.94,291.15,186.27,35.41,1,0,01000,단독주택,0,0,3,2,20020409, ,20020409,20000919,20030807,20220909
251,경기도 성남시 분당구 백현동 504-17번지,41135,11000,0,0504,0017,1089100048055,백현동 504-17 단독주택 (이동환), , , ,대,보전녹지지역, , , ,08,UQA410, ,0100,신축,526.0,104.745,19.91,330.135,200.79,38.17,1,0,01000,단독주택,1,0,0,0,20170908, ,20170908,20170308,20180723,20220909
252,경기도 성남시 분당구 백현동 504-18번지,41135,11000,0,0504,0018,108912476,그린하우스, , , ,잡종지,보전녹지지역, , , ,28,1310, ,0100,신축,700.0,137.65,19.66,215.27,215.27,30.75,1,0,01000,단독주택,0,0,1,2,20020830,20020926,20020830,20000827,20060927,20220909
253,경기도 성남시 분당구 백현동 504-18번지,41135,11000,0,0504,0018,1000000000000000388942,그린하우스, , , ,대,보전녹지지역, ,UJC100,소하천구역,08,UQA410, ,0200,증축,700.0,137.46,19.64,414.54,266.04,38.01,1,0,01000,단독주택,0,0,1,0,20231117, ,20231122,20231016,20240926,20240926
254,경기도 성남시 분당구 백현동 504-18번지,41135,11000,0,0504,0018,1089100042816,백현동 504-18 (정호현), , , ,대,도시지역, ,UJC100,소하천구역,08,UQA001, ,0100,신축,700.0,136.95,19.5643,495.5,244.14,34.8771,1,0,01000,단독주택,1,0,0,0, ,20170818, ,20150918, ,20220909
255,경기도 성남시 분당구 백현동 504-20번지,41135,11000,0,0504,0020,1089100007668, , , , ,잡종지,보전녹지지역, , , ,28,1310, , , ,717.0,27.0,0.0,27.0,0.0,0.0,0,0, , ,0,0,0,0, , , ,20090224, ,20220909
256,경기도 성남시 분당구 백현동 504-20번지,41135,11000,0,0504,0020,108912461,., , , ,잡종지,보전녹지지역, , , ,28,1310, ,0100,신축,717.0,141.9,19.79,326.8,257.71,35.94,1,0,01000,단독주택,0,0,1,1,20021214,20020918,20021214,20000919, ,20220909
257,경기도 성남시 분당구 백현동 504-22번지,41135,11000,0,0504,0022,108912099,분당주택, , , ,유원지,보전녹지지역, , , ,24,1310, ,0100,신축,916.0,182.06,19.88,1131.14,531.36,58.01,1,0,01000,단독주택,0,0,3,12,20010402, ,20010410,20000714,20021115,20220909
258,경기도 성남시 분당구 백현동 511-3번지,41135,11000,0,0511,0003,108913813,백현511-3, , , ,잡종지,보전녹지지역, , , ,28,1310, ,0100,신축,96.0,14.64,15.25,14.64,14.64,15.25,1,0,03000,제1종근린생활시설,0,0,0,0,20030224, ,20030224,20021029, ,20251026
259,경기도 성남시 분당구 백현동 511-3번지,41135,11000,0,0511,0003,1000000000000000900176, , , , ,잡종지,도시지역, , , ,28,UQA001, ,0100,신축,86.0,17.13,19.92,17.13,17.13,19.92,1,0,03000,제1종근린생활시설,0,0,0,0, , , ,20260310, ,20260310
260,경기도 성남시 분당구 백현동 511-25번지,41135,11000,0,0511,0025,1089100033688,남서울골프장, , , ,체육용지, , , , ,23, , ,0200,증축,1118446.0,8178.3,0.7312,19797.55,11083.44,0.99,18,0,13000,운동시설,0,0,0,0,20140104, ,20140109,20130926,20140304,20220909
261,경기도 성남시 분당구 백현동 511-25번지,41135,11000,0,0511,0025,1089100074235,남서울 골프장, , , ,대,보전녹지지역, ,UQQ100,도시계획구역,08,UQA410, ,0200,증축,1118446.0,8832.91,0.7897,21539.51,12825.51,1.1467,22,0,13000,운동시설,0,0,0,0,20220222, ,20220224,20220125,20220610,20220909
262,경기도 성남시 분당구 백현동 511-25번지,41135,11000,0,0511,0025,1089100042110,백현동 511-25 운동시설 (이규일), , , ,체육용지,도시지역,비행안전제2구역(전술),UOC999,보호구역기타,23,UQA001,UNE412,0200,증축,1118446.0,8770.2,0.78,21438.66,12724.55,1.1377,22,0,13000,운동시설,0,0,0,0,20150731, ,20150807,20150720,20160329,20220909
263,경기도 성남시 분당구 백현동 511-25번지,41135,11000,0,0511,0025,1089100048138, , , , ,체육용지,보전녹지지역, ,UOC999,보호구역기타,23,UQA410, , , ,1118446.0,18.0,0.0,18.0,0.0,0.0,0,0, , ,0,0,0,0, , , ,20170321, ,20220909
264,경기도 성남시 분당구 백현동 511-25번지,41135,11000,0,0511,0025,1089100029021,남서울골프장, , , ,체육용지,보전녹지지역, , , ,23,UQA410, ,0600,대수선,1118446.0,8178.3,0.7312,19755.32,11041.21,0.9872,18,0,13000,운동시설,0,0,0,0, , , ,20121116, ,20220909
265,경기도 성남시 분당구 백현동 511-25번지,41135,11000,0,0511,0025,1089100044520, , , , ,체육용지,도시지역, ,UOC999,보호구역기타,23,UQA001, , , ,18.0,18.0,0.0,18.0,0.0,0.0,0,0, , ,0,0,0,0, , , ,20160310, ,20220909
266,경기도 성남시 분당구 백현동 511-25번지,41135,11000,0,0511,0025,1089100021168,남서울 골프장 부대시설, , , ,체육용지,보전녹지지역, ,UQQ100,도시계획구역,23,UQA410, ,0700,용도변경,1118446.0,7316.89,0.65,19535.82,9499.67,0.85,17,0,13000,운동시설,0,0,0,0, , , ,20110819,20110830,20220909
267,경기도 성남시 분당구 백현동 511-25번지,41135,11000,0,0511,0025,1089100042111, , , , ,체육용지,도시지역,비행안전제2구역(전술),UOC999,보호구역기타,23,UQA001,UNE412, , ,1118446.0,72.0,0.0,72.0,0.0,0.0,0,0, , ,0,0,0,0, , , ,20150720, ,20220909
268,경기도 성남시 분당구 백현동 511-25번지,41135,11000,0,0511,0025,1089667,남서울 골프장 부대시설, , , ,체육용지,보전녹지지역, ,010,도시계획구역,23,1310, ,0200,증축,1118446.0,7316.89,0.65,19535.82,9499.67,0.85,17,0,13000,운동시설,0,0,0,675,20060801, ,20060801,20060626,20090723,20220909
269,경기도 성남시 분당구 백현동 511-25번지,41135,11000,0,0511,0025,1089100025632,남서울골프장, , , ,체육용지,보전녹지지역, , , ,23,UQA410, ,0200,증축,1118446.0,8178.3,0.73,19755.32,11041.21,0.99,18,0,13000,운동시설,0,0,0,0,20120611, ,20120625,20120517,20120921,20220909
270,경기도 성남시 분당구 백현동 511-25번지,41135,11000,0,0511,0025,1089100045472, , , , ,체육용지, , , , ,23, , , , ,0.0,18.0,0.0,18.0,0.0,0.0,0,0, , ,0,0,0,0, , , ,20160621, ,20220909
271,경기도 성남시 분당구 백현동 511-25번지,41135,11000,0,0511,0025,1089100015909,백현동 511-25 운동시설, , , ,체육용지,보전녹지지역, , , ,23,UQA410, ,0700,용도변경,1118446.0,7332.89,0.65,19551.82,9515.67,0.85,18,0,13000,운동시설,0,0,0,0, , , ,20100914, ,20220909
272,경기도 성남시 분당구 백현동 511-25번지,41135,11000,0,0511,0025,1089100015266,백현동 511-25 남서울골프장, , , ,체육용지, , , , ,23, , ,0700,용도변경,1118446.0,7316.89,0.65,19535.82,9499.67,0.85,17,0,13000,운동시설,0,0,0,0, , , ,20100806,20100819,20220909
273,경기도 성남시 분당구 백현동 511-25번지,41135,11000,0,0511,0025,1089100028195,남서울골프장, , , ,체육용지, , , , ,23, , ,0700,용도변경,1118446.0,8178.3,0.7312,19755.32,11041.21,0.9872,18,0,13000,운동시설,0,0,0,0, , , ,20120928,20121002,20220909
274,경기도 성남시 분당구 백현동 511-25번지,41135,11000,0,0511,0025,1089100015526,백현동 511-25  남서울골프장, , , ,체육용지,보전녹지지역, , , ,23,UQA410, ,0200,증축,1118446.0,7332.89,0.65,19551.82,9515.67,0.85,18,0,13000,운동시설,0,0,0,0,20100831, ,20100830,20100823,20100914,20220909
275,경기도 성남시 분당구 백현동 511-25번지,41135,11000,0,0511,0025,1089100035857,백현동 511-25 운동시설 (경원건설(주)대표이사 이규일), , , ,체육용지,도시지역, ,UOC999,보호구역기타,23,UQA001, ,0200,증축,1118446.0,8178.3,0.7312,19833.34,11119.23,0.9941,18,0,13000,운동시설,0,0,0,0,20140421, ,20140414,20140401,20140429,20220909
276,경기도 성남시 분당구 백현동 511-25번지,41135,11000,0,0511,0025,1089100042130,백현동 511-25 운동시설 (경원건설(주) 대표이사 이규일), , , ,체육용지,도시지역,비행안전제2구역(전술),UOC999,보호구역기타,23,UQA001,UNE412,0700,용도변경,1118446.0,8178.3,0.7312,19833.34,11119.23,0.9942,21,0,13000,운동시설,0,0,0,0, , , ,20150722,20150731,20220909
277,경기도 성남시 분당구 백현동 511-25번지,41135,11000,0,0511,0025,1089100048105, , , , ,체육용지,보전녹지지역, ,UOC999,보호구역기타,23,UQA410, , , ,1118446.0,18.0,0.0,18.0,0.0,0.0,0,0, , ,0,0,0,0, , , ,20170314, ,20220909
278,경기도 성남시 분당구 백현동 511-25번지,41135,11000,0,0511,0025,1089100011133,남서울 골프장 부대시설, , , ,체육용지,보전녹지지역, ,010,도시계획구역,23,1310, ,0700,용도변경,1118446.0,7316.89,0.65,19535.82,9499.67,0.85,17,0,13000,운동시설,0,0,0,0, , , ,20090917,20090924,20220909
279,경기도 성남시 분당구 백현동 511-28번지,41135,11000,0,0511,0028,1089100004988, , , , ,체육용지,보전녹지지역, ,010,도시계획구역,23,1310, , , ,0.0,0.0,0.0,0.0,0.0,0.0,0,0, , ,0,0,0,0, , , ,20080317, ,20220909
280,경기도 성남시 분당구 백현동 511-28번지,41135,11000,0,0511,0028,1089100005906, , , , ,대, , , , ,08, , , , ,125205.0,84.0,0.0,84.0,0.0,0.0,0,0, , ,0,0,0,0, , , ,20080623, ,20220909
281,경기도 성남시 분당구 백현동 511-28번지,41135,11000,0,0511,0028,108916102, , , , , , , , , , , , , , ,125205.0,72.0,0.0,72.0,0.0,0.0,0,0, , ,0,0,0,0, , , ,20070130, ,20220909
282,경기도 성남시 분당구 백현동 516번지,41135,11000,0,0516,0000,1089100050045, , , , ,대,준주거지역,비행안전제2구역(전술),UQQ300,지구단위계획구역,08,UQA130,UNE412, , ,52418.0,54.0,0.0,54.0,0.0,0.0,0,0, , ,0,0,0,0, , , ,20170922, ,20220909
283,경기도 성남시 분당구 백현동 516번지,41135,11000,0,0516,0000,1089100049658, , , , ,대, , , , ,08, , , , ,0.0,0.0,0.0,0.0,0.0,0.0,0,0, , ,0,0,0,0, , , ,20170817, ,20220909
284,경기도 성남시 분당구 백현동 516번지,41135,11000,0,0516,0000,1089100019547,백현동 516 교육연구시설 (한국식품연구원 대표 이무하), , , ,대, , , , ,08, , ,3000,가설건축물축조허가,102698.0,144.0,0.1402,144.0,144.0,0.1402,3,0,10000,교육연구시설,0,0,0,0,20110321, ,20110511,20110303,20110517,20220909
285,경기도 성남시 분당구 백현동 516번지,41135,11000,0,0516,0000,1089100058513, , , , ,대, , , , ,08, , , , ,38522.0,36.0,0.0,36.0,0.0,0.0,0,0, , ,0,0,0,0, , , ,20190530, ,20240701
286,경기도 성남시 분당구 백현동 516번지,41135,11000,0,0516,0000,1089100057145, , , , ,대,준주거지역, ,UNE412, ,08,UQA130, , , ,25588.0,72.0,0.0,126.0,0.0,0.0,0,0, , ,0,0,0,0, , , ,20190312, ,20240701
287,경기도 성남시 분당구 백현동 516번지,41135,11000,0,0516,0000,1089100048717, , , , ,대,준주거지역,비행안전제2구역(전술),UQQ300,지구단위계획구역,08,UQA130,UNE412, , ,52418.0,54.0,0.0,54.0,0.0,0.0,0,0, , ,0,0,0,0, , , ,20170523, ,20220909
288,경기도 성남시 분당구 백현동 516번지,41135,11000,0,0516,0000,1089100058389, , , , ,대,도시지역,비행안전제2구역(전술),UQQ300,지구단위계획구역,08,UQA001,UNE412, , ,52418.0,63.0,0.0,117.0,0.0,0.0,0,0, , ,0,0,0,0, , , ,20190522, ,20220909
289,경기도 성남시 분당구 백현동 516번지,41135,11000,0,0516,0000,1089100050183, , , , ,대,준주거지역,비행안전제2구역(전술),UQQ300,지구단위계획구역,08,UQA130,UNE412, , ,48669.0,99.0,0.0,99.0,0.0,0.0,0,0, , ,0,0,0,0, , , ,20171017, ,20220909
290,경기도 성남시 분당구 백현동 516번지,41135,11000,0,0516,0000,1089100048670, , , , ,대,준주거지역,비행안전제2구역(전술),UQQ300,지구단위계획구역,08,UQA130,UNE412, , ,38522.0,225.0,0.0,225.0,0.0,0.0,0,0, , ,0,0,0,0, , , ,20170518, ,20240701
291,경기도 성남시 분당구 백현동 516-20번지,41135,11000,0,0516,0020,1089100058448, , , , ,대,도시지역,비행안전제2구역(전술),UQQ300,지구단위계획구역,08,UQA001,UNE412, , ,52418.0,27.0,0.0,27.0,0.0,0.0,0,0, , ,0,0,0,0, , , ,20190527, ,20220909
292,경기도 성남시 분당구 백현동 516-20번지,41135,11000,0,0516,0020,1089100060571, , , , ,대,준주거지역,비행안전제2구역(전술),UQQ300,지구단위계획구역,08,UQA130,UNE412, , ,52418.0,27.0,0.0,54.0,0.0,0.0,0,0, , ,0,0,0,0, , , ,20190926, ,20220909
293,경기도 성남시 분당구 백현동 516-20번지,41135,11000,0,0516,0020,1089100055865, , , , ,대,준주거지역,비행안전제2구역(전술),UQQ300,지구단위계획구역,08,UQA130,UNE412, , ,25588.0,585.0,0.0,585.0,0.0,0.0,0,0, , ,0,0,0,0, , , ,20190103, ,20220909
294,경기도 성남시 분당구 백현동 516-20번지,41135,11000,0,0516,0020,1089100058449, , , , ,대, , , , ,08, , , , ,52418.0,18.0,0.0,18.0,0.0,0.0,0,0, , ,0,0,0,0, , , ,20190527, ,20220909
295,경기도 성남시 분당구 백현동 516-20번지,41135,11000,0,0516,0020,1089100050735, , , , ,대,준주거지역,비행안전제2구역(전술),UQQ300,지구단위계획구역,08,UQA130,UNE412, , ,25588.0,630.0,0.0,1251.0,0.0,0.0,0,0, , ,0,0,0,0, , , ,20171208, ,20220909
296,경기도 성남시 분당구 백현동 516-20번지,41135,11000,0,0516,0020,1089100058548, , , , ,대,도시지역,비행안전제2구역(전술),UQQ300,지구단위계획구역,08,UQA001,UNE412, , ,52418.0,18.0,0.0,18.0,0.0,0.0,0,0, , ,0,0,0,0, , , ,20190531, ,20240701
297,경기도 성남시 분당구 백현동 516-20번지,41135,11000,0,0516,0020,1089100054592, , , , ,대,도시지역,비행안전제2구역(전술),UQQ300,지구단위계획구역,08,UQA001,UNE412, , ,25588.0,202.0,0.0,404.0,0.0,0.0,0,0, , ,0,0,0,0, , , ,20181008, ,20220909
298,경기도 성남시 분당구 백현동 516-21번지,41135,11000,0,0516,0021,1089100052840, , , , ,임야, , ,UQQ300,지구단위계획구역,05, , ,0100,신축,29859.0,0.0,0.0,39.78,0.0,0.0,1,0,04000,제2종근린생활시설,0,0,0,0,20181001, ,20181005,20180528,20210724,20220909
299,경기도 성남시 분당구 백현동 516-23번지,41135,11000,0,0516,0023,1089100058566, , , , ,임야,도시지역,비행안전제2구역(전술),UQQ300,지구단위계획구역,05,UQA001,UNE412, , ,524.0,12.0,0.0,12.0,0.0,0.0,0,0, , ,0,0,0,0, , , ,20190603, ,20220909
300,경기도 성남시 분당구 백현동 516-27번지,41135,11000,0,0516,0027,1089100058525, , , , ,임야, , , , ,05, , , , ,52418.0,28.0,0.0,28.0,0.0,0.0,0,0, , ,0,0,0,0, , , ,20190530, ,20220909
301,경기도 성남시 분당구 백현동 516-27번지,41135,11000,0,0516,0027,1089100060232, , , , ,임야,준주거지역,비행안전제2구역(전술),UOA120,상대보호구역,05,UQA130,UNE412, , ,17983.0,9.0,0.0,9.0,0.0,0.0,0,0, , ,0,0,0,0, , , ,20190902, ,20220909
302,경기도 성남시 분당구 백현동 516-27번지,41135,11000,0,0516,0027,1089100058405, , , , ,임야,도시지역,비행안전제2구역(전술),UOA120,상대보호구역,05,UQA001,UNE412, , ,17983.0,162.0,0.0,324.0,0.0,0.0,0,0, , ,0,0,0,0, , , ,20190523, ,20220909
303,경기도 성남시 분당구 백현동 516-27번지,41135,11000,0,0516,0027,1089100058588, , , , ,임야, , , , ,05, , , , ,17699.0,162.0,0.0,324.0,0.0,0.0,0,0, , ,0,0,0,0, , , ,20190604, ,20220909
304,경기도 성남시 분당구 백현동 517번지,41135,11000,0,0517,0000,1000000000000000762571, , , , ,공원,도시지역,비행안전제2구역(전술),UOA120,상대보호구역,22,UQA001,UNE412, , ,233.0,63.0,0.0,63.0,0.0,0.0,0,0, , ,0,0,0,0, , , ,20250710, ,20260206
305,경기도 성남시 분당구 백현동 517번지,41135,11000,0,0517,0000,1000000000000000589707, , , , ,공원,도시지역, , , ,22,UQA01X, , , ,2856.0,18.0,0.0,18.0,0.0,0.0,0,0, , ,0,0,0,0, , , ,20240924, ,20240924
306,경기도 성남시 분당구 백현동 517번지,41135,11000,0,0517,0000,1000000000000000905341, , , , ,공원,도시지역, ,UQQ300,지구단위계획구역,22,UQA001, , , ,2856.0,147.4,0.0,216.0,0.0,0.0,0,0, , ,0,0,0,0, , , ,20260317, ,20260410
307,경기도 성남시 분당구 백현동 517번지,41135,11000,0,0517,0000,1000000000000000581292, , , , ,공원,도시지역, , , ,22,UQA001, , , ,233.0,36.0,0.0,36.0,0.0,0.0,0,0, , ,0,0,0,0, , , ,20240904, ,20240904
308,경기도 성남시 분당구 백현동 518번지,41135,11000,0,0518,0000,1089100039288, , , , ,잡종지, , , , ,28, , , , ,38339.0,18.0,0.0,18.0,0.0,0.0,0,0, , ,0,0,0,0, , , ,20141201, ,20220909
309,경기도 성남시 분당구 백현동 518번지,41135,11000,0,0518,0000,1089100039372, , , , ,잡종지, , , , ,28, , , , ,38339.0,18.0,0.0,18.0,0.0,0.0,0,0, , ,0,0,0,0, , , ,20141205, ,20220909
310,경기도 성남시 분당구 백현동 518번지,41135,11000,0,0518,0000,1089100040865, , , , ,공장용지, , , , ,09, , , , ,38339.0,36.0,0.0,36.0,0.0,0.0,0,0, , ,0,0,0,0, , , ,20150309, ,20220909
311,경기도 성남시 분당구 백현동 518번지,41135,11000,0,0518,0000,1089100039289, , , , ,잡종지, , , , ,28, , , , ,38339.0,36.0,0.0,36.0,0.0,0.0,0,0, , ,0,0,0,0, , , ,20141201, ,20220909
312,경기도 성남시 분당구 백현동 518번지,41135,11000,0,0518,0000,1000000000000000750850, , , , ,잡종지,도시지역,비행안전제2구역(전술),UQQ300,지구단위계획구역,28,UQA001,UNE412, , ,0.0,0.0,0.0,0.0,0.0,0.0,0,0, , ,0,0,0,0, , , ,20250623, ,20250623
313,경기도 성남시 분당구 백현동 518번지,41135,11000,0,0518,0000,1089100004977,판교집단에너지공급시설, , , ,대,준주거지역, ,301,제1종지구단위계획구역,08,UQA130, ,0100,신축,38339.0,12192.23,31.8,32741.0,25545.92,66.63,2,2,25000,발전시설,0,0,0,0,20080410, ,20080407,20080313,20101126,20220909
314,경기도 성남시 분당구 백현동 518번지,41135,11000,0,0518,0000,1089100063430, , , , ,잡종지,도시지역,비행안전제2구역(전술),UQQ300,지구단위계획구역,28,UQA001,UNE412, , ,38339.0,144.0,0.0,144.0,0.0,0.0,0,0, , ,0,0,0,0, , , ,20200410, ,20220909
315,경기도 성남시 분당구 백현동 518번지,41135,11000,0,0518,0000,1089100063677, , , , ,잡종지,도시지역,비행안전제2구역(전술),UQQ300,지구단위계획구역,28,UQA001,UNE412, , ,38339.0,16.38,0.0,16.38,0.0,0.0,0,0, , ,0,0,0,0, , , ,20200501, ,20220909
316,경기도 성남시 분당구 백현동 518번지,41135,11000,0,0518,0000,1089100061273, , , , ,잡종지,준주거지역,비행안전제2구역(전술),UQQ300,지구단위계획구역,28,UQA130,UNE412, , ,38339.0,36.0,0.0,36.0,0.0,0.0,0,0, , ,0,0,0,0, , , ,20191111, ,20230612
317,경기도 성남시 분당구 백현동 518번지,41135,11000,0,0518,0000,1000000000000000302208, , , , ,잡종지,도시지역,비행안전제2구역(전술),UQQ300,지구단위계획구역,28,UQA001,UNE412, , ,38339.0,162.0,0.0,162.0,0.0,0.0,0,0, , ,0,0,0,0, , , ,20230525, ,20250807
318,경기도 성남시 분당구 백현동 518번지,41135,11000,0,0518,0000,1000000000000000322859, , , , ,잡종지,도시지역, ,UQQ300,지구단위계획구역,28,UQA001, , , ,38339.0,18.0,0.0,18.0,0.0,0.0,0,0, , ,0,0,0,0, , , ,20230622, ,20230912
319,경기도 성남시 분당구 백현동 518번지,41135,11000,0,0518,0000,1089100024256, , , , ,대,도시지역, ,UQQ310,제1종지구단위계획구역,08,UQA001, ,3000,가설건축물축조허가,38339.0,204.0,0.53,204.0,204.0,0.53,0,0,28000,가설건축물,0,0,0,0, , , ,20120224, ,20230814
320,경기도 성남시 분당구 백현동 518번지,41135,11000,0,0518,0000,1000000000000000512089, , , , ,잡종지,도시지역,비행안전제2구역(전술),UQQ300,지구단위계획구역,28,UQA001,UNE412, , ,38339.0,117.0,0.0,117.0,0.0,0.0,0,0, , ,0,0,0,0, , , ,20240508, ,20240723
321,경기도 성남시 분당구 백현동 518번지,41135,11000,0,0518,0000,1089100054588, , , , ,잡종지,준주거지역,비행안전제2구역(전술),UQQ310,제1종지구단위계획구역,28,UQA130,UNE412, , ,38339.0,18.0,0.0,18.0,0.0,0.0,0,0, , ,0,0,0,0, , , ,20181008, ,20220909
322,경기도 성남시 분당구 백현동 518번지,41135,11000,0,0518,0000,1089100017306, , , , ,대, , , , ,08, , ,3000,가설건축물축조허가,39206.0,18.0,0.0,18.0,0.0,0.0,0,0, , ,0,0,0,0, , , ,20101214, ,20250321
323,경기도 성남시 분당구 백현동 518번지,41135,11000,0,0518,0000,1089100076058, , , , ,잡종지,도시지역,비행안전제2구역(전술),UQQ300,지구단위계획구역,28,UQA001,UNE412, , ,38339.0,214.38,0.0,214.38,0.0,0.0,0,0, , ,0,0,0,0, , , ,20220510, ,20220909
324,경기도 성남시 분당구 백현동 518번지,41135,11000,0,0518,0000,1000000000000000686254, , , , ,잡종지,도시지역,비행안전제2구역(전술),UQQ300,지구단위계획구역,28,UQA001,UNE412, , ,38339.0,189.0,0.0,189.0,0.0,0.0,0,0, , ,0,0,0,0, , , ,20250321, ,20250528
325,경기도 성남시 분당구 백현동 518번지,41135,11000,0,0518,0000,1000000000000000283258, , , , ,잡종지,도시지역, ,UQQ300,지구단위계획구역,28,UQA001, , , ,38339.0,81.0,0.0,81.0,0.0,0.0,0,0, , ,0,0,0,0, , , ,20230428, ,20230629
326,경기도 성남시 분당구 백현동 518번지,41135,11000,0,0518,0000,1089100044054,한국지역난방판교지사, , , ,잡종지,도시지역, ,UQQ310,제1종지구단위계획구역,28,UQA001, ,0200,증축,38339.0,13274.57,34.62,34604.32,27409.24,71.49,2,4,25000,발전시설,0,0,0,0,20160125, ,20160211,20160118,20160425,20220909
327,경기도 성남시 분당구 백현동 518번지,41135,11000,0,0518,0000,1089100040784, , , , ,대, , , , ,08, , , , ,38339.0,36.0,0.0,36.0,0.0,0.0,0,0, , ,0,0,0,0, , , ,20150225, ,20220909
328,경기도 성남시 분당구 백현동 518번지,41135,11000,0,0518,0000,1089100039065,판교연계설비동, , , ,잡종지,도시지역, ,UQQ310,제1종지구단위계획구역,28,UQA001, ,0200,증축,38339.0,13031.2,33.99,34360.95,27165.87,70.86,5,0,25000,발전시설,0,0,0,0,20141117, ,20141118,20141113,20151211,20220909
329,경기도 성남시 분당구 백현동 518번지,41135,11000,0,0518,0000,1089100069994, , , , ,잡종지,도시지역,비행안전제2구역(전술),UQQ300,지구단위계획구역,28,UQA001,UNE412, , ,38339.0,187.38,0.0,187.38,0.0,0.0,0,0, , ,0,0,0,0, , , ,20210604, ,20220909
330,경기도 성남시 분당구 백현동 521번지,41135,11000,0,0521,0000,1089100061811,백현동 5210000 제1종근린생활시설 (채희봉), , , ,잡종지,자연녹지지역, , , ,28,UQA430, ,0200,증축,9462.0,642.5075,6.7904,609.1475,557.51,5.8921,4,0,03000,제1종근린생활시설,0,0,0,0,20200102, ,20200110,20191219,20200205,20220909
331,경기도 성남시 분당구 백현동 521번지,41135,11000,0,0521,0000,1089100067117,백현동 521 위험물저장및처리시설 (한국가스공사), , , ,대,자연녹지지역, ,UQQ300,지구단위계획구역,08,UQA430, ,0200,증축,9462.0,665.2375,7.03,631.8775,580.24,6.13,3,1,03000,제1종근린생활시설,0,0,0,0,20241211, ,20241223,20201216,20250205,20250205
332,경기도 성남시 분당구 백현동 521번지,41135,11000,0,0521,0000,1089100059625,한국가스공사 판교관리소, , , ,대,자연녹지지역, ,UQQ300,지구단위계획구역,08,UQA430, ,0600,대수선,9462.0,590.87,6.2447,557.51,557.51,5.8889,2,1,03000,제1종근린생활시설,0,0,0,0,20190905, ,20190909,20190730,20200911,20220909
333,경기도 성남시 분당구 백현동 521번지,41135,11000,0,0521,0000,1089100003989,한국가스공사 판교관리소,성남판교(택) 공공시설용지 가스공급시설 가스-01, , ,대,자연녹지지역, , , ,08,1330, ,0100,신축,9462.0,590.87,6.24,557.51,557.51,5.89,2,1,03000,제1종근린생활시설,0,0,0,0,20080110, ,20080111,20071126,20090918,20220909
334,경기도 성남시 분당구 백현동 522번지,41135,11000,0,0522,0000,108915741,성남판교자동크린넷-4, , , ,임야,준주거지역, ,301,제1종지구단위계획구역,05,1030, ,0100,신축,1827.0,603.35,33.02,1186.07,759.21,41.56,1,0,22000,분뇨.쓰레기처리시설,0,0,0,6,20071119, ,20071116,20071029,20090825,20220909
335,경기도 성남시 분당구 백현동 523번지,41135,11000,0,0523,0000,108915335,판교신도시사업단현장사무소, , , ,공원,용도지역미지정,기타지구,990,기타구역,22,9800,990,3000,가설건축물축조허가,8499.21,2066.13,24.31,4678.6,4678.6,55.05,1,0,14000,업무시설,0,0,0,0,20060605, ,20060605,20060503,20060825,20220909
336,경기도 성남시 분당구 백현동 523번지,41135,11000,0,0523,0000,1000000000000000852168, , , , ,공원,도시지역, , , ,22,UQA001, , , ,428697.6,15.0,0.0,0.0,0.0,0.0,0,0, , ,0,0,0,0, , , ,20251202, ,20251202
337,경기도 성남시 분당구 백현동 523번지,41135,11000,0,0523,0000,1089100032908, , , , ,대,자연녹지지역,예정지역기타,UQQ300,지구단위계획구역,08,UQA430,UBO999, , ,428697.6,253.86,0.0,253.86,0.0,0.0,0,0, , ,0,0,0,0, , , ,20130717, ,20220909
338,경기도 성남시 분당구 백현동 523번지,41135,11000,0,0523,0000,1089100066395,성남 백현하나 어린이집 (성남시청), , , ,공원,도시지역,비행안전제2구역(전술),UOA120,상대보호구역,22,UQA001,UNE412,0200,증축,428697.6,3179.04,0.74,7375.64,7375.64,1.72,2,0,11000,노유자시설,0,0,0,0,20201214, ,20201216,20201110,20211111,20220909
339,경기도 성남시 분당구 백현동 523번지,41135,11000,0,0523,0000,1089100038553,판교어린이도서관, , , ,공원,도시지역,비행안전제2구역(전술),UQQ310,제1종지구단위계획구역,22,UQA001,UNE412,0700,용도변경,428697.6,2768.32,0.6458,6273.06,6273.06,1.4633,1,0,10000,교육연구시설,0,0,0,0, , , ,20141016, ,20220909
340,경기도 성남시 분당구 백현동 523번지,41135,11000,0,0523,0000,1089100039528, , , , ,공원,도시지역,비행안전제2구역(전술),UQQ310,제1종지구단위계획구역,22,UQA001,UNE412, , ,0.0,0.0,0.0,0.0,0.0,0.0,0,0, , ,0,0,0,0, , , ,20141215, ,20220909
341,경기도 성남시 분당구 백현동 523번지,41135,11000,0,0523,0000,1000000000000000720367,백현동 523, , , ,공원,도시지역,비행안전제2구역(전술),UOA120,상대보호구역,22,UQA001,UNE412,0200,증축,428697.6,3191.04,0.74,7387.64,7387.64,1.72,1,0,03000,제1종근린생활시설,0,0,0,0,20251023, ,20251028,20250508, ,20251028
342,경기도 성남시 분당구 백현동 523번지,41135,11000,0,0523,0000,1089100028276,성남판교어린이도서관 건립공사, , , ,공원,도시지역,비행안전제2구역(전술),UQQ310,제1종지구단위계획구역,22,UQA001,UNE412,0100,신축,428697.6,2768.32,0.6733,6273.06,6273.06,1.3343,1,0,10000,교육연구시설,0,0,0,0,20130628, ,20130710,20121005,20140630,20220909
343,경기도 성남시 분당구 백현동 524번지,41135,11000,0,0524,0000,1089100065176, , , , ,묘지,도시지역,비행안전제2구역(전술),UOA120,상대보호구역,27,UQA001,UNE412,0100,신축,16464.3,103.47,0.63,99.95,99.95,0.61,2,3,03000,제1종근린생활시설,0,0,0,0,20200901, ,20200901,20200813,20210420,20220909
344,경기도 성남시 분당구 백현동 524번지,41135,11000,0,0524,0000,1089100064070, , , , ,묘지,도시지역,비행안전제2구역(전술),UOA120,상대보호구역,27,UQA001,UNE412, , ,16464.0,63.0,0.0,63.0,0.0,0.0,0,0, , ,0,0,0,0, , , ,20200528, ,20220909
345,경기도 성남시 분당구 백현동 524번지,41135,11000,0,0524,0000,1089100075517,주3관리창고, , , ,묘지,도시지역, ,UQQ300,지구단위계획구역,27,UQA001, ,0200,증축,16464.3,146.1,0.89,146.1,146.1,0.89,1,0,03000,제1종근린생활시설,0,0,0,0,20220523, ,20220511,20220407, ,20220909
346,경기도 성남시 분당구 백현동 526번지,41135,11000,0,0526,0000,1089100007005,충성교회 판교성전, , , ,종교용지, ,택지개발지구, , ,25, ,160,0100,신축,4178.0,2087.15,49.96,25902.26,8354.94,199.97,1,0,06000,종교시설,0,0,0,0,20090108, ,20090115,20081231,20100310,20220909
347,경기도 성남시 분당구 백현동 526번지,41135,11000,0,0526,0000,1089100060196,백현동 526 종교시설 (하나님의교회세계복음선교협회), , , ,종교용지,도시지역, , , ,25,UQA001, ,0700,용도변경,4178.0,2087.15,49.96,25902.26,8354.94,199.97,1,0,06000,종교시설,0,0,0,0, , , ,20190829, ,20220909
348,경기도 성남시 분당구 백현동 528번지,41135,11000,0,0528,0000,1089100045659, , , , ,대,도시지역,비행안전제2구역(전술),UQQ310,제1종지구단위계획구역,08,UQA001,UNE412, , ,6612.0,18.0,0.0,18.0,0.0,0.0,0,0, , ,0,0,0,0, , , ,20160708, ,20220909
349,경기도 성남시 분당구 백현동 528번지,41135,11000,0,0528,0000,1000000000000000634509,판교노인종합복지관, , , ,대,도시지역,비행안전제2구역(전술),UQQ300,지구단위계획구역,08,UQA001,UNE412,0700,용도변경,6612.0,2508.2,37.93,11559.99,5427.34,82.08,1,0,11000,노유자시설,0,0,0,0, , , ,20241210, ,20241210
350,경기도 성남시 분당구 백현동 528번지,41135,11000,0,0528,0000,1089100034182, , , , ,대,도시지역, , , ,08,UQA001, , , ,0.0,128.22,0.0,231.9,0.0,0.0,0,0, , ,0,0,0,0, , , ,20131113, ,20220909
351,경기도 성남시 분당구 백현동 528번지,41135,11000,0,0528,0000,1089100045662, , , , ,대,도시지역,비행안전제2구역(전술),UQQ310,제1종지구단위계획구역,08,UQA001,UNE412, , ,6612.0,18.0,0.0,18.0,0.0,0.0,0,0, , ,0,0,0,0, , , ,20160708, ,20220909
352,경기도 성남시 분당구 백현동 528번지,41135,11000,0,0528,0000,1089100040427, , , , ,대,제3종일반주거지역, , , ,08,UQA123, , , ,6612.0,103.68,0.0,207.36,0.0,0.0,0,0, , ,0,0,0,0, , , ,20150122, ,20220909
353,경기도 성남시 분당구 백현동 528번지,41135,11000,0,0528,0000,1089100045661, , , , ,대,도시지역,비행안전제2구역(전술),UQQ310,제1종지구단위계획구역,08,UQA001,UNE412, , ,6612.0,18.0,0.0,18.0,0.0,0.0,0,0, , ,0,0,0,0, , , ,20160708, ,20220909
354,경기도 성남시 분당구 백현동 528번지,41135,11000,0,0528,0000,1089100015188,판교노인종합복지관, , , ,대,제3종일반주거지역, ,301,제1종지구단위계획구역,08,1023, ,0100,신축,6612.0,2508.2,37.93,11559.99,5427.34,82.08,1,0,11000,노유자시설,0,0,0,0,20130902, ,20131007,20100730,20170522,20220909
355,경기도 성남시 분당구 백현동 528번지,41135,11000,0,0528,0000,1089100045656, , , , ,대,도시지역,비행안전제2구역(전술),UQQ310,제1종지구단위계획구역,08,UQA001,UNE412, , ,6612.0,18.0,0.0,18.0,0.0,0.0,0,0, , ,0,0,0,0, , , ,20160708, ,20220909
356,경기도 성남시 분당구 백현동 528번지,41135,11000,0,0528,0000,1089100045655, , , , ,대,도시지역,비행안전제2구역(전술),UQQ310,제1종지구단위계획구역,08,UQA001,UNE412, , ,6612.0,18.0,0.0,18.0,0.0,0.0,0,0, , ,0,0,0,0, , , ,20160708, ,20240701
357,경기도 성남시 분당구 백현동 528번지,41135,11000,0,0528,0000,1089100045660, , , , ,대,도시지역,비행안전제2구역(전술),UQQ310,제1종지구단위계획구역,08,UQA001,UNE412, , ,6612.0,18.0,0.0,18.0,0.0,0.0,0,0, , ,0,0,0,0, , , ,20160708, ,20220909
358,경기도 성남시 분당구 백현동 529번지,41135,11000,0,0529,0000,1089100026891, , , , ,대, , , , ,08, , , , ,10906.0,778.4,0.0,870.2,0.0,0.0,0,0, , ,0,0,0,0, , , ,20120724, ,20220909
359,경기도 성남시 분당구 백현동 529번지,41135,11000,0,0529,0000,1089100026012,판교역 SK HUB, , , ,대,도시지역, ,UQQ310,제1종지구단위계획구역,08,UQA001, ,0100,신축,10906.0,6539.18,59.95,94662.48,44568.85,408.66,1,0,14000,업무시설,0,1126,0,0,20120709, ,20120703,20120611,20141031,20220909
360,경기도 성남시 분당구 백현동 530번지,41135,11000,0,0530,0000,1089100052736,알파리움, , , ,대,근린상업지역, ,UQQ310,제1종지구단위계획구역,08,UQA230,UDP100,0700,용도변경,34032.7,12010.77,35.29,191006.75,118980.331,349.61,6,2,02000,공동주택,514,0,0,0, , , ,20180521,20180620,20220909
361,경기도 성남시 분당구 백현동 530번지,41135,11000,0,0530,0000,1089100033173, , , , ,대, , , , ,08, , , , ,34032.7,726.6,0.0,1866.38,0.0,0.0,0,0, , ,0,0,0,0, , , ,20130807, ,20220909
362,경기도 성남시 분당구 백현동 530번지,41135,11000,0,0530,0000,1089100045042,알파리움, , , ,대,근린상업지역, ,UQQ310,제1종지구단위계획구역,08,UQA230,UDP100,0600,대수선,34032.7,12010.77,35.2919,191006.75,118980.331,349.6059,2,0,02000,공동주택,514,0,0,0,20160430, ,20160513,20160428,20160613,20220909
363,경기도 성남시 분당구 백현동 530번지,41135,11000,0,0530,0000,1089100072635,알파리움, , , ,대,도시지역, ,UQQ300,지구단위계획구역,08,UQA001, ,0700,용도변경,34032.7,12010.77,35.29,191006.75,118980.331,349.61,6,2,02000,공동주택,514,0,0,0, , , ,20211101,20211222,20220909
364,경기도 성남시 분당구 백현동 530번지,41135,11000,0,0530,0000,1000000000000000407323, , , , ,대,도시지역, ,UQQ300,지구단위계획구역,08,UQA001, ,0700,용도변경,34032.7,5044.67,14.823,68145.65,37806.0,111.0873,6,0,14000,업무시설,0,138,0,0, , , ,20231110, ,20231110
365,경기도 성남시 분당구 백현동 530번지,41135,11000,0,0530,0000,1089100047512, , , , ,대, , , , ,08, , , , ,34032.7,4.37,0.0,4.37,0.0,0.0,0,0, , ,0,0,0,0, , , ,20161230, ,20251215
366,경기도 성남시 분당구 백현동 530번지,41135,11000,0,0530,0000,1000000000000000889026,알파리움 타워2동, , , ,대,근린상업지역,비행안전제2구역(전술),UQQ300,지구단위계획구역,08,UQA230,UNE412,0700,용도변경,34032.7,12010.77,35.2919,191006.75,118980.331,349.6059,6,2,02000,공동주택,514,148,0,0, , , ,20260212, ,20260212
367,경기도 성남시 분당구 백현동 530번지,41135,11000,0,0530,0000,1000000000000000334884,알파리움 타워2동, , , ,대,근린상업지역,택지개발예정지구기타,UQQ310,제1종지구단위계획구역,08,UQA230,UDP999,0700,용도변경,34032.7,12010.77,35.2919,191006.75,118980.331,349.6059,6,2,02000,공동주택,514,0,0,0, , , ,20230711,20230727,20230727
368,경기도 성남시 분당구 백현동 530번지,41135,11000,0,0530,0000,1089100044674,백현동 5300000 공동주택 (주식회사 알파돔시티), , , ,대,근린상업지역, ,UQQ310,제1종지구단위계획구역,08,UQA230, ,0700,용도변경,34032.7,12010.77,35.2919,191006.75,118980.331,349.6059,8,2,02000,공동주택,514,0,0,0, , , ,20160323,20160509,20220909
369,경기도 성남시 분당구 백현동 530번지,41135,11000,0,0530,0000,1089100045015,백현동 530 (주식회사알파돔시티), , , ,대,근린상업지역, ,UQQ310,제1종지구단위계획구역,08,UQA230, ,0600,대수선,34032.7,12010.77,35.2919,191006.75,118980.331,349.6059,8,2,02000,공동주택,514,0,0,0,20160428, ,20160429,20160426,20160609,20220909
370,경기도 성남시 분당구 백현동 530번지,41135,11000,0,0530,0000,1089100075595,알파리움, , , ,대,근린상업지역,비행안전제2구역(전술),UQQ300,지구단위계획구역,08,UQA230,UNE412,0700,용도변경,34032.7,12010.77,35.2919,191006.75,118980.331,349.6059,6,2,02000,공동주택,514,148,0,0, , , ,20220413, ,20220909
371,경기도 성남시 분당구 백현동 530번지,41135,11000,0,0530,0000,1089100069020,알파리움, , , ,대,근린상업지역, ,UQQ300,지구단위계획구역,08,UQA230, ,0700,용도변경,34032.7,12010.77,35.29,191006.75,118980.331,349.61,6,2,02000,공동주택,514,0,0,0, , , ,20210413,20210517,20220909
372,경기도 성남시 분당구 백현동 530번지,41135,11000,0,0530,0000,1089100052456,알파리움, , , ,대,근린상업지역, ,UQQ310,제1종지구단위계획구역,08,UQA230,UDP100,0700,용도변경,34032.7,12010.77,35.29,191006.75,118980.331,349.61,6,2,02000,공동주택,514,148,0,0, , , ,20180430, ,20220909
373,경기도 성남시 분당구 백현동 530번지,41135,11000,0,0530,0000,1089100066318,알파리움, , , ,대,근린상업지역,비행안전제2구역(전술),UQQ300,지구단위계획구역,08,UQA230,UNE412,0700,용도변경,34032.7,12010.77,35.2919,191006.75,118980.331,349.6059,6,2,02000,공동주택,514,148,0,0, , , ,20201105, ,20220909
374,경기도 성남시 분당구 백현동 530번지,41135,11000,0,0530,0000,1089100044196, , , , ,대,근린상업지역, ,UQQ310,제1종지구단위계획구역,08,UQA230,UDP100,0600,대수선,34032.7,12010.77,35.2919,191006.75,122.8611,0.361,6,0,14000,업무시설,0,0,0,0,20160205, ,20160211,20160205,20160318,20220909
375,경기도 성남시 분당구 백현동 531번지,41135,11000,0,0531,0000,1089100068477,알파리움, , , ,대,근린상업지역, ,UQQ300,지구단위계획구역,08,UQA230, ,0700,용도변경,27580.2,9922.22,35.98,153454.553,96507.717,349.92,6,2,02000,공동주택,417,0,0,0, , , ,20210315,20210518,20220909
376,경기도 성남시 분당구 백현동 531번지,41135,11000,0,0531,0000,1000000000000000693788,알파리움, , , ,대,근린상업지역, ,UQQ300,지구단위계획구역,08,UQA230, ,0700,용도변경,27580.2,9922.22,35.98,153454.553,96507.717,349.92,6,2,02000,공동주택,417,131,0,0, , , ,20250401, ,20250401
377,경기도 성남시 분당구 백현동 531번지,41135,11000,0,0531,0000,1089100035875, , , , ,대, , , , ,08, , , , ,27580.2,252.0,0.0,423.0,0.0,0.0,0,0, , ,0,0,0,0, , , ,20140402, ,20220909
378,경기도 성남시 분당구 백현동 531번지,41135,11000,0,0531,0000,1089100044731,알파리움, , , ,대,근린상업지역, ,UQQ310,제1종지구단위계획구역,08,UQA230, ,0600,대수선,27580.2,9922.22,35.98,153454.553,96507.717,349.92,6,2,02000,공동주택,0,122,0,0,20160404, ,20160405,20160328,20160919,20220909
379,경기도 성남시 분당구 백현동 531번지,41135,11000,0,0531,0000,1089100033174, , , , ,대, , , , ,08, , , , ,27580.2,202.68,0.0,202.68,0.0,0.0,0,0, , ,0,0,0,0, , , ,20130807, ,20220909
380,경기도 성남시 분당구 백현동 531번지,41135,11000,0,0531,0000,1089100069034,알파리움, , , ,대,근린상업지역, ,UQQ300,지구단위계획구역,08,UQA230, ,0700,용도변경,27580.2,9922.22,35.98,153454.553,96507.717,349.92,6,2,02000,공동주택,417,131,0,0, , , ,20210413, ,20220909
381,경기도 성남시 분당구 백현동 531번지,41135,11000,0,0531,0000,1000000000000000317693,알파리움, , , ,대,근린상업지역,비행안전제2구역(전술),UQQ300,지구단위계획구역,08,UQA230,UNE412,0700,용도변경,27580.2,9922.22,35.9759,153454.553,96507.717,349.9167,6,2,02000,공동주택,417,131,0,0, , , ,20230616, ,20230616
382,경기도 성남시 분당구 백현동 531번지,41135,11000,0,0531,0000,1089100044200,백현동 531 업무시설 (주식회사 알파돔시티), , , ,대,근린상업지역, ,UQQ310,제1종지구단위계획구역,08,UQA230,UDP100,0700,용도변경,27580.2,9922.22,35.9759,153454.553,96507.717,349.9167,6,0,14000,업무시설,0,0,0,0, , , ,20160205,20160627,20220909
383,경기도 성남시 분당구 백현동 531번지,41135,11000,0,0531,0000,1089100069118,알파리움, , , ,대,근린상업지역, ,UQQ300,지구단위계획구역,08,UQA230, ,0700,용도변경,27580.2,9922.22,35.98,153454.553,96507.717,349.92,6,2,02000,공동주택,417,0,0,0, , , ,20210416,20210603,20220909
384,경기도 성남시 분당구 백현동 531번지,41135,11000,0,0531,0000,1000000000000000437407,알파리움 타워1동, , , ,대,근린상업지역, ,UQQ310,제1종지구단위계획구역,08,UQA230, ,0700,용도변경,27580.2,3888.79,14.1,55553.39,30353.05,110.05,1,0,14000,업무시설,0,79,0,0, , , ,20231229, ,20231229
385,경기도 성남시 분당구 백현동 531번지,41135,11000,0,0531,0000,1089100076096,알파리움, , , ,대,근린상업지역, ,UQQ300,지구단위계획구역,08,UQA230, ,0600,대수선,27580.2,9922.22,35.98,153454.553,96507.717,349.92,6,2,02000,공동주택,417,0,0,0,20220520, ,20220525,20220512,20220628,20220909
386,경기도 성남시 분당구 백현동 531번지,41135,11000,0,0531,0000,1000000000000000467906,알파리움, , , ,대,근린상업지역, ,UQQ300,지구단위계획구역,08,UQA230, ,0600,대수선,27580.2,9922.22,35.98,153454.553,96507.717,349.92,6,2,02000,공동주택,417,0,0,0,20240418, ,20240424,20240228,20240619,20240619
387,경기도 성남시 분당구 백현동 531번지,41135,11000,0,0531,0000,1089100044440,알파리움, , , ,대,근린상업지역, ,UQQ310,제1종지구단위계획구역,08,UQA230, ,0600,대수선,27580.2,9922.22,35.98,153454.553,96507.717,349.92,6,2,02000,공동주택,417,0,0,0,20160308, ,20160311,20160304,20160422,20220909
388,경기도 성남시 분당구 백현동 531번지,41135,11000,0,0531,0000,1000000000000000687309,알파리움, , , ,대,근린상업지역,비행안전제2구역(전술),UQQ300,지구단위계획구역,08,UQA230,UNE412,0700,용도변경,27580.2,9922.22,35.9759,153454.553,96507.717,349.9167,6,2,02000,공동주택,417,131,0,0, , , ,20250324, ,20250324
389,경기도 성남시 분당구 백현동 532번지,41135,11000,0,0532,0000,1089100060471, , , , ,대,중심상업지역,비행안전제2구역(전술),UQQ300,지구단위계획구역,08,UQA210,UNE412, , ,10766.1,36.0,0.0,54.0,0.0,0.0,0,0, , ,0,0,0,0, , , ,20190920, ,20220909
390,경기도 성남시 분당구 백현동 532번지,41135,11000,0,0532,0000,1000000000000000280174,카카오 판교 아지트, , , ,대,도시지역, ,UQQ310,제1종지구단위계획구역,08,UQA001, ,0700,용도변경,10766.1,8594.56,79.8298,162795.81,99269.84,922.0594,1,0,14000,업무시설,0,0,0,0, , , ,20230425, ,20230425
391,경기도 성남시 분당구 백현동 532번지,41135,11000,0,0532,0000,1089100060292, , , , ,대,중심상업지역,비행안전제2구역(전술),UQQ300,지구단위계획구역,08,UQA210,UNE412, , ,10766.1,45.0,0.0,45.0,0.0,0.0,0,0, , ,0,0,0,0, , , ,20190905, ,20220909
392,경기도 성남시 분당구 백현동 532번지,41135,11000,0,0532,0000,1089100055628,카카오 판교 아지트, , , ,대,도시지역,비행안전제2구역(전술),UQQ310,제1종지구단위계획구역,08,UQA001,UNE412,0100,신축,10766.1,8594.56,79.83,162731.13,99205.16,921.46,1,0,14000,업무시설,0,0,0,0,20190228, ,20190228,20181219,20211027,20220909
393,경기도 성남시 분당구 백현동 532번지,41135,11000,0,0532,0000,1000000000000000781081,카카오 판교 아지트, , , ,대,도시지역,비행안전제2구역(전술),UQQ300,지구단위계획구역,08,UQA001,UNE412,0600,대수선,10766.1,8594.56,79.83,162795.81,99269.84,922.06,1,0,14000,업무시설,0,0,0,0,20250822, ,20250826,20250808,20251015,20251015
394,경기도 성남시 분당구 백현동 532번지,41135,11000,0,0532,0000,1089100061753, , , , ,대,중심상업지역,비행안전제2구역(전술),UQQ300,지구단위계획구역,08,UQA210,UNE412, , ,10766.1,108.0,0.0,198.0,0.0,0.0,0,0, , ,0,0,0,0, , , ,20191217, ,20220909
395,경기도 성남시 분당구 백현동 532번지,41135,11000,0,0532,0000,1089100074119,카카오판교아지트, , , ,대,중심상업지역, ,UQQ300,지구단위계획구역,08,UQA210, ,0600,대수선,10766.1,8594.56,79.83,162795.81,99269.84,922.06,1,0,14000,업무시설,0,0,0,0,20220401, ,20220329,20220118,20220706,20220909
396,경기도 성남시 분당구 백현동 532번지,41135,11000,0,0532,0000,1089100075397,카카오판교아지트, , , ,대,중심상업지역, ,UQQ300,지구단위계획구역,08,UQA210, ,0700,용도변경,10766.1,8594.56,79.83,162731.13,99205.16,921.46,1,0,14000,업무시설,0,0,0,0, , , ,20220401, ,20221107
397,경기도 성남시 분당구 백현동 532번지,41135,11000,0,0532,0000,1089100056167, , , , ,대,중심상업지역,비행안전제2구역(전술),UQQ310,제1종지구단위계획구역,08,UQA210,UNE412, , ,10766.1,171.0,0.0,315.0,0.0,0.0,0,0, , ,0,0,0,0, , , ,20190118, ,20220909
398,경기도 성남시 분당구 백현동 532번지,41135,11000,0,0532,0000,1000000000000000286481,카카오 판교 아지트, , , ,대,도시지역, ,UQQ310,제1종지구단위계획구역,08,UQA001, ,0600,대수선,10766.1,8594.56,79.8298,162795.81,99269.84,922.0594,1,0,14000,업무시설,0,0,0,0,20230601, ,20230531,20230503,20230707,20230707
399,경기도 성남시 분당구 백현동 532번지,41135,11000,0,0532,0000,1089100065654, , , , ,대,도시지역,비행안전제2구역(전술),UQQ300,지구단위계획구역,08,UQA001,UNE412, , ,10766.0,36.0,0.0,36.0,0.0,0.0,0,0, , ,0,0,0,0, , , ,20200917, ,20220909
400,경기도 성남시 분당구 백현동 532번지,41135,11000,0,0532,0000,1000000000000000223362,카카오판교아지트, , , ,대,중심상업지역, ,UQQ300,지구단위계획구역,08,UQA210, ,0700,용도변경,10766.1,8594.56,79.8298,162795.81,99269.84,922.0594,1,0,14000,업무시설,0,0,0,0, , , ,20230202, ,20230202
401,경기도 성남시 분당구 백현동 532-1번지,41135,11000,0,0532,0001,1089100019207,판교역 환승주차장, , , ,공원,중심상업지역,기타지구, , ,22,UQA210,UHD130,0100,신축,20318.0,0.0,0.0,11258.17,0.0,0.0,1,0,20000,자동차관련시설,0,0,0,0,20110506, ,20110513,20110418,20110701,20220909
402,경기도 성남시 분당구 백현동 533번지,41135,11000,0,0533,0000,1089100071485, , , , ,대,도시지역,비행안전제2구역(전술),UQQ300,지구단위계획구역,08,UQA001,UNE412, , ,3221.0,54.0,0.0,54.0,0.0,0.0,0,0, , ,0,0,0,0, , , ,20210820, ,20220909
403,경기도 성남시 분당구 백현동 533번지,41135,11000,0,0533,0000,1089100066074, , , , ,공원,도시지역,비행안전제2구역(전술),UQQ300,지구단위계획구역,22,UQA001,UNE412, , ,3221.0,63.0,0.0,63.0,0.0,0.0,0,0, , ,0,0,0,0, , , ,20201020, ,20220909
404,경기도 성남시 분당구 백현동 533번지,41135,11000,0,0533,0000,1089100071483, , , , ,대,도시지역,비행안전제2구역(전술),UQQ300,지구단위계획구역,08,UQA001,UNE412, , ,3221.0,18.0,0.0,18.0,0.0,0.0,0,0, , ,0,0,0,0, , , ,20210820, ,20220909
405,경기도 성남시 분당구 백현동 534번지,41135,11000,0,0534,0000,1089100077317, , , , ,대,중심상업지역, ,UQQ300,지구단위계획구역,08,UQA210, ,0200,증축,13352.1,10678.4,79.98,197236.69,123281.42,923.31,1,0,14000,업무시설,0,0,0,0,20220808, ,20220805,20220801,20220920,20220920
406,경기도 성남시 분당구 백현동 534번지,41135,11000,0,0534,0000,1000000000000000236528, , , , ,대,도시지역, ,UQQ300,지구단위계획구역,08,UQA001, ,0600,대수선,13352.1,10678.4,79.9754,197171.79,123216.52,922.825,1,0,14000,업무시설,0,0,0,0,20240601, ,20240521,20230223,20240814,20240814
407,경기도 성남시 분당구 백현동 534번지,41135,11000,0,0534,0000,1089100057065, , , , ,대, , , , ,08, , , , ,13352.1,225.0,0.0,297.0,0.0,0.0,0,0, , ,0,0,0,0, , , ,20190308, ,20220909
408,경기도 성남시 분당구 백현동 534번지,41135,11000,0,0534,0000,1089100074635,백현동 534 업무시설 (국민은행), , , ,대,도시지역, ,UQQ310,제1종지구단위계획구역,08,UQA001, ,0700,용도변경,13352.1,10678.4,79.9754,197171.79,123216.52,922.825,1,0,14000,업무시설,0,0,0,0, , , ,20220214, ,20220909
409,경기도 성남시 분당구 백현동 534번지,41135,11000,0,0534,0000,1089100074035, , , , ,대,도시지역,비행안전제2구역(전술),UQQ300,지구단위계획구역,08,UQA001,UNE412,0700,용도변경,13352.1,10678.4,79.98,197171.79,123216.52,922.83,1,0,14000,업무시설,0,0,0,0, , , ,20220112, ,20220909
410,경기도 성남시 분당구 백현동 534번지,41135,11000,0,0534,0000,1089100062331, , , , ,대, , , , ,08, , , , ,13352.1,486.0,0.0,783.0,0.0,0.0,0,0, , ,0,0,0,0, , , ,20200129, ,20220909
411,경기도 성남시 분당구 백현동 534번지,41135,11000,0,0534,0000,1089100041140, , , , ,대, , , , ,08, , , , ,26644.24,261.0,0.0,261.0,0.0,0.0,0,0, , ,0,0,0,0, , , ,20150403, ,20220909
412,경기도 성남시 분당구 백현동 534번지,41135,11000,0,0534,0000,1000000000000000835375,판교테크원, , , ,대,도시지역,비행안전제2구역(전술),UQQ300,지구단위계획구역,08,UQA001,UNE412,0700,용도변경,13352.1,10678.4,79.9754,197171.79,123216.52,922.825,1,0,14000,업무시설,0,0,0,0, , , ,20251106, ,20251106
413,경기도 성남시 분당구 백현동 534번지,41135,11000,0,0534,0000,1000000000000000089103,판교테크원, , , ,대,중심상업지역, ,UQQ300,지구단위계획구역,08,UQA210, ,0700,용도변경,13352.1,10678.4,79.98,197171.79,123216.52,922.83,1,0,14000,업무시설,0,0,0,0, , , ,20221028, ,20221028
414,경기도 성남시 분당구 백현동 534번지,41135,11000,0,0534,0000,1089100075636,판교테크원, , , ,대,중심상업지역, ,UQQ300,지구단위계획구역,08,UQA210, ,0600,대수선,13352.1,10678.4,79.98,197171.79,123216.52,922.83,1,0,14000,업무시설,0,0,0,0,20220419, ,20220427,20220414,20220530,20220909
415,경기도 성남시 분당구 백현동 534번지,41135,11000,0,0534,0000,1089100058007, , , , ,대, , , , ,08, , , , ,13352.1,153.0,0.0,207.0,0.0,0.0,0,0, , ,0,0,0,0, , , ,20190429, ,20220909
416,경기도 성남시 분당구 백현동 534번지,41135,11000,0,0534,0000,1000000000000000691306,판교테크원, , , ,대,중심상업지역, ,UQQ300,지구단위계획구역,08,UQA210, ,0700,용도변경,13352.1,10678.4,79.98,197236.69,123281.42,923.31,1,0,14000,업무시설,0,0,0,0, , , ,20250328, ,20250328
417,경기도 성남시 분당구 백현동 534번지,41135,11000,0,0534,0000,1089100074036,판교 테크원, , , ,대,도시지역,비행안전제2구역(전술),UQQ300,지구단위계획구역,08,UQA001,UNE412,0700,용도변경,13352.1,10678.4,79.98,197171.79,123216.52,922.83,1,0,14000,업무시설,0,0,0,0, , , ,20220112,20220119,20220909
418,경기도 성남시 분당구 백현동 534번지,41135,11000,0,0534,0000,1089100073355,판교테크원, , , ,대,중심상업지역, ,UQQ300,지구단위계획구역,08,UQA210, ,0600,대수선,13352.1,10678.4,79.98,197171.79,123216.52,922.83,1,0,14000,업무시설,0,0,0,0,20211221, ,20211222,20211207,20220119,20220909
419,경기도 성남시 분당구 백현동 534번지,41135,11000,0,0534,0000,1089100073655,판교테크원, , , ,대,중심상업지역, ,UQQ300,지구단위계획구역,08,UQA210, ,0700,용도변경,13352.1,10678.4,79.98,197171.79,123216.52,922.83,1,0,14000,업무시설,0,0,0,0, , , ,20211221, ,20220909
420,경기도 성남시 분당구 백현동 534번지,41135,11000,0,0534,0000,1089100074156,백현동 534 업무시설 (주식회사 국민은행), , , ,대, , , , ,08, , ,0700,용도변경,13352.1,10678.4,79.9754,197171.79,123216.52,922.83,1,0,14000,업무시설,0,0,0,0, , , ,20220120, ,20220909
421,경기도 성남시 분당구 백현동 534번지,41135,11000,0,0534,0000,1089100076998,판교테크원, , , ,대,중심상업지역, ,UQQ300,지구단위계획구역,08,UQA210, ,0700,용도변경,13352.1,10678.4,79.98,197171.79,123216.52,922.83,1,0,14000,업무시설,0,0,0,0, , , ,20220711, ,20220909
422,경기도 성남시 분당구 백현동 534번지,41135,11000,0,0534,0000,1000000000000000090822,판교테크원, , , ,대,중심상업지역, ,UQQ300,지구단위계획구역,08,UQA210, ,0700,용도변경,13352.1,10678.4,79.98,197171.79,123216.52,922.83,1,0,14000,업무시설,0,0,0,0, , , ,20221031, ,20221031
423,경기도 성남시 분당구 백현동 534번지,41135,11000,0,0534,0000,1089100076356, , , , ,대,도시지역, ,UQQ300,지구단위계획구역,08,UQA001, ,0600,대수선,13352.1,10678.4,79.98,197171.79,123216.52,922.83,1,0,14000,업무시설,0,0,0,0,20220606, ,20220603,20220530,20220628,20220909
424,경기도 성남시 분당구 백현동 534번지,41135,11000,0,0534,0000,1089100077117,판교테크원, , , ,대,중심상업지역, ,UQQ300,지구단위계획구역,08,UQA210, ,0700,용도변경,13352.1,10678.4,79.98,197171.79,123216.52,922.83,1,0,14000,업무시설,0,0,0,0, , , ,20220715, ,20220909
425,경기도 성남시 분당구 백현동 534번지,41135,11000,0,0534,0000,1000000000000000229738,판교테크원, , , ,대,중심상업지역, ,UQQ310,제1종지구단위계획구역,08,UQA210, ,0600,대수선,13352.1,10678.4,79.9754,197236.69,123281.42,923.3111,1,0,14000,업무시설,0,0,0,0, , , ,20230214, ,20230412
426,경기도 성남시 분당구 백현동 534번지,41135,11000,0,0534,0000,1000000000000000064906,판교테크원, , , ,대,중심상업지역, ,UQQ300,지구단위계획구역,08,UQA210, ,0600,대수선,13352.1,10678.4,79.9754,197236.69,123281.42,923.3111,1,0,14000,업무시설,0,0,0,0,20221018, ,20221019,20221011,20221122,20221122
427,경기도 성남시 분당구 백현동 534번지,41135,11000,0,0534,0000,1089100075096,판교테크원, , , ,대,중심상업지역, ,UQQ300,지구단위계획구역,08,UQA210, ,0600,대수선,13352.1,10678.4,79.98,197171.79,123216.52,922.83,1,0,14000,업무시설,0,0,0,0,20220325, ,20220329,20220315,20220719,20220909
428,경기도 성남시 분당구 백현동 534번지,41135,11000,0,0534,0000,1089100074575,판교테크원, , , ,대,도시지역, ,UQQ300,지구단위계획구역,08,UQA001, ,0700,용도변경,13352.1,10678.4,79.9754,197171.79,123216.52,922.825,1,0,14000,업무시설,0,0,0,0, , , ,20220211,20220302,20220909
429,경기도 성남시 분당구 백현동 534번지,41135,11000,0,0534,0000,1089100055629,판교 테크원, , , ,대,도시지역,비행안전제2구역(전술),UQQ310,제1종지구단위계획구역,08,UQA001,UNE412,0100,신축,13352.1,10678.4,79.98,197171.79,123216.52,922.83,1,0,14000,업무시설,0,0,0,0,20190301, ,20190228,20181219,20211027,20220909
430,경기도 성남시 분당구 백현동 535번지,41135,11000,0,0535,0000,1089100041838, , , , ,대, , , , ,08, , , , ,7337.0,36.0,0.0,36.0,0.0,0.0,0,0, , ,0,0,0,0, , , ,20150617, ,20220909
431,경기도 성남시 분당구 백현동 535번지,41135,11000,0,0535,0000,1000000000000000340957, , , , ,대,도시지역,비행안전제2구역(전술),UQQ300,지구단위계획구역,08,UQA001,UNE412,0700,용도변경,7337.5,5374.08,73.2413,99656.23,59493.52,810.81458,1,0,14000,업무시설,0,0,0,0, , , ,20230721, ,20230721
432,경기도 성남시 분당구 백현동 535번지,41135,11000,0,0535,0000,1089100071976,크래프톤타워, , , ,대,중심상업지역, ,UQQ310,제1종지구단위계획구역,08,UQA210, ,0700,용도변경,7337.5,5322.69,72.54,99596.04,59433.33,809.99,1,0,14000,업무시설,0,0,0,0, , , ,20210917, ,20220909
433,경기도 성남시 분당구 백현동 535번지,41135,11000,0,0535,0000,1089100061611, , , , ,대,도시지역,비행안전제2구역(전술),UQQ300,지구단위계획구역,08,UQA001,UNE412,0600,대수선,7337.5,5322.69,72.5409,99596.04,59433.33,809.9943,1,0,14000,업무시설,0,0,0,0,20191214, ,20191213,20191204,20200116,20220909
434,경기도 성남시 분당구 백현동 535번지,41135,11000,0,0535,0000,1089100043458, , , , ,대, , , , ,08, , , , ,7337.0,453.36,0.0,453.36,0.0,0.0,0,0, , ,0,0,0,0, , , ,20151119, ,20220909
435,경기도 성남시 분당구 백현동 535번지,41135,11000,0,0535,0000,1089100033132, , , , ,대, , , , ,08, , , , ,7335.0,5.76,0.0,5.76,0.0,0.0,0,0, , ,0,0,0,0, , , ,20130805, ,20220909
436,경기도 성남시 분당구 백현동 535번지,41135,11000,0,0535,0000,1089100053231,alphadom tower4 주건축물제1동, , , ,대,중심상업지역, ,UQQ310,제1종지구단위계획구역,08,UQA210, ,0700,용도변경,7337.5,5322.69,72.54,99596.04,59433.33,809.9942,1,0,14000,업무시설,0,0,0,0, , , ,20180628,20180724,20220909
437,경기도 성남시 분당구 백현동 535번지,41135,11000,0,0535,0000,1089100052841,주식회사알파돔시티, , , ,대,중심상업지역, ,UQQ310,제1종지구단위계획구역,08,UQA210, ,0700,용도변경,7337.5,5322.69,72.54,99596.04,59433.33,809.9943,1,0,07000,판매시설,0,0,0,0, , , ,20180528,20180621,20220909
438,경기도 성남시 분당구 백현동 535번지,41135,11000,0,0535,0000,1000000000000000032492,크래프톤타워, , , ,대,중심상업지역, ,UQQ310,제1종지구단위계획구역,08,UQA210, ,0600,대수선,7337.5,5374.08,73.24,99656.23,59493.52,810.81,1,0,14000,업무시설,0,0,0,0,20221020, ,20221114,20220915,20221228,20221228
439,경기도 성남시 분당구 백현동 535번지,41135,11000,0,0535,0000,1089100053822,알파돔타워IV, , , ,대,중심상업지역, ,UQQ310,제1종지구단위계획구역,08,UQA210, ,0700,용도변경,7337.5,5322.69,72.54,99596.04,59433.33,809.9942,1,0,07000,판매시설,0,0,0,0, , , ,20180807,20180917,20220909
440,경기도 성남시 분당구 백현동 535번지,41135,11000,0,0535,0000,1089100059527,크패프톤타워, , , ,대,중심상업지역, ,UQQ300,지구단위계획구역,08,UQA210, ,0600,대수선,7337.5,5322.69,72.54,99596.04,59433.33,809.9943,1,0,14000,업무시설,0,0,0,0,20190810, ,20190820,20190725,20191115,20220909
441,경기도 성남시 분당구 백현동 535번지,41135,11000,0,0535,0000,1089100055648,alphadom tower4 주건축물제1동, , , ,대,중심상업지역, ,UQQ310,제1종지구단위계획구역,08,UQA210, ,0600,대수선,7337.5,5322.69,72.54,99596.04,59433.33,809.9943,1,0,14000,업무시설,0,0,0,0,20190109, ,20190124,20181221,20190513,20220909
442,경기도 성남시 분당구 백현동 535번지,41135,11000,0,0535,0000,1089100057868,크래프톤타워, , , ,대,중심상업지역, ,UQQ310,제1종지구단위계획구역,08,UQA210, ,0700,용도변경,7337.5,5322.69,72.54,99596.04,59433.33,809.9943,1,0,07000,판매시설,0,0,0,0, , , ,20190419,20190426,20220909
443,경기도 성남시 분당구 백현동 535번지,41135,11000,0,0535,0000,1089100054859,alphadom tower4, , , ,대,중심상업지역, ,UQQ310,제1종지구단위계획구역,08,UQA210, ,0600,대수선,7337.5,5322.69,72.54,99596.04,59433.33,809.99,1,0,14000,업무시설,0,0,0,0,20181126, ,20181128,20181031,20190124,20220909
444,경기도 성남시 분당구 백현동 535번지,41135,11000,0,0535,0000,1089100042829, , , , ,대, , , , ,08, , , , ,760.0,342.0,0.0,342.0,0.0,0.0,0,0, , ,0,0,0,0, , , ,20150918, ,20220909
445,경기도 성남시 분당구 백현동 535번지,41135,11000,0,0535,0000,1089100065616,크래프톤타워, , , ,대,도시지역,비행안전제2구역(전술),UQQ300,지구단위계획구역,08,UQA001,UNE412,0200,증축,7337.5,5378.48,73.3,99656.23,59493.52,810.81,1,0,14000,업무시설,0,0,0,0,20201005, ,20201007,20200915,20211220,20220909
446,경기도 성남시 분당구 백현동 535번지,41135,11000,0,0535,0000,1089100053480,alphadom tower4, , , ,대,중심상업지역, ,UQQ310,제1종지구단위계획구역,08,UQA210, ,0600,대수선,7337.5,5322.69,72.54,99596.04,59433.33,809.9943,1,0,14000,업무시설,0,0,0,0,20180713, ,20180719,20180713,20180802,20220909
447,경기도 성남시 분당구 백현동 535번지,41135,11000,0,0535,0000,1089100077776,크래프톤타워, , , ,대,도시지역,비행안전제2구역(전술),UQQ300,지구단위계획구역,08,UQA001,UNE412,0600,대수선,7337.5,5374.08,73.2413,99656.23,59493.52,810.81458,1,0,14000,업무시설,0,0,0,0,20220915, ,20220919,20220901,20221213,20221213
448,경기도 성남시 분당구 백현동 535번지,41135,11000,0,0535,0000,1089100040944,alphadom towerⅣ, , , ,대,중심상업지역, ,UQQ310,제1종지구단위계획구역,08,UQA210, ,0100,신축,7337.5,5322.69,72.54,99596.04,59433.33,809.99,1,0,14000,업무시설,0,0,0,0,20150528, ,20150528,20150317,20180323,20220909
449,경기도 성남시 분당구 백현동 535번지,41135,11000,0,0535,0000,1089100041793, , , , ,대,건축용도지역기타, , , ,08,UDX999, , , ,7337.0,174.36,0.0,174.36,0.0,0.0,0,0, , ,0,0,0,0, , , ,20150611, ,20220909
450,경기도 성남시 분당구 백현동 535번지,41135,11000,0,0535,0000,1089100056910,alphadom tower4 주건축물제1동, , , ,대,도시지역, ,UQQ310,제1종지구단위계획구역,08,UQA001, ,0700,용도변경,7337.5,5322.69,72.54,99596.04,59433.33,809.9942,1,0,14000,업무시설,0,0,0,0, , , ,20190227,20190603,20220909
451,경기도 성남시 분당구 백현동 535번지,41135,11000,0,0535,0000,1089100062312,크래프톤타워, , , ,대,도시지역,비행안전제2구역(전술),UQQ300,지구단위계획구역,08,UQA001,UNE412,0700,용도변경,7337.5,5322.69,72.5409,99596.04,59433.33,809.9943,1,0,14000,업무시설,0,0,0,0, , , ,20200123, ,20220909
452,경기도 성남시 분당구 백현동 537번지,41135,11000,0,0537,0000,1000000000000000490978,알파돔타워, , , ,대,중심상업지역, ,UQQ310,제1종지구단위계획구역,08,UQA210, ,0700,용도변경,5929.7,4508.42,76.03,87901.58,53377.07,900.16,1,0,14000,업무시설,0,0,0,0, , , ,20240404, ,20240404
453,경기도 성남시 분당구 백현동 537번지,41135,11000,0,0537,0000,1089100054446,백현동 537 업무시설 ((주)하나은행 수탁영업부), , , ,대,중심상업지역, ,UQQ310,제1종지구단위계획구역,08,UQA210,UDP100,0600,대수선,5929.7,4483.69,75.6141,87865.19,53340.68,899.5511,1,0,14000,업무시설,0,0,0,0,20190130, ,20190409,20180919,20190614,20220909
454,경기도 성남시 분당구 백현동 537번지,41135,11000,0,0537,0000,1089100063311,알파돔타워, , , ,대,도시지역,비행안전제2구역(전술),UQQ300,지구단위계획구역,08,UQA001,UNE412,0700,용도변경,5929.7,4483.69,75.61,87865.19,53340.68,899.55,1,0,14000,업무시설,0,0,0,0, , , ,20200331,20200610,20220909
455,경기도 성남시 분당구 백현동 537번지,41135,11000,0,0537,0000,1089100077155,백현동 537 (카카오페이손해보험), , , ,대,중심상업지역, , , ,08,UQA210, ,0600,대수선,5929.7,4508.42,76.0312,87901.58,53377.07,900.1648,1,0,14000,업무시설,0,0,0,0,20220729, ,20220727,20220719,20221021,20221021
456,경기도 성남시 분당구 백현동 537번지,41135,11000,0,0537,0000,1089100045292, , , , ,대, , , , ,08, , , , ,5929.7,108.0,0.0,108.0,0.0,0.0,0,0, , ,0,0,0,0, , , ,20160530, ,20220909
457,경기도 성남시 분당구 백현동 537번지,41135,11000,0,0537,0000,1089100044061, , , , ,대, , , , ,08, , , , ,0.0,18.0,0.0,18.0,0.0,0.0,0,0, , ,0,0,0,0, , , ,20160119, ,20220909
458,경기도 성남시 분당구 백현동 537번지,41135,11000,0,0537,0000,1089100040945,alphadom Tower 3, , , ,대,중심상업지역, ,UQQ310,제1종지구단위계획구역,08,UQA210, ,0100,신축,5929.7,4483.69,75.61,87865.19,53340.68,899.55,1,0,14000,업무시설,0,0,0,0,20150528, ,20150528,20150317,20180323,20220909
459,경기도 성남시 분당구 백현동 537번지,41135,11000,0,0537,0000,1089100067239,알파돔타워, , , ,대,도시지역,비행안전제2구역(전술),UQQ300,지구단위계획구역,08,UQA001,UNE412,0700,용도변경,5929.7,4483.69,75.61,53340.68,53340.68,899.55,1,0,14000,업무시설,0,0,0,0, , , ,20201224, ,20220909
460,경기도 성남시 분당구 백현동 537번지,41135,11000,0,0537,0000,1089100058408, , , , ,대,중심상업지역, , , ,08,UQA210, ,0600,대수선,5929.7,4483.69,75.61,87865.19,53340.68,899.55,1,0,14000,업무시설,0,0,0,0,20190527, ,20190527,20190523,20190613,20220909
461,경기도 성남시 분당구 백현동 537번지,41135,11000,0,0537,0000,1000000000000000449993, , , , ,대,도시지역, ,UNB001,비행안전구역,08,UQA001, ,0600,대수선,5929.7,4508.42,76.0312,87901.58,53377.07,900.1648,1,0,14000,업무시설,0,0,0,0,20240408, ,20240422,20240124,20240705,20240705
462,경기도 성남시 분당구 백현동 537번지,41135,11000,0,0537,0000,1089100061476,알파돔타워, , , ,대,중심상업지역, ,UQQ310,제1종지구단위계획구역,08,UQA210, ,0700,용도변경,5929.7,4483.69,75.61,87865.19,53340.68,899.55,1,0,07000,판매시설,0,0,0,0, , , ,20191126, ,20220909
463,경기도 성남시 분당구 백현동 537번지,41135,11000,0,0537,0000,1089100056909,알파돔 타워, , , ,대,중심상업지역, ,UQQ310,제1종지구단위계획구역,08,UQA210, ,0700,용도변경,5929.7,4483.69,75.61,87865.19,53340.68,899.55,1,0,14000,업무시설,0,0,0,0, , , ,20190227,20190327,20220909
464,경기도 성남시 분당구 백현동 537번지,41135,11000,0,0537,0000,1089100047959, , , , ,대, , , , ,08, , , , ,5929.7,9.0,0.0,9.0,0.0,0.0,0,0, , ,0,0,0,0, , , ,20170224, ,20220909
465,경기도 성남시 분당구 백현동 537번지,41135,11000,0,0537,0000,1089100042014, , , , ,대, , , , ,08, , , , ,5929.7,239.76,0.0,239.76,0.0,0.0,0,0, , ,0,0,0,0, , , ,20150706, ,20220909
466,경기도 성남시 분당구 백현동 537번지,41135,11000,0,0537,0000,1089100053015,alphadom Tower3 주건축물제1동, , , ,대,중심상업지역, ,UQQ310,제1종지구단위계획구역,08,UQA210, ,0600,대수선,5929.7,4483.69,75.61,87865.19,53340.68,899.55,1,0,07000,판매시설,0,0,0,0,20180612, ,20180626,20180608,20180706,20220909
467,경기도 성남시 분당구 백현동 537번지,41135,11000,0,0537,0000,1089100065615,알파돔타워, , , ,대,도시지역,비행안전제2구역(전술),UQQ300,지구단위계획구역,08,UQA001,UNE412,0200,증축,5929.7,4508.42,76.03,87901.58,53377.07,900.16,1,0,14000,업무시설,0,0,0,0,20201005, ,20201007,20200915,20211220,20220909
468,경기도 성남시 분당구 백현동 537번지,41135,11000,0,0537,0000,1089100076835,알파돔타워, , , ,대,도시지역,비행안전제2구역(전술),UQQ300,지구단위계획구역,08,UQA001,UNE412,0700,용도변경,5929.7,4508.42,76.03,87901.58,53377.07,900.16,1,0,14000,업무시설,0,0,0,0, , , ,20220630,20220818,20220909
469,경기도 성남시 분당구 백현동 537번지,41135,11000,0,0537,0000,1089100073377,알파돔타워, , , ,대,중심상업지역, ,UQQ310,제1종지구단위계획구역,08,UQA210, ,0700,용도변경,5929.7,4483.69,75.61,87865.19,53340.68,899.55,1,0,07000,판매시설,0,0,0,0, , , ,20211207, ,20220909
470,경기도 성남시 분당구 백현동 537번지,41135,11000,0,0537,0000,1000000000000000729058,알파돔타워, , , ,대,도시지역,비행안전제2구역(전술),UQQ300,지구단위계획구역,08,UQA001,UNE412,0700,용도변경,5929.7,4508.42,76.0312,87901.58,53377.07,900.1648,1,0,14000,업무시설,0,0,0,0, , , ,20250520, ,20250520
471,경기도 성남시 분당구 백현동 537번지,41135,11000,0,0537,0000,1089100052896,백현동 537 업무시설 (주식회사알파돔시티), , , ,대,중심상업지역, ,UQQ310,제1종지구단위계획구역,08,UQA210, ,0600,대수선,5929.7,4483.69,75.61,87865.19,53340.68,899.55,1,0,14000,업무시설,0,0,0,0,20180606, ,20180625,20180531,20180719,20220909
472,경기도 성남시 분당구 백현동 537번지,41135,11000,0,0537,0000,1089100057906,알파돔타워, , , ,대,도시지역,비행안전제2구역(전술),UQQ300,지구단위계획구역,08,UQA001,UNE412,0700,용도변경,5929.7,4483.69,75.61,87865.19,53340.68,899.55,1,0,14000,업무시설,0,0,0,0, , , ,20190422, ,20220909
473,경기도 성남시 분당구 백현동 537번지,41135,11000,0,0537,0000,1000000000000000477379,알파돔타워, , , ,대,도시지역,비행안전제2구역(전술),UQQ300,지구단위계획구역,08,UQA001,UNE412,0700,용도변경,5929.7,4508.42,76.03,87901.58,53377.07,900.16,1,0,14000,업무시설,0,0,0,0, , , ,20240315, ,20240315
474,경기도 성남시 분당구 백현동 537번지,41135,11000,0,0537,0000,1089100065079,알파돔타워, , , ,대,도시지역,비행안전제2구역(전술),UQQ300,지구단위계획구역,08,UQA001,UNE412,0700,용도변경,5929.7,4483.69,75.61,87865.19,53340.68,899.55,1,0,14000,업무시설,0,0,0,0, , , ,20200805, ,20220909
475,경기도 성남시 분당구 백현동 537번지,41135,11000,0,0537,0000,1089100069095, , , , ,대,도시지역,비행안전제2구역(전술),UQQ300,지구단위계획구역,08,UQA001,UNE412,0700,용도변경,5929.7,4483.69,75.61,87865.19,53340.68,899.55,1,0,14000,업무시설,0,0,0,0, , , ,20210416, ,20220909
476,경기도 성남시 분당구 백현동 537-1번지,41135,11000,0,0537,0001,1089100066877, , , , ,도로,도시지역, ,UQQ300,지구단위계획구역,14,UQA001, ,0100,신축,5947.64,0.0,0.0,555.41,0.0,0.0,3,0,03000,제1종근린생활시설,0,0,0,0,20201210, ,20201222,20201203,20210701,20220909
477,경기도 성남시 분당구 백현동 537-1번지,41135,11000,0,0537,0001,1089100065994, , , , ,도로,도시지역,비행안전제2구역(전술),UQQ300,지구단위계획구역,14,UQA001,UNE412, , ,270.0,144.0,0.0,144.0,0.0,0.0,0,0, , ,0,0,0,0, , , ,20201014, ,20220909
478,경기도 성남시 분당구 백현동 538번지,41135,11000,0,0538,0000,1089100045493, , , , ,대, , , , ,08, , , , ,24107.0,36.0,0.0,72.0,0.0,0.0,0,0, , ,0,0,0,0, , , ,20160622, ,20220909
479,경기도 성남시 분당구 백현동 538번지,41135,11000,0,0538,0000,1089100048035, , , , ,주차장, , , , ,11, , , , ,24107.0,289.0,0.0,379.0,0.0,0.0,0,0, , ,0,0,0,0, , , ,20170306, ,20220909
480,경기도 성남시 분당구 백현동 538번지,41135,11000,0,0538,0000,1089100041305, , , , ,주차장, , , , ,11, , , , ,24107.0,144.0,0.0,171.0,0.0,0.0,0,0, , ,0,0,0,0, , , ,20150424, ,20220909
481,경기도 성남시 분당구 백현동 538번지,41135,11000,0,0538,0000,1089100044451, , , , ,주차장, , , , ,11, , , , ,24107.0,392.0,0.0,446.0,0.0,0.0,0,0, , ,0,0,0,0, , , ,20160304, ,20220909
482,경기도 성남시 분당구 백현동 538번지,41135,11000,0,0538,0000,1089100055866, , , , ,대,중심상업지역,비행안전제2구역(전술),UQQ310,제1종지구단위계획구역,08,UQA210,UNE412, , ,2410.4,18.0,0.0,36.0,0.0,0.0,0,0, , ,0,0,0,0, , , ,20190103, ,20220909
483,경기도 성남시 분당구 백현동 538번지,41135,11000,0,0538,0000,1089100053762, , , , ,대,도시지역,비행안전제2구역(전술),UQQ310,제1종지구단위계획구역,08,UQA001,UNE412, , ,2410.4,60.25,0.0,60.25,0.0,0.0,0,0, , ,0,0,0,0, , , ,20180802, ,20220909
484,경기도 성남시 분당구 백현동 538번지,41135,11000,0,0538,0000,1089100051815,그래비티 타워, , , ,대,중심상업지역, , , ,08,UQA210, ,0100,신축,2410.4,1329.85,55.17,29701.38,12850.8,699.08,1,0,15000,숙박시설,0,0,0,0,20180530, ,20180530,20180316,20201030,20220909
485,경기도 성남시 분당구 백현동 539번지,41135,11000,0,0539,0000,1089100016051,성남판교 환승주차빌딩, , , ,주차장,중심상업지역, ,UQQ310,제1종지구단위계획구역,11,UQA210, ,0100,신축,2996.0,2363.38,78.8845,23630.91,14095.27,470.4696,1,0,20000,자동차관련시설,0,0,0,0,20121121,20120929,20130114,20100929,20141031,20220909
486,경기도 성남시 분당구 백현동 539-1번지,41135,11000,0,0539,0001,1089100054465,힐스테이트 판교역(17BL), , , ,주차장,중심상업지역, ,UQQ300,지구단위계획구역,11,UQA210, ,0100,신축,2410.5,1852.28,76.84,31710.93,16850.74,699.06,1,0,20000,자동차관련시설,0,98,0,0,20181201, ,20181121,20180921,20220822,20220909
487,경기도 성남시 분당구 백현동 539-1번지,41135,11000,0,0539,0001,1089100058626, , , , ,주차장,중심상업지역,비행안전제2구역(전술),UQQ300,지구단위계획구역,11,UQA210,UNE412, , ,13192.0,36.0,0.0,36.0,0.0,0.0,0,0, , ,0,0,0,0, , , ,20190607, ,20220909
488,경기도 성남시 분당구 백현동 539-1번지,41135,11000,0,0539,0001,1089100061692, , , , ,주차장, , , , ,11, , , , ,2410.5,18.0,0.0,18.0,0.0,0.0,0,0, , ,0,0,0,0, , , ,20191210, ,20220909
489,경기도 성남시 분당구 백현동 539-1번지,41135,11000,0,0539,0001,1089100061130, , , , ,대,중심상업지역,비행안전제2구역(전술),UQQ300,지구단위계획구역,08,UQA210,UNE412, , ,9585.08,0.0,0.0,0.0,0.0,0.0,0,0, , ,0,0,0,0, , , ,20191101, ,20220909
490,경기도 성남시 분당구 백현동 539-1번지,41135,11000,0,0539,0001,1089100058665, , , , ,주차장,중심상업지역,비행안전제2구역(전술),UQQ300,지구단위계획구역,11,UQA210,UNE412, , ,13192.0,0.0,0.0,0.0,0.0,0.0,0,0, , ,0,0,0,0, , , ,20190610, ,20220909
491,경기도 성남시 분당구 백현동 539-1번지,41135,11000,0,0539,0001,1089100058627, , , , ,주차장,중심상업지역,비행안전제2구역(전술),UQQ300,지구단위계획구역,11,UQA210,UNE412, , ,13192.0,54.0,0.0,54.0,0.0,0.0,0,0, , ,0,0,0,0, , , ,20190607, ,20220909
492,경기도 성남시 분당구 백현동 539-1번지,41135,11000,0,0539,0001,1089100062657, , , , ,주차장,도시지역,비행안전제2구역(전술),UQQ300,지구단위계획구역,11,UQA001,UNE412, , ,13192.0,54.0,0.0,54.0,0.0,0.0,0,0, , ,0,0,0,0, , , ,20200219, ,20220909
493,경기도 성남시 분당구 백현동 540번지,41135,11000,0,0540,0000,1089100060570, , , , ,대,중심상업지역,비행안전제2구역(전술),UQQ300,지구단위계획구역,08,UQA210,UNE412, , ,7733.0,18.0,0.0,18.0,0.0,0.0,0,0, , ,0,0,0,0, , , ,20190926, ,20220909
494,경기도 성남시 분당구 백현동 540번지,41135,11000,0,0540,0000,1089100061551, , , , ,대,중심상업지역,비행안전제2구역(전술),UQQ300,지구단위계획구역,08,UQA210,UNE412, , ,7733.0,18.0,0.0,18.0,0.0,0.0,0,0, , ,0,0,0,0, , , ,20191129, ,20220909
495,경기도 성남시 분당구 백현동 540번지,41135,11000,0,0540,0000,1000000000000000596568,힐스테이트 판교역(7-1BL) 판매시설, , , ,대,중심상업지역, ,UQQ310,제1종지구단위계획구역,08,UQA210, ,0700,용도변경,10781.5,3843.3,35.65,24877.16,6175.47,57.28,1,0,07000,판매시설,0,394,0,0, , , ,20241008, ,20241008
496,경기도 성남시 분당구 백현동 540번지,41135,11000,0,0540,0000,1089100059648, , , , ,대, , , , ,08, , , , ,13192.0,18.0,0.0,18.0,0.0,0.0,0,0, , ,0,0,0,0, , , ,20190731, ,20220909
497,경기도 성남시 분당구 백현동 540번지,41135,11000,0,0540,0000,1089100062532, , , , ,대,도시지역,비행안전제2구역(전술),UQQ300,지구단위계획구역,08,UQA001,UNE412, , ,0.0,72.0,0.0,72.0,0.0,0.0,0,0, , ,0,0,0,0, , , ,20200211, ,20220909
498,경기도 성남시 분당구 백현동 540번지,41135,11000,0,0540,0000,1000000000000000354078,힐스테이트 판교역(7-1BL) 판매시설, , , ,대,중심상업지역, ,UQQ310,제1종지구단위계획구역,08,UQA210, ,0700,용도변경,10781.5,3843.3,35.65,24877.16,6175.47,57.28,1,0,07000,판매시설,0,394,0,0, , , ,20230811, ,20230812
499,경기도 성남시 분당구 백현동 540번지,41135,11000,0,0540,0000,1000000000000000292914,힐스테이트 판교역(7-1BL) 판매시설, , , ,대,중심상업지역, ,UQQ310,제1종지구단위계획구역,08,UQA210, ,0700,용도변경,10781.5,3843.3,35.65,24877.16,6175.47,57.27,1,0,07000,판매시설,0,394,0,0, , , ,20230512, ,20230512
500,경기도 성남시 분당구 백현동 540번지,41135,11000,0,0540,0000,1000000000000000871973,힐스테이트 판교역(7-1B), , , ,대,중심상업지역, ,UQQ310,제1종지구단위계획구역,08,UQA210, ,0700,용도변경,10781.5,7756.72,71.9447,122211.55,64655.84,599.6924,3,3,07000,판매시설,0,910,0,0, , , ,20260108, ,20260108
